ProductId,UTCstart,UTCend,CenterLat,CenterLon,MinLat,MaxLat,WestLon,EastLon,ExtURL,ProdURL,FilesURL,LabelURL
nac.m1416037515re,2022-08-25T03:30:48.49600,2022-08-25T03:31:41.57000,-1.0,158.951,-84.78,-83.66,144.91,171.03,https://data.lroc.im-ldi.com/lroc/view_lroc/LRO-L-LROC-2-EDR-V1.0/M1416037515RE,https://ode.rsl.wustl.edu/moon/indexproductpage.aspx?product_id=nac.m1416037515re&product_idGeo=28910774,https://ode.rsl.wustl.edu/moon/productfiles.aspx?product_id=nac.m1416037515re&product_idGeo=28910774,https://pds.lroc.im-ldi.com/data/LRO-L-LROC-2-EDR-V1.0/LROLRC_0052C/DATA/ESM4/2022237/NAC/M1416037515RE.xml
nac.m1411379400re,2022-07-02T05:35:33.84700,2022-07-02T05:36:26.92200,-1.0,166.9979,-84.58,-82.93,154.87,176.65,https://data.lroc.im-ldi.com/lroc/view_lroc/LRO-L-LROC-2-EDR-V1.0/M1411379400RE,https://ode.rsl.wustl.edu/moon/indexproductpage.aspx?product_id=nac.m1411379400re&product_idGeo=28954581,https://ode.rsl.wustl.edu/moon/productfiles.aspx?product_id=nac.m1411379400re&product_idGeo=28954581,https://pds.lroc.im-ldi.com/data/LRO-L-LROC-2-EDR-V1.0/LROLRC_0052A/DATA/ESM4/2022183/NAC/M1411379400RE.xml
nac.m1382935872re,2021-08-07T00:36:45.47300,2021-08-07T00:37:38.54700,-1.0,145.4499,-84.65,-83.19,134.9,158.35,https://data.lroc.im-ldi.com/lroc/view_lroc/LRO-L-LROC-2-EDR-V1.0/M1382935872RE,https://ode.rsl.wustl.edu/moon/indexproductpage.aspx?product_id=nac.m1382935872re&product_idGeo=29194431,https://ode.rsl.wustl.edu/moon/productfiles.aspx?product_id=nac.m1382935872re&product_idGeo=29194431,https://pds.lroc.im-ldi.com/data/LRO-L-LROC-2-EDR-V1.0/LROLRC_0048B/DATA/ESM4/2021219/NAC/M1382935872RE.xml
nac.m1382957012le,2021-08-07T06:29:05.46200,2021-08-07T06:29:58.53600,-1.0,153.2745,-84.72,-83.73,140.85,167.36,https://data.lroc.im-ldi.com/lroc/view_lroc/LRO-L-LROC-2-EDR-V1.0/M1382957012LE,https://ode.rsl.wustl.edu/moon/indexproductpage.aspx?product_id=nac.m1382957012le&product_idGeo=29195121,https://ode.rsl.wustl.edu/moon/productfiles.aspx?product_id=nac.m1382957012le&product_idGeo=29195121,https://pds.lroc.im-ldi.com/data/LRO-L-LROC-2-EDR-V1.0/LROLRC_0048B/DATA/ESM4/2021219/NAC/M1382957012LE.xml
nac.m1382957012re,2021-08-07T06:29:05.46200,2021-08-07T06:29:58.53600,-1.0,152.8393,-84.86,-83.85,140.2,167.28,https://data.lroc.im-ldi.com/lroc/view_lroc/LRO-L-LROC-2-EDR-V1.0/M1382957012RE,https://ode.rsl.wustl.edu/moon/indexproductpage.aspx?product_id=nac.m1382957012re&product_idGeo=29195125,https://ode.rsl.wustl.edu/moon/productfiles.aspx?product_id=nac.m1382957012re&product_idGeo=29195125,https://pds.lroc.im-ldi.com/data/LRO-L-LROC-2-EDR-V1.0/LROLRC_0048B/DATA/ESM4/2021219/NAC/M1382957012RE.xml
nac.m1382985183le,2021-08-07T14:18:36.32600,2021-08-07T14:19:29.40100,-1.0,155.7284,-84.7552,-84.06,142.23,170.34,https://data.lroc.im-ldi.com/lroc/view_lroc/LRO-L-LROC-2-EDR-V1.0/M1382985183LE,https://ode.rsl.wustl.edu/moon/indexproductpage.aspx?product_id=nac.m1382985183le&product_idGeo=29195798,https://ode.rsl.wustl.edu/moon/productfiles.aspx?product_id=nac.m1382985183le&product_idGeo=29195798,https://pds.lroc.im-ldi.com/data/LRO-L-LROC-2-EDR-V1.0/LROLRC_0048B/DATA/ESM4/2021219/NAC/M1382985183LE.xml
nac.m1382985183re,2021-08-07T14:18:36.32600,2021-08-07T14:19:29.40100,-1.0,155.461,-84.8957,-84.19,141.67,170.47,https://data.lroc.im-ldi.com/lroc/view_lroc/LRO-L-LROC-2-EDR-V1.0/M1382985183RE,https://ode.rsl.wustl.edu/moon/indexproductpage.aspx?product_id=nac.m1382985183re&product_idGeo=29195801,https://ode.rsl.wustl.edu/moon/productfiles.aspx?product_id=nac.m1382985183re&product_idGeo=29195801,https://pds.lroc.im-ldi.com/data/LRO-L-LROC-2-EDR-V1.0/LROLRC_0048B/DATA/ESM4/2021219/NAC/M1382985183RE.xml
nac.m1385618118le,2021-09-07T01:40:51.09100,2021-09-07T01:41:38.96200,-1.0,153.3469,-85.31,-84.01,140.08,164.26,https://data.lroc.im-ldi.com/lroc/view_lroc/LRO-L-LROC-2-EDR-V1.0/M1385618118LE,https://ode.rsl.wustl.edu/moon/indexproductpage.aspx?product_id=nac.m1385618118le&product_idGeo=29198777,https://ode.rsl.wustl.edu/moon/productfiles.aspx?product_id=nac.m1385618118le&product_idGeo=29198777,https://pds.lroc.im-ldi.com/data/LRO-L-LROC-2-EDR-V1.0/LROLRC_0048C/DATA/ESM4/2021250/NAC/M1385618118LE.xml
nac.m1385618118re,2021-09-07T01:40:51.09100,2021-09-07T01:41:38.96200,-1.0,154.2031,-85.45,-84.12,140.62,165.25,https://data.lroc.im-ldi.com/lroc/view_lroc/LRO-L-LROC-2-EDR-V1.0/M1385618118RE,https://ode.rsl.wustl.edu/moon/indexproductpage.aspx?product_id=nac.m1385618118re&product_idGeo=29198780,https://ode.rsl.wustl.edu/moon/productfiles.aspx?product_id=nac.m1385618118re&product_idGeo=29198780,https://pds.lroc.im-ldi.com/data/LRO-L-LROC-2-EDR-V1.0/LROLRC_0048C/DATA/ESM4/2021250/NAC/M1385618118RE.xml
nac.m1385667410re,2021-09-07T15:22:23.95800,2021-09-07T15:23:11.83000,-1.0,155.1989,-85.38,-83.76,142.92,164.7,https://data.lroc.im-ldi.com/lroc/view_lroc/LRO-L-LROC-2-EDR-V1.0/M1385667410RE,https://ode.rsl.wustl.edu/moon/indexproductpage.aspx?product_id=nac.m1385667410re&product_idGeo=29199996,https://ode.rsl.wustl.edu/moon/productfiles.aspx?product_id=nac.m1385667410re&product_idGeo=29199996,https://pds.lroc.im-ldi.com/data/LRO-L-LROC-2-EDR-V1.0/LROLRC_0048C/DATA/ESM4/2021250/NAC/M1385667410RE.xml
nac.m1378481557le,2021-06-16T11:18:10.68900,2021-06-16T11:19:03.76400,-1.0,160.2829,-85.08,-83.96,145.38,172.99,https://data.lroc.im-ldi.com/lroc/view_lroc/LRO-L-LROC-2-EDR-V1.0/M1378481557LE,https://ode.rsl.wustl.edu/moon/indexproductpage.aspx?product_id=nac.m1378481557le&product_idGeo=29251169,https://ode.rsl.wustl.edu/moon/productfiles.aspx?product_id=nac.m1378481557le&product_idGeo=29251169,https://pds.lroc.im-ldi.com/data/LRO-L-LROC-2-EDR-V1.0/LROLRC_0048A/DATA/ESM4/2021167/NAC/M1378481557LE.xml
nac.m1378481557re,2021-06-16T11:18:10.68900,2021-06-16T11:19:03.76400,-1.0,160.8693,-85.21,-84.08,145.61,173.78,https://data.lroc.im-ldi.com/lroc/view_lroc/LRO-L-LROC-2-EDR-V1.0/M1378481557RE,https://ode.rsl.wustl.edu/moon/indexproductpage.aspx?product_id=nac.m1378481557re&product_idGeo=29251173,https://ode.rsl.wustl.edu/moon/productfiles.aspx?product_id=nac.m1378481557re&product_idGeo=29251173,https://pds.lroc.im-ldi.com/data/LRO-L-LROC-2-EDR-V1.0/LROLRC_0048A/DATA/ESM4/2021167/NAC/M1378481557RE.xml
nac.m1378544868le,2021-06-17T04:53:21.24300,2021-06-17T04:54:14.31700,-1.0,145.2644,-85.39,-84.52,128.91,159.71,https://data.lroc.im-ldi.com/lroc/view_lroc/LRO-L-LROC-2-EDR-V1.0/M1378544868LE,https://ode.rsl.wustl.edu/moon/indexproductpage.aspx?product_id=nac.m1378544868le&product_idGeo=29253405,https://ode.rsl.wustl.edu/moon/productfiles.aspx?product_id=nac.m1378544868le&product_idGeo=29253405,https://pds.lroc.im-ldi.com/data/LRO-L-LROC-2-EDR-V1.0/LROLRC_0048A/DATA/ESM4/2021168/NAC/M1378544868LE.xml
nac.m1378544868re,2021-06-17T04:53:21.24300,2021-06-17T04:54:14.31700,-1.0,145.7767,-85.53,-84.63,128.96,160.51,https://data.lroc.im-ldi.com/lroc/view_lroc/LRO-L-LROC-2-EDR-V1.0/M1378544868RE,https://ode.rsl.wustl.edu/moon/indexproductpage.aspx?product_id=nac.m1378544868re&product_idGeo=29253408,https://ode.rsl.wustl.edu/moon/productfiles.aspx?product_id=nac.m1378544868re&product_idGeo=29253408,https://pds.lroc.im-ldi.com/data/LRO-L-LROC-2-EDR-V1.0/LROLRC_0048A/DATA/ESM4/2021168/NAC/M1378544868RE.xml
nac.m1388005872re,2021-10-04T16:56:45.29000,2021-10-04T16:57:38.36500,-1.0,166.171,-84.64,-82.54,155.98,173.74,https://data.lroc.im-ldi.com/lroc/view_lroc/LRO-L-LROC-2-EDR-V1.0/M1388005872RE,https://ode.rsl.wustl.edu/moon/indexproductpage.aspx?product_id=nac.m1388005872re&product_idGeo=29259213,https://ode.rsl.wustl.edu/moon/productfiles.aspx?product_id=nac.m1388005872re&product_idGeo=29259213,https://pds.lroc.im-ldi.com/data/LRO-L-LROC-2-EDR-V1.0/LROLRC_0049A/DATA/ESM4/2021277/NAC/M1388005872RE.xml
nac.m1371158062le,2021-03-23T16:59:55.61500,2021-03-23T17:00:48.68900,-1.0,156.7942,-84.96,-83.74,144.71,171.23,https://data.lroc.im-ldi.com/lroc/view_lroc/LRO-L-LROC-2-EDR-V1.0/M1371158062LE,https://ode.rsl.wustl.edu/moon/indexproductpage.aspx?product_id=nac.m1371158062le&product_idGeo=29297047,https://ode.rsl.wustl.edu/moon/productfiles.aspx?product_id=nac.m1371158062le&product_idGeo=29297047,https://pds.lroc.im-ldi.com/data/LRO-L-LROC-2-EDR-V1.0/LROLRC_0047A/DATA/ESM4/2021082/NAC/M1371158062LE.xml
nac.m1371256446le,2021-03-24T20:19:40.01700,2021-03-24T20:20:33.09200,-1.0,144.8303,-85.03,-83.94,132.06,159.79,https://data.lroc.im-ldi.com/lroc/view_lroc/LRO-L-LROC-2-EDR-V1.0/M1371256446LE,https://ode.rsl.wustl.edu/moon/indexproductpage.aspx?product_id=nac.m1371256446le&product_idGeo=29300803,https://ode.rsl.wustl.edu/moon/productfiles.aspx?product_id=nac.m1371256446le&product_idGeo=29300803,https://pds.lroc.im-ldi.com/data/LRO-L-LROC-2-EDR-V1.0/LROLRC_0047A/DATA/ESM4/2021083/NAC/M1371256446LE.xml
nac.m1371256446re,2021-03-24T20:19:40.01700,2021-03-24T20:20:33.09200,-1.0,145.2604,-84.91,-83.84,132.68,159.9,https://data.lroc.im-ldi.com/lroc/view_lroc/LRO-L-LROC-2-EDR-V1.0/M1371256446RE,https://ode.rsl.wustl.edu/moon/indexproductpage.aspx?product_id=nac.m1371256446re&product_idGeo=29300807,https://ode.rsl.wustl.edu/moon/productfiles.aspx?product_id=nac.m1371256446re&product_idGeo=29300807,https://pds.lroc.im-ldi.com/data/LRO-L-LROC-2-EDR-V1.0/LROLRC_0047A/DATA/ESM4/2021083/NAC/M1371256446RE.xml
nac.m1371270547le,2021-03-25T00:14:40.76400,2021-03-25T00:15:33.83900,-1.0,169.7107,-85.0885,-84.62,153.75,184.98,https://data.lroc.im-ldi.com/lroc/view_lroc/LRO-L-LROC-2-EDR-V1.0/M1371270547LE,https://ode.rsl.wustl.edu/moon/indexproductpage.aspx?product_id=nac.m1371270547le&product_idGeo=29301876,https://ode.rsl.wustl.edu/moon/productfiles.aspx?product_id=nac.m1371270547le&product_idGeo=29301876,https://pds.lroc.im-ldi.com/data/LRO-L-LROC-2-EDR-V1.0/LROLRC_0047A/DATA/ESM4/2021084/NAC/M1371270547LE.xml
nac.m1371270547re,2021-03-25T00:14:40.76400,2021-03-25T00:15:33.83900,-1.0,169.5347,-84.9677,-84.51,153.96,184.47,https://data.lroc.im-ldi.com/lroc/view_lroc/LRO-L-LROC-2-EDR-V1.0/M1371270547RE,https://ode.rsl.wustl.edu/moon/indexproductpage.aspx?product_id=nac.m1371270547re&product_idGeo=29301879,https://ode.rsl.wustl.edu/moon/productfiles.aspx?product_id=nac.m1371270547re&product_idGeo=29301879,https://pds.lroc.im-ldi.com/data/LRO-L-LROC-2-EDR-V1.0/LROLRC_0047A/DATA/ESM4/2021084/NAC/M1371270547RE.xml
nac.m1371319729le,2021-03-25T13:54:22.25500,2021-03-25T13:55:15.32900,-1.0,158.9902,-85.1775,-84.8,142.88,174.8,https://data.lroc.im-ldi.com/lroc/view_lroc/LRO-L-LROC-2-EDR-V1.0/M1371319729LE,https://ode.rsl.wustl.edu/moon/indexproductpage.aspx?product_id=nac.m1371319729le&product_idGeo=29303421,https://ode.rsl.wustl.edu/moon/productfiles.aspx?product_id=nac.m1371319729le&product_idGeo=29303421,https://pds.lroc.im-ldi.com/data/LRO-L-LROC-2-EDR-V1.0/LROLRC_0047A/DATA/ESM4/2021084/NAC/M1371319729LE.xml
nac.m1371319729re,2021-03-25T13:54:22.25500,2021-03-25T13:55:15.32900,-1.0,158.8999,-85.0527,-84.68,143.18,174.32,https://data.lroc.im-ldi.com/lroc/view_lroc/LRO-L-LROC-2-EDR-V1.0/M1371319729RE,https://ode.rsl.wustl.edu/moon/indexproductpage.aspx?product_id=nac.m1371319729re&product_idGeo=29303422,https://ode.rsl.wustl.edu/moon/productfiles.aspx?product_id=nac.m1371319729re&product_idGeo=29303422,https://pds.lroc.im-ldi.com/data/LRO-L-LROC-2-EDR-V1.0/LROLRC_0047A/DATA/ESM4/2021084/NAC/M1371319729RE.xml
nac.m1380641582le,2021-07-11T11:18:35.89300,2021-07-11T11:19:06.07300,-1.0,150.951,-84.73,-84.17,143.18,159.14,https://data.lroc.im-ldi.com/lroc/view_lroc/LRO-L-LROC-2-EDR-V1.0/M1380641582LE,https://ode.rsl.wustl.edu/moon/indexproductpage.aspx?product_id=nac.m1380641582le&product_idGeo=29317012,https://ode.rsl.wustl.edu/moon/productfiles.aspx?product_id=nac.m1380641582le&product_idGeo=29317012,https://pds.lroc.im-ldi.com/data/LRO-L-LROC-2-EDR-V1.0/LROLRC_0048A/DATA/ESM4/2021192/NAC/M1380641582LE.xml
nac.m1380641582re,2021-07-11T11:18:35.89300,2021-07-11T11:19:06.07300,-1.0,150.5903,-84.87,-84.3,142.66,158.98,https://data.lroc.im-ldi.com/lroc/view_lroc/LRO-L-LROC-2-EDR-V1.0/M1380641582RE,https://ode.rsl.wustl.edu/moon/indexproductpage.aspx?product_id=nac.m1380641582re&product_idGeo=29317015,https://ode.rsl.wustl.edu/moon/productfiles.aspx?product_id=nac.m1380641582re&product_idGeo=29317015,https://pds.lroc.im-ldi.com/data/LRO-L-LROC-2-EDR-V1.0/LROLRC_0048A/DATA/ESM4/2021192/NAC/M1380641582RE.xml
nac.m1380676781le,2021-07-11T21:05:14.34500,2021-07-11T21:05:43.48400,-1.0,149.5128,-84.85,-84.4,141.61,157.67,https://data.lroc.im-ldi.com/lroc/view_lroc/LRO-L-LROC-2-EDR-V1.0/M1380676781LE,https://ode.rsl.wustl.edu/moon/indexproductpage.aspx?product_id=nac.m1380676781le&product_idGeo=29317786,https://ode.rsl.wustl.edu/moon/productfiles.aspx?product_id=nac.m1380676781le&product_idGeo=29317786,https://pds.lroc.im-ldi.com/data/LRO-L-LROC-2-EDR-V1.0/LROLRC_0048A/DATA/ESM4/2021192/NAC/M1380676781LE.xml
nac.m1380676781re,2021-07-11T21:05:14.34500,2021-07-11T21:05:43.48400,-1.0,149.2334,-84.98,-84.53,141.15,157.6,https://data.lroc.im-ldi.com/lroc/view_lroc/LRO-L-LROC-2-EDR-V1.0/M1380676781RE,https://ode.rsl.wustl.edu/moon/indexproductpage.aspx?product_id=nac.m1380676781re&product_idGeo=29317788,https://ode.rsl.wustl.edu/moon/productfiles.aspx?product_id=nac.m1380676781re&product_idGeo=29317788,https://pds.lroc.im-ldi.com/data/LRO-L-LROC-2-EDR-V1.0/LROLRC_0048A/DATA/ESM4/2021192/NAC/M1380676781RE.xml
nac.m1375871880re,2021-05-17T06:23:33.19700,2021-05-17T06:24:26.27200,-1.0,163.3637,-84.98,-84.16,149.73,178.52,https://data.lroc.im-ldi.com/lroc/view_lroc/LRO-L-LROC-2-EDR-V1.0/M1375871880RE,https://ode.rsl.wustl.edu/moon/indexproductpage.aspx?product_id=nac.m1375871880re&product_idGeo=29318336,https://ode.rsl.wustl.edu/moon/productfiles.aspx?product_id=nac.m1375871880re&product_idGeo=29318336,https://pds.lroc.im-ldi.com/data/LRO-L-LROC-2-EDR-V1.0/LROLRC_0047C/DATA/ESM4/2021137/NAC/M1375871880RE.xml
nac.m1375892958le,2021-05-17T12:14:51.34200,2021-05-17T12:15:44.41700,-1.0,149.1193,-84.71,-83.41,137.82,162.65,https://data.lroc.im-ldi.com/lroc/view_lroc/LRO-L-LROC-2-EDR-V1.0/M1375892958LE,https://ode.rsl.wustl.edu/moon/indexproductpage.aspx?product_id=nac.m1375892958le&product_idGeo=29318670,https://ode.rsl.wustl.edu/moon/productfiles.aspx?product_id=nac.m1375892958le&product_idGeo=29318670,https://pds.lroc.im-ldi.com/data/LRO-L-LROC-2-EDR-V1.0/LROLRC_0047C/DATA/ESM4/2021137/NAC/M1375892958LE.xml
nac.m1375892958re,2021-05-17T12:14:51.34200,2021-05-17T12:15:44.41700,-1.0,148.5812,-84.83,-83.51,137.15,162.38,https://data.lroc.im-ldi.com/lroc/view_lroc/LRO-L-LROC-2-EDR-V1.0/M1375892958RE,https://ode.rsl.wustl.edu/moon/indexproductpage.aspx?product_id=nac.m1375892958re&product_idGeo=29318675,https://ode.rsl.wustl.edu/moon/productfiles.aspx?product_id=nac.m1375892958re&product_idGeo=29318675,https://pds.lroc.im-ldi.com/data/LRO-L-LROC-2-EDR-V1.0/LROLRC_0047C/DATA/ESM4/2021137/NAC/M1375892958RE.xml
nac.m1375914084le,2021-05-17T18:06:57.31400,2021-05-17T18:07:50.38800,-1.0,158.1059,-84.8306,-84.06,144.63,172.91,https://data.lroc.im-ldi.com/lroc/view_lroc/LRO-L-LROC-2-EDR-V1.0/M1375914084LE,https://ode.rsl.wustl.edu/moon/indexproductpage.aspx?product_id=nac.m1375914084le&product_idGeo=29319365,https://ode.rsl.wustl.edu/moon/productfiles.aspx?product_id=nac.m1375914084le&product_idGeo=29319365,https://pds.lroc.im-ldi.com/data/LRO-L-LROC-2-EDR-V1.0/LROLRC_0047C/DATA/ESM4/2021137/NAC/M1375914084LE.xml
nac.m1375914084re,2021-05-17T18:06:57.31400,2021-05-17T18:07:50.38800,-1.0,157.8003,-84.9607,-84.18,144.07,172.99,https://data.lroc.im-ldi.com/lroc/view_lroc/LRO-L-LROC-2-EDR-V1.0/M1375914084RE,https://ode.rsl.wustl.edu/moon/indexproductpage.aspx?product_id=nac.m1375914084re&product_idGeo=29319368,https://ode.rsl.wustl.edu/moon/productfiles.aspx?product_id=nac.m1375914084re&product_idGeo=29319368,https://pds.lroc.im-ldi.com/data/LRO-L-LROC-2-EDR-V1.0/LROLRC_0047C/DATA/ESM4/2021137/NAC/M1375914084RE.xml
nac.m1375935206le,2021-05-17T23:58:59.31900,2021-05-17T23:59:52.39300,-1.0,165.755,-84.8363,-84.45,150.99,180.81,https://data.lroc.im-ldi.com/lroc/view_lroc/LRO-L-LROC-2-EDR-V1.0/M1375935206LE,https://ode.rsl.wustl.edu/moon/indexproductpage.aspx?product_id=nac.m1375935206le&product_idGeo=29320093,https://ode.rsl.wustl.edu/moon/productfiles.aspx?product_id=nac.m1375935206le&product_idGeo=29320093,https://pds.lroc.im-ldi.com/data/LRO-L-LROC-2-EDR-V1.0/LROLRC_0047C/DATA/ESM4/2021137/NAC/M1375935206LE.xml
nac.m1375935206re,2021-05-17T23:58:59.31900,2021-05-17T23:59:52.39300,-1.0,165.7132,-84.9608,-84.57,150.61,181.16,https://data.lroc.im-ldi.com/lroc/view_lroc/LRO-L-LROC-2-EDR-V1.0/M1375935206RE,https://ode.rsl.wustl.edu/moon/indexproductpage.aspx?product_id=nac.m1375935206re&product_idGeo=29320095,https://ode.rsl.wustl.edu/moon/productfiles.aspx?product_id=nac.m1375935206re&product_idGeo=29320095,https://pds.lroc.im-ldi.com/data/LRO-L-LROC-2-EDR-V1.0/LROLRC_0047C/DATA/ESM4/2021137/NAC/M1375935206RE.xml
nac.m1380775338le,2021-07-13T00:27:51.62000,2021-07-13T00:28:44.69500,-1.0,158.7619,-84.9875,-84.29,143.51,172.78,https://data.lroc.im-ldi.com/lroc/view_lroc/LRO-L-LROC-2-EDR-V1.0/M1380775338LE,https://ode.rsl.wustl.edu/moon/indexproductpage.aspx?product_id=nac.m1380775338le&product_idGeo=29320493,https://ode.rsl.wustl.edu/moon/productfiles.aspx?product_id=nac.m1380775338le&product_idGeo=29320493,https://pds.lroc.im-ldi.com/data/LRO-L-LROC-2-EDR-V1.0/LROLRC_0048A/DATA/ESM4/2021194/NAC/M1380775338LE.xml
nac.m1380775338re,2021-07-13T00:27:51.62000,2021-07-13T00:28:44.69500,-1.0,159.1489,-85.1282,-84.41,143.47,173.49,https://data.lroc.im-ldi.com/lroc/view_lroc/LRO-L-LROC-2-EDR-V1.0/M1380775338RE,https://ode.rsl.wustl.edu/moon/indexproductpage.aspx?product_id=nac.m1380775338re&product_idGeo=29320495,https://ode.rsl.wustl.edu/moon/productfiles.aspx?product_id=nac.m1380775338re&product_idGeo=29320495,https://pds.lroc.im-ldi.com/data/LRO-L-LROC-2-EDR-V1.0/LROLRC_0048A/DATA/ESM4/2021194/NAC/M1380775338RE.xml
nac.m1375949258le,2021-05-18T03:53:11.40900,2021-05-18T03:54:04.48300,-1.0,154.5756,-84.8571,-84.17,140.75,169.6,https://data.lroc.im-ldi.com/lroc/view_lroc/LRO-L-LROC-2-EDR-V1.0/M1375949258LE,https://ode.rsl.wustl.edu/moon/indexproductpage.aspx?product_id=nac.m1375949258le&product_idGeo=29320938,https://ode.rsl.wustl.edu/moon/productfiles.aspx?product_id=nac.m1375949258le&product_idGeo=29320938,https://pds.lroc.im-ldi.com/data/LRO-L-LROC-2-EDR-V1.0/LROLRC_0047C/DATA/ESM4/2021138/NAC/M1375949258LE.xml
nac.m1375949258re,2021-05-18T03:53:11.40900,2021-05-18T03:54:04.48300,-1.0,154.3128,-84.9876,-84.29,140.21,169.72,https://data.lroc.im-ldi.com/lroc/view_lroc/LRO-L-LROC-2-EDR-V1.0/M1375949258RE,https://ode.rsl.wustl.edu/moon/indexproductpage.aspx?product_id=nac.m1375949258re&product_idGeo=29320939,https://ode.rsl.wustl.edu/moon/productfiles.aspx?product_id=nac.m1375949258re&product_idGeo=29320939,https://pds.lroc.im-ldi.com/data/LRO-L-LROC-2-EDR-V1.0/LROLRC_0047C/DATA/ESM4/2021138/NAC/M1375949258RE.xml
nac.m1375956277le,2021-05-18T05:50:10.79100,2021-05-18T05:51:03.86500,-1.0,145.7527,-84.85,-83.82,133.16,160.25,https://data.lroc.im-ldi.com/lroc/view_lroc/LRO-L-LROC-2-EDR-V1.0/M1375956277LE,https://ode.rsl.wustl.edu/moon/indexproductpage.aspx?product_id=nac.m1375956277le&product_idGeo=29321114,https://ode.rsl.wustl.edu/moon/productfiles.aspx?product_id=nac.m1375956277le&product_idGeo=29321114,https://pds.lroc.im-ldi.com/data/LRO-L-LROC-2-EDR-V1.0/LROLRC_0047C/DATA/ESM4/2021138/NAC/M1375956277LE.xml
nac.m1375956277re,2021-05-18T05:50:10.79100,2021-05-18T05:51:03.86500,-1.0,145.3464,-84.98,-83.94,132.53,160.16,https://data.lroc.im-ldi.com/lroc/view_lroc/LRO-L-LROC-2-EDR-V1.0/M1375956277RE,https://ode.rsl.wustl.edu/moon/indexproductpage.aspx?product_id=nac.m1375956277re&product_idGeo=29321117,https://ode.rsl.wustl.edu/moon/productfiles.aspx?product_id=nac.m1375956277re&product_idGeo=29321117,https://pds.lroc.im-ldi.com/data/LRO-L-LROC-2-EDR-V1.0/LROLRC_0047C/DATA/ESM4/2021138/NAC/M1375956277RE.xml
nac.m1375963356le,2021-05-18T07:48:09.95800,2021-05-18T07:49:03.03300,-1.0,169.8927,-84.884,-84.43,154.62,184.55,https://data.lroc.im-ldi.com/lroc/view_lroc/LRO-L-LROC-2-EDR-V1.0/M1375963356LE,https://ode.rsl.wustl.edu/moon/indexproductpage.aspx?product_id=nac.m1375963356le&product_idGeo=29321295,https://ode.rsl.wustl.edu/moon/productfiles.aspx?product_id=nac.m1375963356le&product_idGeo=29321295,https://pds.lroc.im-ldi.com/data/LRO-L-LROC-2-EDR-V1.0/LROLRC_0047C/DATA/ESM4/2021138/NAC/M1375963356LE.xml
nac.m1375963356re,2021-05-18T07:48:09.95800,2021-05-18T07:49:03.03300,-1.0,170.0766,-85.0147,-84.55,154.41,185.07,https://data.lroc.im-ldi.com/lroc/view_lroc/LRO-L-LROC-2-EDR-V1.0/M1375963356RE,https://ode.rsl.wustl.edu/moon/indexproductpage.aspx?product_id=nac.m1375963356re&product_idGeo=29321298,https://ode.rsl.wustl.edu/moon/productfiles.aspx?product_id=nac.m1375963356re&product_idGeo=29321298,https://pds.lroc.im-ldi.com/data/LRO-L-LROC-2-EDR-V1.0/LROLRC_0047C/DATA/ESM4/2021138/NAC/M1375963356RE.xml
nac.m1380810549le,2021-07-13T10:14:42.33700,2021-07-13T10:15:35.41100,-1.0,165.0381,-84.97,-83.77,150.69,177.16,https://data.lroc.im-ldi.com/lroc/view_lroc/LRO-L-LROC-2-EDR-V1.0/M1380810549LE,https://ode.rsl.wustl.edu/moon/indexproductpage.aspx?product_id=nac.m1380810549le&product_idGeo=29321436,https://ode.rsl.wustl.edu/moon/productfiles.aspx?product_id=nac.m1380810549le&product_idGeo=29321436,https://pds.lroc.im-ldi.com/data/LRO-L-LROC-2-EDR-V1.0/LROLRC_0048A/DATA/ESM4/2021194/NAC/M1380810549LE.xml
nac.m1380810549re,2021-07-13T10:14:42.33700,2021-07-13T10:15:35.41100,-1.0,165.6738,-85.1,-83.88,150.99,177.99,https://data.lroc.im-ldi.com/lroc/view_lroc/LRO-L-LROC-2-EDR-V1.0/M1380810549RE,https://ode.rsl.wustl.edu/moon/indexproductpage.aspx?product_id=nac.m1380810549re&product_idGeo=29321439,https://ode.rsl.wustl.edu/moon/productfiles.aspx?product_id=nac.m1380810549re&product_idGeo=29321439,https://pds.lroc.im-ldi.com/data/LRO-L-LROC-2-EDR-V1.0/LROLRC_0048A/DATA/ESM4/2021194/NAC/M1380810549RE.xml
nac.m1375977395le,2021-05-18T11:42:08.81300,2021-05-18T11:43:01.88800,-1.0,151.4321,-84.9157,-84.27,137.32,166.68,https://data.lroc.im-ldi.com/lroc/view_lroc/LRO-L-LROC-2-EDR-V1.0/M1375977395LE,https://ode.rsl.wustl.edu/moon/indexproductpage.aspx?product_id=nac.m1375977395le&product_idGeo=29321618,https://ode.rsl.wustl.edu/moon/productfiles.aspx?product_id=nac.m1375977395le&product_idGeo=29321618,https://pds.lroc.im-ldi.com/data/LRO-L-LROC-2-EDR-V1.0/LROLRC_0047C/DATA/ESM4/2021138/NAC/M1375977395LE.xml
nac.m1375977395re,2021-05-18T11:42:08.81300,2021-05-18T11:43:01.88800,-1.0,151.2008,-85.0451,-84.39,136.79,166.85,https://data.lroc.im-ldi.com/lroc/view_lroc/LRO-L-LROC-2-EDR-V1.0/M1375977395RE,https://ode.rsl.wustl.edu/moon/indexproductpage.aspx?product_id=nac.m1375977395re&product_idGeo=29321622,https://ode.rsl.wustl.edu/moon/productfiles.aspx?product_id=nac.m1375977395re&product_idGeo=29321622,https://pds.lroc.im-ldi.com/data/LRO-L-LROC-2-EDR-V1.0/LROLRC_0047C/DATA/ESM4/2021138/NAC/M1375977395RE.xml
nac.m1380845749le,2021-07-13T20:01:22.48400,2021-07-13T20:02:15.55900,-1.0,165.3627,-84.95,-83.51,151.65,176.5,https://data.lroc.im-ldi.com/lroc/view_lroc/LRO-L-LROC-2-EDR-V1.0/M1380845749LE,https://ode.rsl.wustl.edu/moon/indexproductpage.aspx?product_id=nac.m1380845749le&product_idGeo=29322074,https://ode.rsl.wustl.edu/moon/productfiles.aspx?product_id=nac.m1380845749le&product_idGeo=29322074,https://pds.lroc.im-ldi.com/data/LRO-L-LROC-2-EDR-V1.0/LROLRC_0048A/DATA/ESM4/2021194/NAC/M1380845749LE.xml
nac.m1380845749re,2021-07-13T20:01:22.48400,2021-07-13T20:02:15.55900,-1.0,166.1009,-85.08,-83.62,152.11,177.36,https://data.lroc.im-ldi.com/lroc/view_lroc/LRO-L-LROC-2-EDR-V1.0/M1380845749RE,https://ode.rsl.wustl.edu/moon/indexproductpage.aspx?product_id=nac.m1380845749re&product_idGeo=29322076,https://ode.rsl.wustl.edu/moon/productfiles.aspx?product_id=nac.m1380845749re&product_idGeo=29322076,https://pds.lroc.im-ldi.com/data/LRO-L-LROC-2-EDR-V1.0/LROLRC_0048A/DATA/ESM4/2021194/NAC/M1380845749RE.xml
nac.m1376026622le,2021-05-19T01:22:35.45100,2021-05-19T01:23:28.52600,-1.0,139.5043,-84.99,-84.17,125.87,154.65,https://data.lroc.im-ldi.com/lroc/view_lroc/LRO-L-LROC-2-EDR-V1.0/M1376026622LE,https://ode.rsl.wustl.edu/moon/indexproductpage.aspx?product_id=nac.m1376026622le&product_idGeo=29323746,https://ode.rsl.wustl.edu/moon/productfiles.aspx?product_id=nac.m1376026622le&product_idGeo=29323746,https://pds.lroc.im-ldi.com/data/LRO-L-LROC-2-EDR-V1.0/LROLRC_0047C/DATA/ESM4/2021139/NAC/M1376026622LE.xml
nac.m1376026622re,2021-05-19T01:22:35.45100,2021-05-19T01:23:28.52600,-1.0,139.1487,-85.13,-84.29,125.25,154.69,https://data.lroc.im-ldi.com/lroc/view_lroc/LRO-L-LROC-2-EDR-V1.0/M1376026622RE,https://ode.rsl.wustl.edu/moon/indexproductpage.aspx?product_id=nac.m1376026622re&product_idGeo=29323752,https://ode.rsl.wustl.edu/moon/productfiles.aspx?product_id=nac.m1376026622re&product_idGeo=29323752,https://pds.lroc.im-ldi.com/data/LRO-L-LROC-2-EDR-V1.0/LROLRC_0047C/DATA/ESM4/2021139/NAC/M1376026622RE.xml
nac.m1380894994le,2021-07-14T09:42:07.57700,2021-07-14T09:43:00.65100,-1.0,150.6262,-85.35,-84.22,134.95,163.87,https://data.lroc.im-ldi.com/lroc/view_lroc/LRO-L-LROC-2-EDR-V1.0/M1380894994LE,https://ode.rsl.wustl.edu/moon/indexproductpage.aspx?product_id=nac.m1380894994le&product_idGeo=29323771,https://ode.rsl.wustl.edu/moon/productfiles.aspx?product_id=nac.m1380894994le&product_idGeo=29323771,https://pds.lroc.im-ldi.com/data/LRO-L-LROC-2-EDR-V1.0/LROLRC_0048A/DATA/ESM4/2021195/NAC/M1380894994LE.xml
nac.m1380894994re,2021-07-14T09:42:07.57700,2021-07-14T09:43:00.65100,-1.0,151.2865,-85.49,-84.33,135.19,164.75,https://data.lroc.im-ldi.com/lroc/view_lroc/LRO-L-LROC-2-EDR-V1.0/M1380894994RE,https://ode.rsl.wustl.edu/moon/indexproductpage.aspx?product_id=nac.m1380894994re&product_idGeo=29323773,https://ode.rsl.wustl.edu/moon/productfiles.aspx?product_id=nac.m1380894994re&product_idGeo=29323773,https://pds.lroc.im-ldi.com/data/LRO-L-LROC-2-EDR-V1.0/LROLRC_0048A/DATA/ESM4/2021195/NAC/M1380894994RE.xml
nac.m1376054763le,2021-05-19T09:11:36.14400,2021-05-19T09:12:29.21800,-1.0,139.5992,-85.027,-84.38,125.24,155.12,https://data.lroc.im-ldi.com/lroc/view_lroc/LRO-L-LROC-2-EDR-V1.0/M1376054763LE,https://ode.rsl.wustl.edu/moon/indexproductpage.aspx?product_id=nac.m1376054763le&product_idGeo=29324455,https://ode.rsl.wustl.edu/moon/productfiles.aspx?product_id=nac.m1376054763le&product_idGeo=29324455,https://pds.lroc.im-ldi.com/data/LRO-L-LROC-2-EDR-V1.0/LROLRC_0047C/DATA/ESM4/2021139/NAC/M1376054763LE.xml
nac.m1376054763re,2021-05-19T09:11:36.14400,2021-05-19T09:12:29.21800,-1.0,139.3385,-85.1665,-84.5,124.67,155.3,https://data.lroc.im-ldi.com/lroc/view_lroc/LRO-L-LROC-2-EDR-V1.0/M1376054763RE,https://ode.rsl.wustl.edu/moon/indexproductpage.aspx?product_id=nac.m1376054763re&product_idGeo=29324460,https://ode.rsl.wustl.edu/moon/productfiles.aspx?product_id=nac.m1376054763re&product_idGeo=29324460,https://pds.lroc.im-ldi.com/data/LRO-L-LROC-2-EDR-V1.0/LROLRC_0047C/DATA/ESM4/2021139/NAC/M1376054763RE.xml
nac.m1380951321le,2021-07-15T01:20:54.82900,2021-07-15T01:21:47.90300,-1.0,160.2764,-85.1,-83.25,147.76,169.73,https://data.lroc.im-ldi.com/lroc/view_lroc/LRO-L-LROC-2-EDR-V1.0/M1380951321LE,https://ode.rsl.wustl.edu/moon/indexproductpage.aspx?product_id=nac.m1380951321le&product_idGeo=29325697,https://ode.rsl.wustl.edu/moon/productfiles.aspx?product_id=nac.m1380951321le&product_idGeo=29325697,https://pds.lroc.im-ldi.com/data/LRO-L-LROC-2-EDR-V1.0/LROLRC_0048A/DATA/ESM4/2021196/NAC/M1380951321LE.xml
nac.m1380951321re,2021-07-15T01:20:54.82900,2021-07-15T01:21:47.90300,-1.0,161.2456,-85.22,-83.34,148.56,170.71,https://data.lroc.im-ldi.com/lroc/view_lroc/LRO-L-LROC-2-EDR-V1.0/M1380951321RE,https://ode.rsl.wustl.edu/moon/indexproductpage.aspx?product_id=nac.m1380951321re&product_idGeo=29325699,https://ode.rsl.wustl.edu/moon/productfiles.aspx?product_id=nac.m1380951321re&product_idGeo=29325699,https://pds.lroc.im-ldi.com/data/LRO-L-LROC-2-EDR-V1.0/LROLRC_0048A/DATA/ESM4/2021196/NAC/M1380951321RE.xml
nac.m1376104009le,2021-05-19T22:52:22.22800,2021-05-19T22:53:15.30200,-1.0,139.2444,-85.0776,-84.66,123.92,155.0,https://data.lroc.im-ldi.com/lroc/view_lroc/LRO-L-LROC-2-EDR-V1.0/M1376104009LE,https://ode.rsl.wustl.edu/moon/indexproductpage.aspx?product_id=nac.m1376104009le&product_idGeo=29325944,https://ode.rsl.wustl.edu/moon/productfiles.aspx?product_id=nac.m1376104009le&product_idGeo=29325944,https://pds.lroc.im-ldi.com/data/LRO-L-LROC-2-EDR-V1.0/LROLRC_0047C/DATA/ESM4/2021139/NAC/M1376104009LE.xml
nac.m1376104009re,2021-05-19T22:52:22.22800,2021-05-19T22:53:15.30200,-1.0,139.1861,-85.2123,-84.79,123.47,155.37,https://data.lroc.im-ldi.com/lroc/view_lroc/LRO-L-LROC-2-EDR-V1.0/M1376104009RE,https://ode.rsl.wustl.edu/moon/indexproductpage.aspx?product_id=nac.m1376104009re&product_idGeo=29325947,https://ode.rsl.wustl.edu/moon/productfiles.aspx?product_id=nac.m1376104009re&product_idGeo=29325947,https://pds.lroc.im-ldi.com/data/LRO-L-LROC-2-EDR-V1.0/LROLRC_0047C/DATA/ESM4/2021139/NAC/M1376104009RE.xml
nac.m1380972432le,2021-07-15T07:12:46.04600,2021-07-15T07:13:39.12100,-1.0,158.9884,-85.09,-83.17,146.8,168.09,https://data.lroc.im-ldi.com/lroc/view_lroc/LRO-L-LROC-2-EDR-V1.0/M1380972432LE,https://ode.rsl.wustl.edu/moon/indexproductpage.aspx?product_id=nac.m1380972432le&product_idGeo=29326342,https://ode.rsl.wustl.edu/moon/productfiles.aspx?product_id=nac.m1380972432le&product_idGeo=29326342,https://pds.lroc.im-ldi.com/data/LRO-L-LROC-2-EDR-V1.0/LROLRC_0048A/DATA/ESM4/2021196/NAC/M1380972432LE.xml
nac.m1380972432re,2021-07-15T07:12:46.04600,2021-07-15T07:13:39.12100,-1.0,159.9745,-85.2,-83.26,147.65,169.07,https://data.lroc.im-ldi.com/lroc/view_lroc/LRO-L-LROC-2-EDR-V1.0/M1380972432RE,https://ode.rsl.wustl.edu/moon/indexproductpage.aspx?product_id=nac.m1380972432re&product_idGeo=29326349,https://ode.rsl.wustl.edu/moon/productfiles.aspx?product_id=nac.m1380972432re&product_idGeo=29326349,https://pds.lroc.im-ldi.com/data/LRO-L-LROC-2-EDR-V1.0/LROLRC_0048A/DATA/ESM4/2021196/NAC/M1380972432RE.xml
nac.m1373539235le,2021-04-20T06:26:08.91300,2021-04-20T06:27:01.98800,-1.0,167.5608,-85.0186,-84.46,152.84,183.24,https://data.lroc.im-ldi.com/lroc/view_lroc/LRO-L-LROC-2-EDR-V1.0/M1373539235LE,https://ode.rsl.wustl.edu/moon/indexproductpage.aspx?product_id=nac.m1373539235le&product_idGeo=29326655,https://ode.rsl.wustl.edu/moon/productfiles.aspx?product_id=nac.m1373539235le&product_idGeo=29326655,https://pds.lroc.im-ldi.com/data/LRO-L-LROC-2-EDR-V1.0/LROLRC_0047B/DATA/ESM4/2021110/NAC/M1373539235LE.xml
nac.m1373539235re,2021-04-20T06:26:08.91300,2021-04-20T06:27:01.98800,-1.0,167.7214,-84.8977,-84.35,153.32,183.03,https://data.lroc.im-ldi.com/lroc/view_lroc/LRO-L-LROC-2-EDR-V1.0/M1373539235RE,https://ode.rsl.wustl.edu/moon/indexproductpage.aspx?product_id=nac.m1373539235re&product_idGeo=29326657,https://ode.rsl.wustl.edu/moon/productfiles.aspx?product_id=nac.m1373539235re&product_idGeo=29326657,https://pds.lroc.im-ldi.com/data/LRO-L-LROC-2-EDR-V1.0/LROLRC_0047B/DATA/ESM4/2021110/NAC/M1373539235RE.xml
nac.m1376118106le,2021-05-20T02:47:19.54500,2021-05-20T02:48:12.62000,-1.0,154.7647,-85.1024,-84.33,139.14,168.89,https://data.lroc.im-ldi.com/lroc/view_lroc/LRO-L-LROC-2-EDR-V1.0/M1376118106LE,https://ode.rsl.wustl.edu/moon/indexproductpage.aspx?product_id=nac.m1376118106le&product_idGeo=29327077,https://ode.rsl.wustl.edu/moon/productfiles.aspx?product_id=nac.m1376118106le&product_idGeo=29327077,https://pds.lroc.im-ldi.com/data/LRO-L-LROC-2-EDR-V1.0/LROLRC_0047C/DATA/ESM4/2021140/NAC/M1376118106LE.xml
nac.m1376118106re,2021-05-20T02:47:19.54500,2021-05-20T02:48:12.62000,-1.0,155.1812,-85.2323,-84.45,139.14,169.58,https://data.lroc.im-ldi.com/lroc/view_lroc/LRO-L-LROC-2-EDR-V1.0/M1376118106RE,https://ode.rsl.wustl.edu/moon/indexproductpage.aspx?product_id=nac.m1376118106re&product_idGeo=29327080,https://ode.rsl.wustl.edu/moon/productfiles.aspx?product_id=nac.m1376118106re&product_idGeo=29327080,https://pds.lroc.im-ldi.com/data/LRO-L-LROC-2-EDR-V1.0/LROLRC_0047C/DATA/ESM4/2021140/NAC/M1376118106RE.xml
nac.m1373644540le,2021-04-21T11:41:13.96900,2021-04-21T11:42:07.04400,-1.0,142.2153,-85.11,-84.18,128.67,157.66,https://data.lroc.im-ldi.com/lroc/view_lroc/LRO-L-LROC-2-EDR-V1.0/M1373644540LE,https://ode.rsl.wustl.edu/moon/indexproductpage.aspx?product_id=nac.m1373644540le&product_idGeo=29329780,https://ode.rsl.wustl.edu/moon/productfiles.aspx?product_id=nac.m1373644540le&product_idGeo=29329780,https://pds.lroc.im-ldi.com/data/LRO-L-LROC-2-EDR-V1.0/LROLRC_0047B/DATA/ESM4/2021111/NAC/M1373644540LE.xml
nac.m1373644540re,2021-04-21T11:41:13.96900,2021-04-21T11:42:07.04400,-1.0,142.5786,-84.99,-84.07,129.28,157.67,https://data.lroc.im-ldi.com/lroc/view_lroc/LRO-L-LROC-2-EDR-V1.0/M1373644540RE,https://ode.rsl.wustl.edu/moon/indexproductpage.aspx?product_id=nac.m1373644540re&product_idGeo=29329782,https://ode.rsl.wustl.edu/moon/productfiles.aspx?product_id=nac.m1373644540re&product_idGeo=29329782,https://pds.lroc.im-ldi.com/data/LRO-L-LROC-2-EDR-V1.0/LROLRC_0047B/DATA/ESM4/2021111/NAC/M1373644540RE.xml
nac.m1373770992le,2021-04-22T22:48:45.34900,2021-04-22T22:49:38.42400,-1.0,166.7339,-85.19,-83.9,151.83,178.98,https://data.lroc.im-ldi.com/lroc/view_lroc/LRO-L-LROC-2-EDR-V1.0/M1373770992LE,https://ode.rsl.wustl.edu/moon/indexproductpage.aspx?product_id=nac.m1373770992le&product_idGeo=29332762,https://ode.rsl.wustl.edu/moon/productfiles.aspx?product_id=nac.m1373770992le&product_idGeo=29332762,https://pds.lroc.im-ldi.com/data/LRO-L-LROC-2-EDR-V1.0/LROLRC_0047B/DATA/ESM4/2021112/NAC/M1373770992LE.xml
nac.m1373770992re,2021-04-22T22:48:45.34900,2021-04-22T22:49:38.42400,-1.0,166.1084,-85.07,-83.8,151.51,178.21,https://data.lroc.im-ldi.com/lroc/view_lroc/LRO-L-LROC-2-EDR-V1.0/M1373770992RE,https://ode.rsl.wustl.edu/moon/indexproductpage.aspx?product_id=nac.m1373770992re&product_idGeo=29332763,https://ode.rsl.wustl.edu/moon/productfiles.aspx?product_id=nac.m1373770992re&product_idGeo=29332763,https://pds.lroc.im-ldi.com/data/LRO-L-LROC-2-EDR-V1.0/LROLRC_0047B/DATA/ESM4/2021112/NAC/M1373770992RE.xml
nac.m1373777969le,2021-04-23T00:45:02.16700,2021-04-23T00:45:55.24100,-1.0,139.9688,-85.3027,-84.97,123.57,156.32,https://data.lroc.im-ldi.com/lroc/view_lroc/LRO-L-LROC-2-EDR-V1.0/M1373777969LE,https://ode.rsl.wustl.edu/moon/indexproductpage.aspx?product_id=nac.m1373777969le&product_idGeo=29333827,https://ode.rsl.wustl.edu/moon/productfiles.aspx?product_id=nac.m1373777969le&product_idGeo=29333827,https://pds.lroc.im-ldi.com/data/LRO-L-LROC-2-EDR-V1.0/LROLRC_0047B/DATA/ESM4/2021113/NAC/M1373777969LE.xml
nac.m1373777969re,2021-04-23T00:45:02.16700,2021-04-23T00:45:55.24100,-1.0,139.9173,-85.1777,-84.85,123.93,155.87,https://data.lroc.im-ldi.com/lroc/view_lroc/LRO-L-LROC-2-EDR-V1.0/M1373777969RE,https://ode.rsl.wustl.edu/moon/indexproductpage.aspx?product_id=nac.m1373777969re&product_idGeo=29333829,https://ode.rsl.wustl.edu/moon/productfiles.aspx?product_id=nac.m1373777969re&product_idGeo=29333829,https://pds.lroc.im-ldi.com/data/LRO-L-LROC-2-EDR-V1.0/LROLRC_0047B/DATA/ESM4/2021113/NAC/M1373777969RE.xml
nac.m1373806060le,2021-04-23T08:33:13.27700,2021-04-23T08:34:06.35200,-1.0,139.9841,-85.3996,-84.95,123.05,156.27,https://data.lroc.im-ldi.com/lroc/view_lroc/LRO-L-LROC-2-EDR-V1.0/M1373806060LE,https://ode.rsl.wustl.edu/moon/indexproductpage.aspx?product_id=nac.m1373806060le&product_idGeo=29334395,https://ode.rsl.wustl.edu/moon/productfiles.aspx?product_id=nac.m1373806060le&product_idGeo=29334395,https://pds.lroc.im-ldi.com/data/LRO-L-LROC-2-EDR-V1.0/LROLRC_0047B/DATA/ESM4/2021113/NAC/M1373806060LE.xml
nac.m1373806060re,2021-04-23T08:33:13.27700,2021-04-23T08:34:06.35200,-1.0,139.8165,-85.2687,-84.84,123.33,155.73,https://data.lroc.im-ldi.com/lroc/view_lroc/LRO-L-LROC-2-EDR-V1.0/M1373806060RE,https://ode.rsl.wustl.edu/moon/indexproductpage.aspx?product_id=nac.m1373806060re&product_idGeo=29334398,https://ode.rsl.wustl.edu/moon/productfiles.aspx?product_id=nac.m1373806060re&product_idGeo=29334398,https://pds.lroc.im-ldi.com/data/LRO-L-LROC-2-EDR-V1.0/LROLRC_0047B/DATA/ESM4/2021113/NAC/M1373806060RE.xml
nac.m1373855217le,2021-04-23T22:12:30.73400,2021-04-23T22:13:23.80900,-1.0,140.9223,-85.4828,-84.76,123.85,156.32,https://data.lroc.im-ldi.com/lroc/view_lroc/LRO-L-LROC-2-EDR-V1.0/M1373855217LE,https://ode.rsl.wustl.edu/moon/indexproductpage.aspx?product_id=nac.m1373855217le&product_idGeo=29336170,https://ode.rsl.wustl.edu/moon/productfiles.aspx?product_id=nac.m1373855217le&product_idGeo=29336170,https://pds.lroc.im-ldi.com/data/LRO-L-LROC-2-EDR-V1.0/LROLRC_0047B/DATA/ESM4/2021113/NAC/M1373855217LE.xml
nac.m1373855217re,2021-04-23T22:12:30.73400,2021-04-23T22:13:23.80900,-1.0,141.3332,-85.6126,-84.87,123.78,157.06,https://data.lroc.im-ldi.com/lroc/view_lroc/LRO-L-LROC-2-EDR-V1.0/M1373855217RE,https://ode.rsl.wustl.edu/moon/indexproductpage.aspx?product_id=nac.m1373855217re&product_idGeo=29336177,https://ode.rsl.wustl.edu/moon/productfiles.aspx?product_id=nac.m1373855217re&product_idGeo=29336177,https://pds.lroc.im-ldi.com/data/LRO-L-LROC-2-EDR-V1.0/LROLRC_0047B/DATA/ESM4/2021113/NAC/M1373855217RE.xml
nac.m1378221125re,2021-06-13T10:57:38.40200,2021-06-13T10:58:31.47700,-1.0,148.3253,-84.71,-83.26,137.66,161.42,https://data.lroc.im-ldi.com/lroc/view_lroc/LRO-L-LROC-2-EDR-V1.0/M1378221125RE,https://ode.rsl.wustl.edu/moon/indexproductpage.aspx?product_id=nac.m1378221125re&product_idGeo=29394251,https://ode.rsl.wustl.edu/moon/productfiles.aspx?product_id=nac.m1378221125re&product_idGeo=29394251,https://pds.lroc.im-ldi.com/data/LRO-L-LROC-2-EDR-V1.0/LROLRC_0047C/DATA/ESM4/2021164/NAC/M1378221125RE.xml
nac.m1378256335le,2021-06-13T20:44:28.56900,2021-06-13T20:45:21.64400,-1.0,157.4289,-84.8,-83.96,144.29,172.02,https://data.lroc.im-ldi.com/lroc/view_lroc/LRO-L-LROC-2-EDR-V1.0/M1378256335LE,https://ode.rsl.wustl.edu/moon/indexproductpage.aspx?product_id=nac.m1378256335le&product_idGeo=29395212,https://ode.rsl.wustl.edu/moon/productfiles.aspx?product_id=nac.m1378256335le&product_idGeo=29395212,https://pds.lroc.im-ldi.com/data/LRO-L-LROC-2-EDR-V1.0/LROLRC_0047C/DATA/ESM4/2021164/NAC/M1378256335LE.xml
nac.m1378256335re,2021-06-13T20:44:28.56900,2021-06-13T20:45:21.64400,-1.0,157.0972,-84.93,-84.08,143.7,172.04,https://data.lroc.im-ldi.com/lroc/view_lroc/LRO-L-LROC-2-EDR-V1.0/M1378256335RE,https://ode.rsl.wustl.edu/moon/indexproductpage.aspx?product_id=nac.m1378256335re&product_idGeo=29395216,https://ode.rsl.wustl.edu/moon/productfiles.aspx?product_id=nac.m1378256335re&product_idGeo=29395216,https://pds.lroc.im-ldi.com/data/LRO-L-LROC-2-EDR-V1.0/LROLRC_0047C/DATA/ESM4/2021164/NAC/M1378256335RE.xml
nac.m1378298538le,2021-06-14T08:27:51.65000,2021-06-14T08:28:44.72400,-1.0,142.5119,-84.74,-83.54,130.8,156.34,https://data.lroc.im-ldi.com/lroc/view_lroc/LRO-L-LROC-2-EDR-V1.0/M1378298538LE,https://ode.rsl.wustl.edu/moon/indexproductpage.aspx?product_id=nac.m1378298538le&product_idGeo=29396975,https://ode.rsl.wustl.edu/moon/productfiles.aspx?product_id=nac.m1378298538le&product_idGeo=29396975,https://pds.lroc.im-ldi.com/data/LRO-L-LROC-2-EDR-V1.0/LROLRC_0047C/DATA/ESM4/2021165/NAC/M1378298538LE.xml
nac.m1378298538re,2021-06-14T08:27:51.65000,2021-06-14T08:28:44.72400,-1.0,141.997,-84.88,-83.65,130.13,156.13,https://data.lroc.im-ldi.com/lroc/view_lroc/LRO-L-LROC-2-EDR-V1.0/M1378298538RE,https://ode.rsl.wustl.edu/moon/indexproductpage.aspx?product_id=nac.m1378298538re&product_idGeo=29396978,https://ode.rsl.wustl.edu/moon/productfiles.aspx?product_id=nac.m1378298538re&product_idGeo=29396978,https://pds.lroc.im-ldi.com/data/LRO-L-LROC-2-EDR-V1.0/LROLRC_0047C/DATA/ESM4/2021165/NAC/M1378298538RE.xml
nac.m1378368968le,2021-06-15T04:01:41.14700,2021-06-15T04:02:34.22200,-1.0,168.9586,-84.9523,-84.2,153.84,182.74,https://data.lroc.im-ldi.com/lroc/view_lroc/LRO-L-LROC-2-EDR-V1.0/M1378368968LE,https://ode.rsl.wustl.edu/moon/indexproductpage.aspx?product_id=nac.m1378368968le&product_idGeo=29403283,https://ode.rsl.wustl.edu/moon/productfiles.aspx?product_id=nac.m1378368968le&product_idGeo=29403283,https://pds.lroc.im-ldi.com/data/LRO-L-LROC-2-EDR-V1.0/LROLRC_0047C/DATA/ESM4/2021166/NAC/M1378368968LE.xml
nac.m1378368968re,2021-06-15T04:01:41.14700,2021-06-15T04:02:34.22200,-1.0,169.3705,-85.0921,-84.33,153.84,183.43,https://data.lroc.im-ldi.com/lroc/view_lroc/LRO-L-LROC-2-EDR-V1.0/M1378368968RE,https://ode.rsl.wustl.edu/moon/indexproductpage.aspx?product_id=nac.m1378368968re&product_idGeo=29403303,https://ode.rsl.wustl.edu/moon/productfiles.aspx?product_id=nac.m1378368968re&product_idGeo=29403303,https://pds.lroc.im-ldi.com/data/LRO-L-LROC-2-EDR-V1.0/LROLRC_0047C/DATA/ESM4/2021166/NAC/M1378368968RE.xml
nac.m1368810342le,2021-02-24T12:51:16.02300,2021-02-24T12:52:09.09700,-1.0,153.7896,-84.91,-83.57,142.28,167.81,https://data.lroc.im-ldi.com/lroc/view_lroc/LRO-L-LROC-2-EDR-V1.0/M1368810342LE,https://ode.rsl.wustl.edu/moon/indexproductpage.aspx?product_id=nac.m1368810342le&product_idGeo=29412001,https://ode.rsl.wustl.edu/moon/productfiles.aspx?product_id=nac.m1368810342le&product_idGeo=29412001,https://pds.lroc.im-ldi.com/data/LRO-L-LROC-2-EDR-V1.0/LROLRC_0046C/DATA/ESM4/2021055/NAC/M1368810342LE.xml
nac.m1368831441le,2021-02-24T18:42:54.14900,2021-02-24T18:43:47.22300,-1.0,153.1064,-84.98,-83.74,141.03,167.59,https://data.lroc.im-ldi.com/lroc/view_lroc/LRO-L-LROC-2-EDR-V1.0/M1368831441LE,https://ode.rsl.wustl.edu/moon/indexproductpage.aspx?product_id=nac.m1368831441le&product_idGeo=29412249,https://ode.rsl.wustl.edu/moon/productfiles.aspx?product_id=nac.m1368831441le&product_idGeo=29412249,https://pds.lroc.im-ldi.com/data/LRO-L-LROC-2-EDR-V1.0/LROLRC_0046C/DATA/ESM4/2021055/NAC/M1368831441LE.xml
nac.m1368831441re,2021-02-24T18:42:54.14900,2021-02-24T18:43:47.22300,-1.0,153.5757,-84.86,-83.64,141.67,167.78,https://data.lroc.im-ldi.com/lroc/view_lroc/LRO-L-LROC-2-EDR-V1.0/M1368831441RE,https://ode.rsl.wustl.edu/moon/indexproductpage.aspx?product_id=nac.m1368831441re&product_idGeo=29412252,https://ode.rsl.wustl.edu/moon/productfiles.aspx?product_id=nac.m1368831441re&product_idGeo=29412252,https://pds.lroc.im-ldi.com/data/LRO-L-LROC-2-EDR-V1.0/LROLRC_0046C/DATA/ESM4/2021055/NAC/M1368831441RE.xml
nac.m1378425268le,2021-06-15T19:40:01.93200,2021-06-15T19:40:55.00700,-1.0,168.3867,-84.98,-83.88,153.79,180.92,https://data.lroc.im-ldi.com/lroc/view_lroc/LRO-L-LROC-2-EDR-V1.0/M1378425268LE,https://ode.rsl.wustl.edu/moon/indexproductpage.aspx?product_id=nac.m1378425268le&product_idGeo=29413639,https://ode.rsl.wustl.edu/moon/productfiles.aspx?product_id=nac.m1378425268le&product_idGeo=29413639,https://pds.lroc.im-ldi.com/data/LRO-L-LROC-2-EDR-V1.0/LROLRC_0047C/DATA/ESM4/2021166/NAC/M1378425268LE.xml
nac.m1378425268re,2021-06-15T19:40:01.93200,2021-06-15T19:40:55.00700,-1.0,168.982,-85.12,-83.99,154.02,181.72,https://data.lroc.im-ldi.com/lroc/view_lroc/LRO-L-LROC-2-EDR-V1.0/M1378425268RE,https://ode.rsl.wustl.edu/moon/indexproductpage.aspx?product_id=nac.m1378425268re&product_idGeo=29413656,https://ode.rsl.wustl.edu/moon/productfiles.aspx?product_id=nac.m1378425268re&product_idGeo=29413656,https://pds.lroc.im-ldi.com/data/LRO-L-LROC-2-EDR-V1.0/LROLRC_0047C/DATA/ESM4/2021166/NAC/M1378425268RE.xml
nac.m1357494788le,2020-10-16T13:38:41.14500,2020-10-16T13:39:34.21900,-1.0,155.1155,-85.65,-83.85,140.53,165.77,https://data.lroc.im-ldi.com/lroc/view_lroc/LRO-L-LROC-2-EDR-V1.0/M1357494788LE,https://ode.rsl.wustl.edu/moon/indexproductpage.aspx?product_id=nac.m1357494788le&product_idGeo=29442580,https://ode.rsl.wustl.edu/moon/productfiles.aspx?product_id=nac.m1357494788le&product_idGeo=29442580,https://pds.lroc.im-ldi.com/data/LRO-L-LROC-2-EDR-V1.0/LROLRC_0045B/DATA/ESM4/2020290/NAC/M1357494788LE.xml
nac.m1357494788re,2020-10-16T13:38:41.14500,2020-10-16T13:39:34.21900,-1.0,155.96,-85.75,-83.92,141.18,166.61,https://data.lroc.im-ldi.com/lroc/view_lroc/LRO-L-LROC-2-EDR-V1.0/M1357494788RE,https://ode.rsl.wustl.edu/moon/indexproductpage.aspx?product_id=nac.m1357494788re&product_idGeo=29442583,https://ode.rsl.wustl.edu/moon/productfiles.aspx?product_id=nac.m1357494788re&product_idGeo=29442583,https://pds.lroc.im-ldi.com/data/LRO-L-LROC-2-EDR-V1.0/LROLRC_0045B/DATA/ESM4/2020290/NAC/M1357494788RE.xml
nac.m1362233408le,2020-12-10T09:55:42.02300,2020-12-10T09:56:35.09800,-1.0,162.7449,-84.79,-82.52,153.05,169.65,https://data.lroc.im-ldi.com/lroc/view_lroc/LRO-L-LROC-2-EDR-V1.0/M1362233408LE,https://ode.rsl.wustl.edu/moon/indexproductpage.aspx?product_id=nac.m1362233408le&product_idGeo=29500368,https://ode.rsl.wustl.edu/moon/productfiles.aspx?product_id=nac.m1362233408le&product_idGeo=29500368,https://pds.lroc.im-ldi.com/data/LRO-L-LROC-2-EDR-V1.0/LROLRC_0045C/DATA/ESM4/2020345/NAC/M1362233408LE.xml
nac.m1359656314re,2020-11-10T14:04:07.11500,2020-11-10T14:05:00.18900,-1.0,169.3633,-85.2,-83.96,154.19,181.87,https://data.lroc.im-ldi.com/lroc/view_lroc/LRO-L-LROC-2-EDR-V1.0/M1359656314RE,https://ode.rsl.wustl.edu/moon/indexproductpage.aspx?product_id=nac.m1359656314re&product_idGeo=29505081,https://ode.rsl.wustl.edu/moon/productfiles.aspx?product_id=nac.m1359656314re&product_idGeo=29505081,https://pds.lroc.im-ldi.com/data/LRO-L-LROC-2-EDR-V1.0/LROLRC_0045B/DATA/ESM4/2020315/NAC/M1359656314RE.xml
nac.m1359684493le,2020-11-10T21:53:46.36800,2020-11-10T21:54:39.44300,-1.0,169.1772,-85.29,-83.88,154.19,181.14,https://data.lroc.im-ldi.com/lroc/view_lroc/LRO-L-LROC-2-EDR-V1.0/M1359684493LE,https://ode.rsl.wustl.edu/moon/indexproductpage.aspx?product_id=nac.m1359684493le&product_idGeo=29505726,https://ode.rsl.wustl.edu/moon/productfiles.aspx?product_id=nac.m1359684493le&product_idGeo=29505726,https://pds.lroc.im-ldi.com/data/LRO-L-LROC-2-EDR-V1.0/LROLRC_0045B/DATA/ESM4/2020315/NAC/M1359684493LE.xml
nac.m1359684493re,2020-11-10T21:53:46.36800,2020-11-10T21:54:39.44300,-1.0,168.5597,-85.18,-83.79,153.83,180.41,https://data.lroc.im-ldi.com/lroc/view_lroc/LRO-L-LROC-2-EDR-V1.0/M1359684493RE,https://ode.rsl.wustl.edu/moon/indexproductpage.aspx?product_id=nac.m1359684493re&product_idGeo=29505729,https://ode.rsl.wustl.edu/moon/productfiles.aspx?product_id=nac.m1359684493re&product_idGeo=29505729,https://pds.lroc.im-ldi.com/data/LRO-L-LROC-2-EDR-V1.0/LROLRC_0045B/DATA/ESM4/2020315/NAC/M1359684493RE.xml
nac.m1359705627le,2020-11-11T03:46:00.98500,2020-11-11T03:46:54.05900,-1.0,168.7357,-85.28,-83.76,154.15,180.17,https://data.lroc.im-ldi.com/lroc/view_lroc/LRO-L-LROC-2-EDR-V1.0/M1359705627LE,https://ode.rsl.wustl.edu/moon/indexproductpage.aspx?product_id=nac.m1359705627le&product_idGeo=29507210,https://ode.rsl.wustl.edu/moon/productfiles.aspx?product_id=nac.m1359705627le&product_idGeo=29507210,https://pds.lroc.im-ldi.com/data/LRO-L-LROC-2-EDR-V1.0/LROLRC_0045B/DATA/ESM4/2020316/NAC/M1359705627LE.xml
nac.m1359705627re,2020-11-11T03:46:00.98500,2020-11-11T03:46:54.05900,-1.0,168.0846,-85.17,-83.67,153.72,179.42,https://data.lroc.im-ldi.com/lroc/view_lroc/LRO-L-LROC-2-EDR-V1.0/M1359705627RE,https://ode.rsl.wustl.edu/moon/indexproductpage.aspx?product_id=nac.m1359705627re&product_idGeo=29507214,https://ode.rsl.wustl.edu/moon/productfiles.aspx?product_id=nac.m1359705627re&product_idGeo=29507214,https://pds.lroc.im-ldi.com/data/LRO-L-LROC-2-EDR-V1.0/LROLRC_0045B/DATA/ESM4/2020316/NAC/M1359705627RE.xml
nac.m1359790124le,2020-11-12T03:14:17.58000,2020-11-12T03:15:10.65500,-1.0,150.6191,-85.87,-84.58,133.17,164.46,https://data.lroc.im-ldi.com/lroc/view_lroc/LRO-L-LROC-2-EDR-V1.0/M1359790124LE,https://ode.rsl.wustl.edu/moon/indexproductpage.aspx?product_id=nac.m1359790124le&product_idGeo=29510366,https://ode.rsl.wustl.edu/moon/productfiles.aspx?product_id=nac.m1359790124le&product_idGeo=29510366,https://pds.lroc.im-ldi.com/data/LRO-L-LROC-2-EDR-V1.0/LROLRC_0045B/DATA/ESM4/2020317/NAC/M1359790124LE.xml
nac.m1359790124re,2020-11-12T03:14:17.58000,2020-11-12T03:15:10.65500,-1.0,149.9624,-85.76,-84.49,132.89,163.63,https://data.lroc.im-ldi.com/lroc/view_lroc/LRO-L-LROC-2-EDR-V1.0/M1359790124RE,https://ode.rsl.wustl.edu/moon/indexproductpage.aspx?product_id=nac.m1359790124re&product_idGeo=29510367,https://ode.rsl.wustl.edu/moon/productfiles.aspx?product_id=nac.m1359790124re&product_idGeo=29510367,https://pds.lroc.im-ldi.com/data/LRO-L-LROC-2-EDR-V1.0/LROLRC_0045B/DATA/ESM4/2020317/NAC/M1359790124RE.xml
nac.m1357213232le,2020-10-13T07:26:05.63300,2020-10-13T07:26:58.70800,-1.0,167.0643,-85.1674,-84.62,150.75,182.33,https://data.lroc.im-ldi.com/lroc/view_lroc/LRO-L-LROC-2-EDR-V1.0/M1357213232LE,https://ode.rsl.wustl.edu/moon/indexproductpage.aspx?product_id=nac.m1357213232le&product_idGeo=29510459,https://ode.rsl.wustl.edu/moon/productfiles.aspx?product_id=nac.m1357213232le&product_idGeo=29510459,https://pds.lroc.im-ldi.com/data/LRO-L-LROC-2-EDR-V1.0/LROLRC_0045A/DATA/ESM4/2020287/NAC/M1357213232LE.xml
nac.m1357213232re,2020-10-13T07:26:05.63300,2020-10-13T07:26:58.70800,-1.0,167.2944,-85.2782,-84.72,150.6,182.86,https://data.lroc.im-ldi.com/lroc/view_lroc/LRO-L-LROC-2-EDR-V1.0/M1357213232RE,https://ode.rsl.wustl.edu/moon/indexproductpage.aspx?product_id=nac.m1357213232re&product_idGeo=29510461,https://ode.rsl.wustl.edu/moon/productfiles.aspx?product_id=nac.m1357213232re&product_idGeo=29510461,https://pds.lroc.im-ldi.com/data/LRO-L-LROC-2-EDR-V1.0/LROLRC_0045A/DATA/ESM4/2020287/NAC/M1357213232RE.xml
nac.m1359832382le,2020-11-12T14:58:35.88000,2020-11-12T14:59:28.95400,-1.0,150.4215,-85.97,-84.42,133.51,163.12,https://data.lroc.im-ldi.com/lroc/view_lroc/LRO-L-LROC-2-EDR-V1.0/M1359832382LE,https://ode.rsl.wustl.edu/moon/indexproductpage.aspx?product_id=nac.m1359832382le&product_idGeo=29511427,https://ode.rsl.wustl.edu/moon/productfiles.aspx?product_id=nac.m1359832382le&product_idGeo=29511427,https://pds.lroc.im-ldi.com/data/LRO-L-LROC-2-EDR-V1.0/LROLRC_0045B/DATA/ESM4/2020317/NAC/M1359832382LE.xml
nac.m1359832382re,2020-11-12T14:58:35.88000,2020-11-12T14:59:28.95400,-1.0,149.6369,-85.86,-84.34,133.05,162.25,https://data.lroc.im-ldi.com/lroc/view_lroc/LRO-L-LROC-2-EDR-V1.0/M1359832382RE,https://ode.rsl.wustl.edu/moon/indexproductpage.aspx?product_id=nac.m1359832382re&product_idGeo=29511428,https://ode.rsl.wustl.edu/moon/productfiles.aspx?product_id=nac.m1359832382re&product_idGeo=29511428,https://pds.lroc.im-ldi.com/data/LRO-L-LROC-2-EDR-V1.0/LROLRC_0045B/DATA/ESM4/2020317/NAC/M1359832382RE.xml
nac.m1357269544le,2020-10-13T23:04:37.29400,2020-10-13T23:05:30.36900,-1.0,166.4903,-85.24,-84.37,150.41,180.66,https://data.lroc.im-ldi.com/lroc/view_lroc/LRO-L-LROC-2-EDR-V1.0/M1357269544LE,https://ode.rsl.wustl.edu/moon/indexproductpage.aspx?product_id=nac.m1357269544le&product_idGeo=29511751,https://ode.rsl.wustl.edu/moon/productfiles.aspx?product_id=nac.m1357269544le&product_idGeo=29511751,https://pds.lroc.im-ldi.com/data/LRO-L-LROC-2-EDR-V1.0/LROLRC_0045A/DATA/ESM4/2020287/NAC/M1357269544LE.xml
nac.m1357269544re,2020-10-13T23:04:37.29400,2020-10-13T23:05:30.36900,-1.0,166.8981,-85.35,-84.47,150.45,181.32,https://data.lroc.im-ldi.com/lroc/view_lroc/LRO-L-LROC-2-EDR-V1.0/M1357269544RE,https://ode.rsl.wustl.edu/moon/indexproductpage.aspx?product_id=nac.m1357269544re&product_idGeo=29511754,https://ode.rsl.wustl.edu/moon/productfiles.aspx?product_id=nac.m1357269544re&product_idGeo=29511754,https://pds.lroc.im-ldi.com/data/LRO-L-LROC-2-EDR-V1.0/LROLRC_0045A/DATA/ESM4/2020287/NAC/M1357269544RE.xml
nac.m1359860553le,2020-11-12T22:48:06.42600,2020-11-12T22:48:59.50100,-1.0,150.0614,-85.96,-84.25,133.88,161.84,https://data.lroc.im-ldi.com/lroc/view_lroc/LRO-L-LROC-2-EDR-V1.0/M1359860553LE,https://ode.rsl.wustl.edu/moon/indexproductpage.aspx?product_id=nac.m1359860553le&product_idGeo=29511818,https://ode.rsl.wustl.edu/moon/productfiles.aspx?product_id=nac.m1359860553le&product_idGeo=29511818,https://pds.lroc.im-ldi.com/data/LRO-L-LROC-2-EDR-V1.0/LROLRC_0045B/DATA/ESM4/2020317/NAC/M1359860553LE.xml
nac.m1359860553re,2020-11-12T22:48:06.42600,2020-11-12T22:48:59.50100,-1.0,149.2279,-85.85,-84.18,133.32,160.98,https://data.lroc.im-ldi.com/lroc/view_lroc/LRO-L-LROC-2-EDR-V1.0/M1359860553RE,https://ode.rsl.wustl.edu/moon/indexproductpage.aspx?product_id=nac.m1359860553re&product_idGeo=29511819,https://ode.rsl.wustl.edu/moon/productfiles.aspx?product_id=nac.m1359860553re&product_idGeo=29511819,https://pds.lroc.im-ldi.com/data/LRO-L-LROC-2-EDR-V1.0/LROLRC_0045B/DATA/ESM4/2020317/NAC/M1359860553RE.xml
nac.m1359881671le,2020-11-13T04:40:04.53900,2020-11-13T04:40:57.61400,-1.0,144.9197,-86.08,-84.45,127.83,157.43,https://data.lroc.im-ldi.com/lroc/view_lroc/LRO-L-LROC-2-EDR-V1.0/M1359881671LE,https://ode.rsl.wustl.edu/moon/indexproductpage.aspx?product_id=nac.m1359881671le&product_idGeo=29512766,https://ode.rsl.wustl.edu/moon/productfiles.aspx?product_id=nac.m1359881671le&product_idGeo=29512766,https://pds.lroc.im-ldi.com/data/LRO-L-LROC-2-EDR-V1.0/LROLRC_0045B/DATA/ESM4/2020318/NAC/M1359881671LE.xml
nac.m1357396210le,2020-10-15T10:15:43.69600,2020-10-15T10:16:36.77000,-1.0,143.3265,-85.56,-84.87,125.67,159.2,https://data.lroc.im-ldi.com/lroc/view_lroc/LRO-L-LROC-2-EDR-V1.0/M1357396210LE,https://ode.rsl.wustl.edu/moon/indexproductpage.aspx?product_id=nac.m1357396210le&product_idGeo=29515034,https://ode.rsl.wustl.edu/moon/productfiles.aspx?product_id=nac.m1357396210le&product_idGeo=29515034,https://pds.lroc.im-ldi.com/data/LRO-L-LROC-2-EDR-V1.0/LROLRC_0045A/DATA/ESM4/2020289/NAC/M1357396210LE.xml
nac.m1357396210re,2020-10-15T10:15:43.69600,2020-10-15T10:16:36.77000,-1.0,143.6586,-85.6709,-84.97,125.57,159.85,https://data.lroc.im-ldi.com/lroc/view_lroc/LRO-L-LROC-2-EDR-V1.0/M1357396210RE,https://ode.rsl.wustl.edu/moon/indexproductpage.aspx?product_id=nac.m1357396210re&product_idGeo=29515035,https://ode.rsl.wustl.edu/moon/productfiles.aspx?product_id=nac.m1357396210re&product_idGeo=29515035,https://pds.lroc.im-ldi.com/data/LRO-L-LROC-2-EDR-V1.0/LROLRC_0045A/DATA/ESM4/2020289/NAC/M1357396210RE.xml
nac.m1357438447le,2020-10-15T21:59:40.68500,2020-10-15T22:00:33.76000,-1.0,143.6308,-85.79,-84.82,125.64,158.9,https://data.lroc.im-ldi.com/lroc/view_lroc/LRO-L-LROC-2-EDR-V1.0/M1357438447LE,https://ode.rsl.wustl.edu/moon/indexproductpage.aspx?product_id=nac.m1357438447le&product_idGeo=29515659,https://ode.rsl.wustl.edu/moon/productfiles.aspx?product_id=nac.m1357438447le&product_idGeo=29515659,https://pds.lroc.im-ldi.com/data/LRO-L-LROC-2-EDR-V1.0/LROLRC_0045A/DATA/ESM4/2020289/NAC/M1357438447LE.xml
nac.m1357438447re,2020-10-15T21:59:40.68500,2020-10-15T22:00:33.76000,-1.0,144.1793,-85.91,-84.91,125.71,159.68,https://data.lroc.im-ldi.com/lroc/view_lroc/LRO-L-LROC-2-EDR-V1.0/M1357438447RE,https://ode.rsl.wustl.edu/moon/indexproductpage.aspx?product_id=nac.m1357438447re&product_idGeo=29515662,https://ode.rsl.wustl.edu/moon/productfiles.aspx?product_id=nac.m1357438447re&product_idGeo=29515662,https://pds.lroc.im-ldi.com/data/LRO-L-LROC-2-EDR-V1.0/LROLRC_0045A/DATA/ESM4/2020289/NAC/M1357438447RE.xml
nac.m1347642043re,2020-06-24T12:46:16.64800,2020-06-24T12:47:09.72300,-1.0,155.2933,-85.06,-83.6,144.0,169.43,https://data.lroc.im-ldi.com/lroc/view_lroc/LRO-L-LROC-2-EDR-V1.0/M1347642043RE,https://ode.rsl.wustl.edu/moon/indexproductpage.aspx?product_id=nac.m1347642043re&product_idGeo=29526858,https://ode.rsl.wustl.edu/moon/productfiles.aspx?product_id=nac.m1347642043re&product_idGeo=29526858,https://pds.lroc.im-ldi.com/data/LRO-L-LROC-2-EDR-V1.0/LROLRC_0044A/DATA/ESM4/2020176/NAC/M1347642043RE.xml
nac.m1347670174le,2020-06-24T20:35:07.59700,2020-06-24T20:36:00.67100,-1.0,158.1904,-85.09,-83.93,145.55,173.25,https://data.lroc.im-ldi.com/lroc/view_lroc/LRO-L-LROC-2-EDR-V1.0/M1347670174LE,https://ode.rsl.wustl.edu/moon/indexproductpage.aspx?product_id=nac.m1347670174le&product_idGeo=29526973,https://ode.rsl.wustl.edu/moon/productfiles.aspx?product_id=nac.m1347670174le&product_idGeo=29526973,https://pds.lroc.im-ldi.com/data/LRO-L-LROC-2-EDR-V1.0/LROLRC_0044A/DATA/ESM4/2020176/NAC/M1347670174LE.xml
nac.m1347670174re,2020-06-24T20:35:07.59700,2020-06-24T20:36:00.67100,-1.0,157.7174,-85.21,-84.02,144.92,173.09,https://data.lroc.im-ldi.com/lroc/view_lroc/LRO-L-LROC-2-EDR-V1.0/M1347670174RE,https://ode.rsl.wustl.edu/moon/indexproductpage.aspx?product_id=nac.m1347670174re&product_idGeo=29526974,https://ode.rsl.wustl.edu/moon/productfiles.aspx?product_id=nac.m1347670174re&product_idGeo=29526974,https://pds.lroc.im-ldi.com/data/LRO-L-LROC-2-EDR-V1.0/LROLRC_0044A/DATA/ESM4/2020176/NAC/M1347670174RE.xml
nac.m1347691278le,2020-06-25T02:26:51.16400,2020-06-25T02:27:44.23900,-1.0,162.4908,-85.1501,-84.32,148.39,178.37,https://data.lroc.im-ldi.com/lroc/view_lroc/LRO-L-LROC-2-EDR-V1.0/M1347691278LE,https://ode.rsl.wustl.edu/moon/indexproductpage.aspx?product_id=nac.m1347691278le&product_idGeo=29527264,https://ode.rsl.wustl.edu/moon/productfiles.aspx?product_id=nac.m1347691278le&product_idGeo=29527264,https://pds.lroc.im-ldi.com/data/LRO-L-LROC-2-EDR-V1.0/LROLRC_0044A/DATA/ESM4/2020177/NAC/M1347691278LE.xml
nac.m1347691278re,2020-06-25T02:26:51.16400,2020-06-25T02:27:44.23900,-1.0,162.1787,-85.2601,-84.42,147.83,178.42,https://data.lroc.im-ldi.com/lroc/view_lroc/LRO-L-LROC-2-EDR-V1.0/M1347691278RE,https://ode.rsl.wustl.edu/moon/indexproductpage.aspx?product_id=nac.m1347691278re&product_idGeo=29527265,https://ode.rsl.wustl.edu/moon/productfiles.aspx?product_id=nac.m1347691278re&product_idGeo=29527265,https://pds.lroc.im-ldi.com/data/LRO-L-LROC-2-EDR-V1.0/LROLRC_0044A/DATA/ESM4/2020177/NAC/M1347691278RE.xml
nac.m1347733471le,2020-06-25T14:10:04.15100,2020-06-25T14:10:57.22500,-1.0,163.5556,-85.1291,-84.59,148.36,179.76,https://data.lroc.im-ldi.com/lroc/view_lroc/LRO-L-LROC-2-EDR-V1.0/M1347733471LE,https://ode.rsl.wustl.edu/moon/indexproductpage.aspx?product_id=nac.m1347733471le&product_idGeo=29527442,https://ode.rsl.wustl.edu/moon/productfiles.aspx?product_id=nac.m1347733471le&product_idGeo=29527442,https://pds.lroc.im-ldi.com/data/LRO-L-LROC-2-EDR-V1.0/LROLRC_0044A/DATA/ESM4/2020177/NAC/M1347733471LE.xml
nac.m1347733471re,2020-06-25T14:10:04.15100,2020-06-25T14:10:57.22500,-1.0,163.4149,-85.24,-84.7,147.91,179.99,https://data.lroc.im-ldi.com/lroc/view_lroc/LRO-L-LROC-2-EDR-V1.0/M1347733471RE,https://ode.rsl.wustl.edu/moon/indexproductpage.aspx?product_id=nac.m1347733471re&product_idGeo=29527443,https://ode.rsl.wustl.edu/moon/productfiles.aspx?product_id=nac.m1347733471re&product_idGeo=29527443,https://pds.lroc.im-ldi.com/data/LRO-L-LROC-2-EDR-V1.0/LROLRC_0044A/DATA/ESM4/2020177/NAC/M1347733471RE.xml
nac.m1347782654le,2020-06-26T03:49:47.35300,2020-06-26T03:50:40.42800,-1.0,139.607,-85.13,-83.91,127.11,154.68,https://data.lroc.im-ldi.com/lroc/view_lroc/LRO-L-LROC-2-EDR-V1.0/M1347782654LE,https://ode.rsl.wustl.edu/moon/indexproductpage.aspx?product_id=nac.m1347782654le&product_idGeo=29527854,https://ode.rsl.wustl.edu/moon/productfiles.aspx?product_id=nac.m1347782654le&product_idGeo=29527854,https://pds.lroc.im-ldi.com/data/LRO-L-LROC-2-EDR-V1.0/LROLRC_0044A/DATA/ESM4/2020178/NAC/M1347782654LE.xml
nac.m1347782654re,2020-06-26T03:49:47.35300,2020-06-26T03:50:40.42800,-1.0,139.1269,-85.24,-84.0,126.48,154.5,https://data.lroc.im-ldi.com/lroc/view_lroc/LRO-L-LROC-2-EDR-V1.0/M1347782654RE,https://ode.rsl.wustl.edu/moon/indexproductpage.aspx?product_id=nac.m1347782654re&product_idGeo=29527855,https://ode.rsl.wustl.edu/moon/productfiles.aspx?product_id=nac.m1347782654re&product_idGeo=29527855,https://pds.lroc.im-ldi.com/data/LRO-L-LROC-2-EDR-V1.0/LROLRC_0044A/DATA/ESM4/2020178/NAC/M1347782654RE.xml
nac.m1347810799le,2020-06-26T11:38:52.51400,2020-06-26T11:39:25.81600,-1.0,143.8552,-85.23,-84.65,134.43,153.96,https://data.lroc.im-ldi.com/lroc/view_lroc/LRO-L-LROC-2-EDR-V1.0/M1347810799LE,https://ode.rsl.wustl.edu/moon/indexproductpage.aspx?product_id=nac.m1347810799le&product_idGeo=29528006,https://ode.rsl.wustl.edu/moon/productfiles.aspx?product_id=nac.m1347810799le&product_idGeo=29528006,https://pds.lroc.im-ldi.com/data/LRO-L-LROC-2-EDR-V1.0/LROLRC_0044A/DATA/ESM4/2020178/NAC/M1347810799LE.xml
nac.m1347810799re,2020-06-26T11:38:52.51400,2020-06-26T11:39:25.81600,-1.0,143.5186,-85.34,-84.75,133.92,153.86,https://data.lroc.im-ldi.com/lroc/view_lroc/LRO-L-LROC-2-EDR-V1.0/M1347810799RE,https://ode.rsl.wustl.edu/moon/indexproductpage.aspx?product_id=nac.m1347810799re&product_idGeo=29528007,https://ode.rsl.wustl.edu/moon/productfiles.aspx?product_id=nac.m1347810799re&product_idGeo=29528007,https://pds.lroc.im-ldi.com/data/LRO-L-LROC-2-EDR-V1.0/LROLRC_0044A/DATA/ESM4/2020178/NAC/M1347810799RE.xml
nac.m1347831892le,2020-06-26T17:30:25.06800,2020-06-26T17:31:18.14300,-1.0,148.6248,-85.2859,-84.75,132.97,165.32,https://data.lroc.im-ldi.com/lroc/view_lroc/LRO-L-LROC-2-EDR-V1.0/M1347831892LE,https://ode.rsl.wustl.edu/moon/indexproductpage.aspx?product_id=nac.m1347831892le&product_idGeo=29528096,https://ode.rsl.wustl.edu/moon/productfiles.aspx?product_id=nac.m1347831892le&product_idGeo=29528096,https://pds.lroc.im-ldi.com/data/LRO-L-LROC-2-EDR-V1.0/LROLRC_0044A/DATA/ESM4/2020178/NAC/M1347831892LE.xml
nac.m1347831892re,2020-06-26T17:30:25.06800,2020-06-26T17:31:18.14300,-1.0,148.4646,-85.4069,-84.86,132.48,165.58,https://data.lroc.im-ldi.com/lroc/view_lroc/LRO-L-LROC-2-EDR-V1.0/M1347831892RE,https://ode.rsl.wustl.edu/moon/indexproductpage.aspx?product_id=nac.m1347831892re&product_idGeo=29528097,https://ode.rsl.wustl.edu/moon/productfiles.aspx?product_id=nac.m1347831892re&product_idGeo=29528097,https://pds.lroc.im-ldi.com/data/LRO-L-LROC-2-EDR-V1.0/LROLRC_0044A/DATA/ESM4/2020178/NAC/M1347831892RE.xml
nac.m1350003931re,2020-07-21T20:51:04.85500,2020-07-21T20:51:57.93000,-1.0,162.65,-85.2,-84.13,149.38,178.28,https://data.lroc.im-ldi.com/lroc/view_lroc/LRO-L-LROC-2-EDR-V1.0/M1350003931RE,https://ode.rsl.wustl.edu/moon/indexproductpage.aspx?product_id=nac.m1350003931re&product_idGeo=29555666,https://ode.rsl.wustl.edu/moon/productfiles.aspx?product_id=nac.m1350003931re&product_idGeo=29555666,https://pds.lroc.im-ldi.com/data/LRO-L-LROC-2-EDR-V1.0/LROLRC_0044B/DATA/ESM4/2020203/NAC/M1350003931RE.xml
nac.m1350067217le,2020-07-22T14:25:50.66700,2020-07-22T14:26:43.74200,-1.0,154.7165,-85.1,-84.1,141.38,170.19,https://data.lroc.im-ldi.com/lroc/view_lroc/LRO-L-LROC-2-EDR-V1.0/M1350067217LE,https://ode.rsl.wustl.edu/moon/indexproductpage.aspx?product_id=nac.m1350067217le&product_idGeo=29558673,https://ode.rsl.wustl.edu/moon/productfiles.aspx?product_id=nac.m1350067217le&product_idGeo=29558673,https://pds.lroc.im-ldi.com/data/LRO-L-LROC-2-EDR-V1.0/LROLRC_0044B/DATA/ESM4/2020204/NAC/M1350067217LE.xml
nac.m1350067217re,2020-07-22T14:25:50.66700,2020-07-22T14:26:43.74200,-1.0,154.3503,-85.21,-84.2,140.81,170.13,https://data.lroc.im-ldi.com/lroc/view_lroc/LRO-L-LROC-2-EDR-V1.0/M1350067217RE,https://ode.rsl.wustl.edu/moon/indexproductpage.aspx?product_id=nac.m1350067217re&product_idGeo=29558677,https://ode.rsl.wustl.edu/moon/productfiles.aspx?product_id=nac.m1350067217re&product_idGeo=29558677,https://pds.lroc.im-ldi.com/data/LRO-L-LROC-2-EDR-V1.0/LROLRC_0044B/DATA/ESM4/2020204/NAC/M1350067217RE.xml
nac.m1350095351le,2020-07-22T22:14:44.95600,2020-07-22T22:15:38.03000,-1.0,154.4198,-85.1003,-84.29,140.34,170.19,https://data.lroc.im-ldi.com/lroc/view_lroc/LRO-L-LROC-2-EDR-V1.0/M1350095351LE,https://ode.rsl.wustl.edu/moon/indexproductpage.aspx?product_id=nac.m1350095351le&product_idGeo=29559391,https://ode.rsl.wustl.edu/moon/productfiles.aspx?product_id=nac.m1350095351le&product_idGeo=29559391,https://pds.lroc.im-ldi.com/data/LRO-L-LROC-2-EDR-V1.0/LROLRC_0044B/DATA/ESM4/2020204/NAC/M1350095351LE.xml
nac.m1350095351re,2020-07-22T22:14:44.95600,2020-07-22T22:15:38.03000,-1.0,154.1189,-85.2104,-84.39,139.81,170.25,https://data.lroc.im-ldi.com/lroc/view_lroc/LRO-L-LROC-2-EDR-V1.0/M1350095351RE,https://ode.rsl.wustl.edu/moon/indexproductpage.aspx?product_id=nac.m1350095351re&product_idGeo=29559393,https://ode.rsl.wustl.edu/moon/productfiles.aspx?product_id=nac.m1350095351re&product_idGeo=29559393,https://pds.lroc.im-ldi.com/data/LRO-L-LROC-2-EDR-V1.0/LROLRC_0044B/DATA/ESM4/2020204/NAC/M1350095351RE.xml
nac.m1350151608le,2020-07-23T13:52:21.58200,2020-07-23T13:53:14.65700,-1.0,147.6109,-85.2158,-84.48,132.95,163.89,https://data.lroc.im-ldi.com/lroc/view_lroc/LRO-L-LROC-2-EDR-V1.0/M1350151608LE,https://ode.rsl.wustl.edu/moon/indexproductpage.aspx?product_id=nac.m1350151608le&product_idGeo=29561765,https://ode.rsl.wustl.edu/moon/productfiles.aspx?product_id=nac.m1350151608le&product_idGeo=29561765,https://pds.lroc.im-ldi.com/data/LRO-L-LROC-2-EDR-V1.0/LROLRC_0044B/DATA/ESM4/2020205/NAC/M1350151608LE.xml
nac.m1350151608re,2020-07-23T13:52:21.58200,2020-07-23T13:53:14.65700,-1.0,147.3414,-85.3264,-84.58,132.41,164.01,https://data.lroc.im-ldi.com/lroc/view_lroc/LRO-L-LROC-2-EDR-V1.0/M1350151608RE,https://ode.rsl.wustl.edu/moon/indexproductpage.aspx?product_id=nac.m1350151608re&product_idGeo=29561778,https://ode.rsl.wustl.edu/moon/productfiles.aspx?product_id=nac.m1350151608re&product_idGeo=29561778,https://pds.lroc.im-ldi.com/data/LRO-L-LROC-2-EDR-V1.0/LROLRC_0044B/DATA/ESM4/2020205/NAC/M1350151608RE.xml
nac.m1350172707le,2020-07-23T19:44:00.56500,2020-07-23T19:44:53.64000,-1.0,147.4718,-85.2486,-84.63,132.24,163.99,https://data.lroc.im-ldi.com/lroc/view_lroc/LRO-L-LROC-2-EDR-V1.0/M1350172707LE,https://ode.rsl.wustl.edu/moon/indexproductpage.aspx?product_id=nac.m1350172707le&product_idGeo=29562450,https://ode.rsl.wustl.edu/moon/productfiles.aspx?product_id=nac.m1350172707le&product_idGeo=29562450,https://pds.lroc.im-ldi.com/data/LRO-L-LROC-2-EDR-V1.0/LROLRC_0044B/DATA/ESM4/2020205/NAC/M1350172707LE.xml
nac.m1350172707re,2020-07-23T19:44:00.56500,2020-07-23T19:44:53.64000,-1.0,147.2473,-85.3596,-84.74,131.73,164.19,https://data.lroc.im-ldi.com/lroc/view_lroc/LRO-L-LROC-2-EDR-V1.0/M1350172707RE,https://ode.rsl.wustl.edu/moon/indexproductpage.aspx?product_id=nac.m1350172707re&product_idGeo=29562456,https://ode.rsl.wustl.edu/moon/productfiles.aspx?product_id=nac.m1350172707re&product_idGeo=29562456,https://pds.lroc.im-ldi.com/data/LRO-L-LROC-2-EDR-V1.0/LROLRC_0044B/DATA/ESM4/2020205/NAC/M1350172707RE.xml
nac.m1350193789le,2020-07-24T01:35:22.16700,2020-07-24T01:36:15.24100,-1.0,137.2475,-85.28,-84.37,123.15,153.4,https://data.lroc.im-ldi.com/lroc/view_lroc/LRO-L-LROC-2-EDR-V1.0/M1350193789LE,https://ode.rsl.wustl.edu/moon/indexproductpage.aspx?product_id=nac.m1350193789le&product_idGeo=29563713,https://ode.rsl.wustl.edu/moon/productfiles.aspx?product_id=nac.m1350193789le&product_idGeo=29563713,https://pds.lroc.im-ldi.com/data/LRO-L-LROC-2-EDR-V1.0/LROLRC_0044B/DATA/ESM4/2020206/NAC/M1350193789LE.xml
nac.m1350193789re,2020-07-24T01:35:22.16700,2020-07-24T01:36:15.24100,-1.0,136.8881,-85.39,-84.47,122.54,153.41,https://data.lroc.im-ldi.com/lroc/view_lroc/LRO-L-LROC-2-EDR-V1.0/M1350193789RE,https://ode.rsl.wustl.edu/moon/indexproductpage.aspx?product_id=nac.m1350193789re&product_idGeo=29563718,https://ode.rsl.wustl.edu/moon/productfiles.aspx?product_id=nac.m1350193789re&product_idGeo=29563718,https://pds.lroc.im-ldi.com/data/LRO-L-LROC-2-EDR-V1.0/LROLRC_0044B/DATA/ESM4/2020206/NAC/M1350193789RE.xml
nac.m1350228962le,2020-07-24T11:21:35.13800,2020-07-24T11:22:28.21200,-1.0,142.7676,-85.3144,-84.82,126.87,159.54,https://data.lroc.im-ldi.com/lroc/view_lroc/LRO-L-LROC-2-EDR-V1.0/M1350228962LE,https://ode.rsl.wustl.edu/moon/indexproductpage.aspx?product_id=nac.m1350228962le&product_idGeo=29565042,https://ode.rsl.wustl.edu/moon/productfiles.aspx?product_id=nac.m1350228962le&product_idGeo=29565042,https://pds.lroc.im-ldi.com/data/LRO-L-LROC-2-EDR-V1.0/LROLRC_0044B/DATA/ESM4/2020206/NAC/M1350228962LE.xml
nac.m1350228962re,2020-07-24T11:21:35.13800,2020-07-24T11:22:28.21200,-1.0,142.6524,-85.4287,-84.93,126.39,159.85,https://data.lroc.im-ldi.com/lroc/view_lroc/LRO-L-LROC-2-EDR-V1.0/M1350228962RE,https://ode.rsl.wustl.edu/moon/indexproductpage.aspx?product_id=nac.m1350228962re&product_idGeo=29565049,https://ode.rsl.wustl.edu/moon/productfiles.aspx?product_id=nac.m1350228962re&product_idGeo=29565049,https://pds.lroc.im-ldi.com/data/LRO-L-LROC-2-EDR-V1.0/LROLRC_0044B/DATA/ESM4/2020206/NAC/M1350228962RE.xml
nac.m1343279182re,2020-05-05T00:51:55.90200,2020-05-05T00:52:48.97700,-1.0,148.1109,-85.6217,-84.87,130.36,163.9,https://data.lroc.im-ldi.com/lroc/view_lroc/LRO-L-LROC-2-EDR-V1.0/M1343279182RE,https://ode.rsl.wustl.edu/moon/indexproductpage.aspx?product_id=nac.m1343279182re&product_idGeo=29594155,https://ode.rsl.wustl.edu/moon/productfiles.aspx?product_id=nac.m1343279182re&product_idGeo=29594155,https://pds.lroc.im-ldi.com/data/LRO-L-LROC-2-EDR-V1.0/LROLRC_0043B/DATA/ESM4/2020126/NAC/M1343279182RE.xml
nac.m1343356488re,2020-05-05T22:20:21.66800,2020-05-05T22:21:14.74300,-1.0,148.9916,-85.99,-84.7,131.04,163.16,https://data.lroc.im-ldi.com/lroc/view_lroc/LRO-L-LROC-2-EDR-V1.0/M1343356488RE,https://ode.rsl.wustl.edu/moon/indexproductpage.aspx?product_id=nac.m1343356488re&product_idGeo=29596990,https://ode.rsl.wustl.edu/moon/productfiles.aspx?product_id=nac.m1343356488re&product_idGeo=29596990,https://pds.lroc.im-ldi.com/data/LRO-L-LROC-2-EDR-V1.0/LROLRC_0043B/DATA/ESM4/2020126/NAC/M1343356488RE.xml
nac.m1340607678le,2020-04-04T02:46:51.93200,2020-04-04T02:47:45.00700,-1.0,165.7844,-85.35,-84.43,151.59,182.11,https://data.lroc.im-ldi.com/lroc/view_lroc/LRO-L-LROC-2-EDR-V1.0/M1340607678LE,https://ode.rsl.wustl.edu/moon/indexproductpage.aspx?product_id=nac.m1340607678le&product_idGeo=29605207,https://ode.rsl.wustl.edu/moon/productfiles.aspx?product_id=nac.m1340607678le&product_idGeo=29605207,https://pds.lroc.im-ldi.com/data/LRO-L-LROC-2-EDR-V1.0/LROLRC_0043A/DATA/ESM4/2020095/NAC/M1340607678LE.xml
nac.m1340607678re,2020-04-04T02:46:51.93200,2020-04-04T02:47:45.00700,-1.0,166.1805,-85.23,-84.32,152.23,182.1,https://data.lroc.im-ldi.com/lroc/view_lroc/LRO-L-LROC-2-EDR-V1.0/M1340607678RE,https://ode.rsl.wustl.edu/moon/indexproductpage.aspx?product_id=nac.m1340607678re&product_idGeo=29605211,https://ode.rsl.wustl.edu/moon/productfiles.aspx?product_id=nac.m1340607678re&product_idGeo=29605211,https://pds.lroc.im-ldi.com/data/LRO-L-LROC-2-EDR-V1.0/LROLRC_0043A/DATA/ESM4/2020095/NAC/M1340607678RE.xml
nac.m1340649883le,2020-04-04T14:30:16.43900,2020-04-04T14:31:09.51400,-1.0,162.7442,-85.3635,-84.58,147.9,179.36,https://data.lroc.im-ldi.com/lroc/view_lroc/LRO-L-LROC-2-EDR-V1.0/M1340649883LE,https://ode.rsl.wustl.edu/moon/indexproductpage.aspx?product_id=nac.m1340649883le&product_idGeo=29607244,https://ode.rsl.wustl.edu/moon/productfiles.aspx?product_id=nac.m1340649883le&product_idGeo=29607244,https://pds.lroc.im-ldi.com/data/LRO-L-LROC-2-EDR-V1.0/LROLRC_0043A/DATA/ESM4/2020095/NAC/M1340649883LE.xml
nac.m1340649883re,2020-04-04T14:30:16.43900,2020-04-04T14:31:09.51400,-1.0,163.0434,-85.2431,-84.47,148.5,179.27,https://data.lroc.im-ldi.com/lroc/view_lroc/LRO-L-LROC-2-EDR-V1.0/M1340649883RE,https://ode.rsl.wustl.edu/moon/indexproductpage.aspx?product_id=nac.m1340649883re&product_idGeo=29607250,https://ode.rsl.wustl.edu/moon/productfiles.aspx?product_id=nac.m1340649883re&product_idGeo=29607250,https://pds.lroc.im-ldi.com/data/LRO-L-LROC-2-EDR-V1.0/LROLRC_0043A/DATA/ESM4/2020095/NAC/M1340649883RE.xml
nac.m1340692086le,2020-04-05T02:13:39.95100,2020-04-05T02:14:33.02600,-1.0,158.8338,-85.3373,-84.66,143.61,175.54,https://data.lroc.im-ldi.com/lroc/view_lroc/LRO-L-LROC-2-EDR-V1.0/M1340692086LE,https://ode.rsl.wustl.edu/moon/indexproductpage.aspx?product_id=nac.m1340692086le&product_idGeo=29609683,https://ode.rsl.wustl.edu/moon/productfiles.aspx?product_id=nac.m1340692086le&product_idGeo=29609683,https://pds.lroc.im-ldi.com/data/LRO-L-LROC-2-EDR-V1.0/LROLRC_0043A/DATA/ESM4/2020096/NAC/M1340692086LE.xml
nac.m1340692086re,2020-04-05T02:13:39.95100,2020-04-05T02:14:33.02600,-1.0,159.0643,-85.2164,-84.55,144.17,175.38,https://data.lroc.im-ldi.com/lroc/view_lroc/LRO-L-LROC-2-EDR-V1.0/M1340692086RE,https://ode.rsl.wustl.edu/moon/indexproductpage.aspx?product_id=nac.m1340692086re&product_idGeo=29609686,https://ode.rsl.wustl.edu/moon/productfiles.aspx?product_id=nac.m1340692086re&product_idGeo=29609686,https://pds.lroc.im-ldi.com/data/LRO-L-LROC-2-EDR-V1.0/LROLRC_0043A/DATA/ESM4/2020096/NAC/M1340692086RE.xml
nac.m1340762431le,2020-04-05T21:46:04.27400,2020-04-05T21:46:57.34800,-1.0,155.2942,-85.464,-85.03,138.7,172.53,https://data.lroc.im-ldi.com/lroc/view_lroc/LRO-L-LROC-2-EDR-V1.0/M1340762431LE,https://ode.rsl.wustl.edu/moon/indexproductpage.aspx?product_id=nac.m1340762431le&product_idGeo=29612949,https://ode.rsl.wustl.edu/moon/productfiles.aspx?product_id=nac.m1340762431le&product_idGeo=29612949,https://pds.lroc.im-ldi.com/data/LRO-L-LROC-2-EDR-V1.0/LROLRC_0043A/DATA/ESM4/2020096/NAC/M1340762431LE.xml
nac.m1340762431re,2020-04-05T21:46:04.27400,2020-04-05T21:46:57.34800,-1.0,155.3842,-85.343,-84.91,139.17,172.18,https://data.lroc.im-ldi.com/lroc/view_lroc/LRO-L-LROC-2-EDR-V1.0/M1340762431RE,https://ode.rsl.wustl.edu/moon/indexproductpage.aspx?product_id=nac.m1340762431re&product_idGeo=29612954,https://ode.rsl.wustl.edu/moon/productfiles.aspx?product_id=nac.m1340762431re&product_idGeo=29612954,https://pds.lroc.im-ldi.com/data/LRO-L-LROC-2-EDR-V1.0/LROLRC_0043A/DATA/ESM4/2020096/NAC/M1340762431RE.xml
nac.m1340776481re,2020-04-06T01:40:14.23100,2020-04-06T01:41:07.30600,-1.0,143.4817,-85.3649,-84.59,128.61,160.12,https://data.lroc.im-ldi.com/lroc/view_lroc/LRO-L-LROC-2-EDR-V1.0/M1340776481RE,https://ode.rsl.wustl.edu/moon/indexproductpage.aspx?product_id=nac.m1340776481re&product_idGeo=29614060,https://ode.rsl.wustl.edu/moon/productfiles.aspx?product_id=nac.m1340776481re&product_idGeo=29614060,https://pds.lroc.im-ldi.com/data/LRO-L-LROC-2-EDR-V1.0/LROLRC_0043A/DATA/ESM4/2020097/NAC/M1340776481RE.xml
nac.m1340853849re,2020-04-06T23:09:42.84400,2020-04-06T23:10:35.91900,-1.0,137.1948,-85.4488,-84.88,121.23,154.37,https://data.lroc.im-ldi.com/lroc/view_lroc/LRO-L-LROC-2-EDR-V1.0/M1340853849RE,https://ode.rsl.wustl.edu/moon/indexproductpage.aspx?product_id=nac.m1340853849re&product_idGeo=29617390,https://ode.rsl.wustl.edu/moon/productfiles.aspx?product_id=nac.m1340853849re&product_idGeo=29617390,https://pds.lroc.im-ldi.com/data/LRO-L-LROC-2-EDR-V1.0/LROLRC_0043A/DATA/ESM4/2020097/NAC/M1340853849RE.xml
nac.m1340860898re,2020-04-07T01:07:11.60600,2020-04-07T01:08:04.68000,-1.0,146.3328,-85.4616,-85.1,129.3,163.18,https://data.lroc.im-ldi.com/lroc/view_lroc/LRO-L-LROC-2-EDR-V1.0/M1340860898RE,https://ode.rsl.wustl.edu/moon/indexproductpage.aspx?product_id=nac.m1340860898re&product_idGeo=29618216,https://ode.rsl.wustl.edu/moon/productfiles.aspx?product_id=nac.m1340860898re&product_idGeo=29618216,https://pds.lroc.im-ldi.com/data/LRO-L-LROC-2-EDR-V1.0/LROLRC_0043A/DATA/ESM4/2020098/NAC/M1340860898RE.xml
nac.m1340938276re,2020-04-07T22:36:49.70800,2020-04-07T22:37:42.78200,-1.0,144.9987,-85.6856,-85.0,126.92,161.3,https://data.lroc.im-ldi.com/lroc/view_lroc/LRO-L-LROC-2-EDR-V1.0/M1340938276RE,https://ode.rsl.wustl.edu/moon/indexproductpage.aspx?product_id=nac.m1340938276re&product_idGeo=29621574,https://ode.rsl.wustl.edu/moon/productfiles.aspx?product_id=nac.m1340938276re&product_idGeo=29621574,https://pds.lroc.im-ldi.com/data/LRO-L-LROC-2-EDR-V1.0/LROLRC_0043A/DATA/ESM4/2020098/NAC/M1340938276RE.xml
nac.m1340945306re,2020-04-08T00:33:59.90200,2020-04-08T00:34:52.97700,-1.0,142.4563,-85.7212,-85.09,124.18,159.12,https://data.lroc.im-ldi.com/lroc/view_lroc/LRO-L-LROC-2-EDR-V1.0/M1340945306RE,https://ode.rsl.wustl.edu/moon/indexproductpage.aspx?product_id=nac.m1340945306re&product_idGeo=29622364,https://ode.rsl.wustl.edu/moon/productfiles.aspx?product_id=nac.m1340945306re&product_idGeo=29622364,https://pds.lroc.im-ldi.com/data/LRO-L-LROC-2-EDR-V1.0/LROLRC_0043A/DATA/ESM4/2020099/NAC/M1340945306RE.xml
nac.m1341022669re,2020-04-08T22:03:22.44100,2020-04-08T22:04:15.51600,-1.0,140.0134,-86.13,-85.13,120.61,156.2,https://data.lroc.im-ldi.com/lroc/view_lroc/LRO-L-LROC-2-EDR-V1.0/M1341022669RE,https://ode.rsl.wustl.edu/moon/indexproductpage.aspx?product_id=nac.m1341022669re&product_idGeo=29625424,https://ode.rsl.wustl.edu/moon/productfiles.aspx?product_id=nac.m1341022669re&product_idGeo=29625424,https://pds.lroc.im-ldi.com/data/LRO-L-LROC-2-EDR-V1.0/LROLRC_0043A/DATA/ESM4/2020099/NAC/M1341022669RE.xml
nac.m1345288175re,2020-05-28T06:55:08.49500,2020-05-28T06:56:01.56900,-1.0,161.3652,-85.23,-83.99,148.77,176.66,https://data.lroc.im-ldi.com/lroc/view_lroc/LRO-L-LROC-2-EDR-V1.0/M1345288175RE,https://ode.rsl.wustl.edu/moon/indexproductpage.aspx?product_id=nac.m1345288175re&product_idGeo=29743830,https://ode.rsl.wustl.edu/moon/productfiles.aspx?product_id=nac.m1345288175re&product_idGeo=29743830,https://pds.lroc.im-ldi.com/data/LRO-L-LROC-2-EDR-V1.0/LROLRC_0043C/DATA/ESM4/2020149/NAC/M1345288175RE.xml
nac.m1345316283le,2020-05-28T14:43:36.84300,2020-05-28T14:44:29.91700,-1.0,160.6481,-85.14,-84.06,147.6,176.02,https://data.lroc.im-ldi.com/lroc/view_lroc/LRO-L-LROC-2-EDR-V1.0/M1345316283LE,https://ode.rsl.wustl.edu/moon/indexproductpage.aspx?product_id=nac.m1345316283le&product_idGeo=29745001,https://ode.rsl.wustl.edu/moon/productfiles.aspx?product_id=nac.m1345316283le&product_idGeo=29745001,https://pds.lroc.im-ldi.com/data/LRO-L-LROC-2-EDR-V1.0/LROLRC_0043C/DATA/ESM4/2020149/NAC/M1345316283LE.xml
nac.m1345316283re,2020-05-28T14:43:36.84300,2020-05-28T14:44:29.91700,-1.0,160.2106,-85.26,-84.15,146.98,175.92,https://data.lroc.im-ldi.com/lroc/view_lroc/LRO-L-LROC-2-EDR-V1.0/M1345316283RE,https://ode.rsl.wustl.edu/moon/indexproductpage.aspx?product_id=nac.m1345316283re&product_idGeo=29745007,https://ode.rsl.wustl.edu/moon/productfiles.aspx?product_id=nac.m1345316283re&product_idGeo=29745007,https://pds.lroc.im-ldi.com/data/LRO-L-LROC-2-EDR-V1.0/LROLRC_0043C/DATA/ESM4/2020149/NAC/M1345316283RE.xml
nac.m1345344401le,2020-05-28T22:32:14.33800,2020-05-28T22:33:07.41300,-1.0,165.2372,-85.1706,-84.48,150.56,181.43,https://data.lroc.im-ldi.com/lroc/view_lroc/LRO-L-LROC-2-EDR-V1.0/M1345344401LE,https://ode.rsl.wustl.edu/moon/indexproductpage.aspx?product_id=nac.m1345344401le&product_idGeo=29746039,https://ode.rsl.wustl.edu/moon/productfiles.aspx?product_id=nac.m1345344401le&product_idGeo=29746039,https://pds.lroc.im-ldi.com/data/LRO-L-LROC-2-EDR-V1.0/LROLRC_0043C/DATA/ESM4/2020149/NAC/M1345344401LE.xml
nac.m1345344401re,2020-05-28T22:32:14.33800,2020-05-28T22:33:07.41300,-1.0,165.0029,-85.2911,-84.58,150.04,181.57,https://data.lroc.im-ldi.com/lroc/view_lroc/LRO-L-LROC-2-EDR-V1.0/M1345344401RE,https://ode.rsl.wustl.edu/moon/indexproductpage.aspx?product_id=nac.m1345344401re&product_idGeo=29746042,https://ode.rsl.wustl.edu/moon/productfiles.aspx?product_id=nac.m1345344401re&product_idGeo=29746042,https://pds.lroc.im-ldi.com/data/LRO-L-LROC-2-EDR-V1.0/LROLRC_0043C/DATA/ESM4/2020149/NAC/M1345344401RE.xml
nac.m1345414643le,2020-05-29T18:02:56.71000,2020-05-29T18:03:49.78500,-1.0,146.4188,-85.16,-84.11,133.15,161.96,https://data.lroc.im-ldi.com/lroc/view_lroc/LRO-L-LROC-2-EDR-V1.0/M1345414643LE,https://ode.rsl.wustl.edu/moon/indexproductpage.aspx?product_id=nac.m1345414643le&product_idGeo=29749676,https://ode.rsl.wustl.edu/moon/productfiles.aspx?product_id=nac.m1345414643le&product_idGeo=29749676,https://pds.lroc.im-ldi.com/data/LRO-L-LROC-2-EDR-V1.0/LROLRC_0043C/DATA/ESM4/2020150/NAC/M1345414643LE.xml
nac.m1345414643re,2020-05-29T18:02:56.71000,2020-05-29T18:03:49.78500,-1.0,146.0194,-85.27,-84.21,132.56,161.88,https://data.lroc.im-ldi.com/lroc/view_lroc/LRO-L-LROC-2-EDR-V1.0/M1345414643RE,https://ode.rsl.wustl.edu/moon/indexproductpage.aspx?product_id=nac.m1345414643re&product_idGeo=29749682,https://ode.rsl.wustl.edu/moon/productfiles.aspx?product_id=nac.m1345414643re&product_idGeo=29749682,https://pds.lroc.im-ldi.com/data/LRO-L-LROC-2-EDR-V1.0/LROLRC_0043C/DATA/ESM4/2020150/NAC/M1345414643RE.xml
nac.m1345435727le,2020-05-29T23:54:20.48900,2020-05-29T23:55:13.56400,-1.0,146.9554,-85.23,-84.35,132.83,163.03,https://data.lroc.im-ldi.com/lroc/view_lroc/LRO-L-LROC-2-EDR-V1.0/M1345435727LE,https://ode.rsl.wustl.edu/moon/indexproductpage.aspx?product_id=nac.m1345435727le&product_idGeo=29750589,https://ode.rsl.wustl.edu/moon/productfiles.aspx?product_id=nac.m1345435727le&product_idGeo=29750589,https://pds.lroc.im-ldi.com/data/LRO-L-LROC-2-EDR-V1.0/LROLRC_0043C/DATA/ESM4/2020150/NAC/M1345435727LE.xml
nac.m1345435727re,2020-05-29T23:54:20.48900,2020-05-29T23:55:13.56400,-1.0,146.618,-85.34,-84.45,132.26,163.05,https://data.lroc.im-ldi.com/lroc/view_lroc/LRO-L-LROC-2-EDR-V1.0/M1345435727RE,https://ode.rsl.wustl.edu/moon/indexproductpage.aspx?product_id=nac.m1345435727re&product_idGeo=29750594,https://ode.rsl.wustl.edu/moon/productfiles.aspx?product_id=nac.m1345435727re&product_idGeo=29750594,https://pds.lroc.im-ldi.com/data/LRO-L-LROC-2-EDR-V1.0/LROLRC_0043C/DATA/ESM4/2020150/NAC/M1345435727RE.xml
nac.m1345449790le,2020-05-30T03:48:43.83600,2020-05-30T03:49:36.91100,-1.0,152.265,-85.26,-84.68,136.84,168.86,https://data.lroc.im-ldi.com/lroc/view_lroc/LRO-L-LROC-2-EDR-V1.0/M1345449790LE,https://ode.rsl.wustl.edu/moon/indexproductpage.aspx?product_id=nac.m1345449790le&product_idGeo=29751905,https://ode.rsl.wustl.edu/moon/productfiles.aspx?product_id=nac.m1345449790le&product_idGeo=29751905,https://pds.lroc.im-ldi.com/data/LRO-L-LROC-2-EDR-V1.0/LROLRC_0043C/DATA/ESM4/2020151/NAC/M1345449790LE.xml
nac.m1345449790re,2020-05-30T03:48:43.83600,2020-05-30T03:49:36.91100,-1.0,152.0634,-85.371,-84.79,136.35,169.08,https://data.lroc.im-ldi.com/lroc/view_lroc/LRO-L-LROC-2-EDR-V1.0/M1345449790RE,https://ode.rsl.wustl.edu/moon/indexproductpage.aspx?product_id=nac.m1345449790re&product_idGeo=29751911,https://ode.rsl.wustl.edu/moon/productfiles.aspx?product_id=nac.m1345449790re&product_idGeo=29751911,https://pds.lroc.im-ldi.com/data/LRO-L-LROC-2-EDR-V1.0/LROLRC_0043C/DATA/ESM4/2020151/NAC/M1345449790RE.xml
nac.m1324168427le,2019-09-26T20:19:20.36300,2019-09-26T20:20:13.43700,-1.0,146.03,-84.91,-83.19,136.15,158.81,https://data.lroc.im-ldi.com/lroc/view_lroc/LRO-L-LROC-2-EDR-V1.0/M1324168427LE,https://ode.rsl.wustl.edu/moon/indexproductpage.aspx?product_id=nac.m1324168427le&product_idGeo=29982322,https://ode.rsl.wustl.edu/moon/productfiles.aspx?product_id=nac.m1324168427le&product_idGeo=29982322,https://pds.lroc.im-ldi.com/data/LRO-L-LROC-2-EDR-V1.0/LROLRC_0041A/DATA/ESM4/2019269/NAC/M1324168427LE.xml
nac.m1324168427re,2019-09-26T20:19:20.36300,2019-09-26T20:20:13.43700,-1.0,145.3164,-85.02,-83.28,135.39,158.28,https://data.lroc.im-ldi.com/lroc/view_lroc/LRO-L-LROC-2-EDR-V1.0/M1324168427RE,https://ode.rsl.wustl.edu/moon/indexproductpage.aspx?product_id=nac.m1324168427re&product_idGeo=29982325,https://ode.rsl.wustl.edu/moon/productfiles.aspx?product_id=nac.m1324168427re&product_idGeo=29982325,https://pds.lroc.im-ldi.com/data/LRO-L-LROC-2-EDR-V1.0/LROLRC_0041A/DATA/ESM4/2019269/NAC/M1324168427RE.xml
nac.m1324625815le,2019-10-02T03:22:28.51900,2019-10-02T03:23:21.59300,-1.0,162.8444,-85.4,-83.23,151.25,170.96,https://data.lroc.im-ldi.com/lroc/view_lroc/LRO-L-LROC-2-EDR-V1.0/M1324625815LE,https://ode.rsl.wustl.edu/moon/indexproductpage.aspx?product_id=nac.m1324625815le&product_idGeo=29994317,https://ode.rsl.wustl.edu/moon/productfiles.aspx?product_id=nac.m1324625815le&product_idGeo=29994317,https://pds.lroc.im-ldi.com/data/LRO-L-LROC-2-EDR-V1.0/LROLRC_0041A/DATA/ESM4/2019275/NAC/M1324625815LE.xml
nac.m1324625815re,2019-10-02T03:22:28.51900,2019-10-02T03:23:21.59300,-1.0,163.8352,-85.49,-83.3,152.22,171.88,https://data.lroc.im-ldi.com/lroc/view_lroc/LRO-L-LROC-2-EDR-V1.0/M1324625815RE,https://ode.rsl.wustl.edu/moon/indexproductpage.aspx?product_id=nac.m1324625815re&product_idGeo=29994321,https://ode.rsl.wustl.edu/moon/productfiles.aspx?product_id=nac.m1324625815re&product_idGeo=29994321,https://pds.lroc.im-ldi.com/data/LRO-L-LROC-2-EDR-V1.0/LROLRC_0041A/DATA/ESM4/2019275/NAC/M1324625815RE.xml
nac.m1324639881le,2019-10-02T07:16:54.59900,2019-10-02T07:17:47.67400,-1.0,160.9512,-85.38,-83.19,150.03,169.39,https://data.lroc.im-ldi.com/lroc/view_lroc/LRO-L-LROC-2-EDR-V1.0/M1324639881LE,https://ode.rsl.wustl.edu/moon/indexproductpage.aspx?product_id=nac.m1324639881le&product_idGeo=29994745,https://ode.rsl.wustl.edu/moon/productfiles.aspx?product_id=nac.m1324639881le&product_idGeo=29994745,https://pds.lroc.im-ldi.com/data/LRO-L-LROC-2-EDR-V1.0/LROLRC_0041A/DATA/ESM4/2019275/NAC/M1324639881LE.xml
nac.m1324639881re,2019-10-02T07:16:54.59900,2019-10-02T07:17:47.67400,-1.0,162.4056,-85.47,-83.25,151.0,170.29,https://data.lroc.im-ldi.com/lroc/view_lroc/LRO-L-LROC-2-EDR-V1.0/M1324639881RE,https://ode.rsl.wustl.edu/moon/indexproductpage.aspx?product_id=nac.m1324639881re&product_idGeo=29994749,https://ode.rsl.wustl.edu/moon/productfiles.aspx?product_id=nac.m1324639881re&product_idGeo=29994749,https://pds.lroc.im-ldi.com/data/LRO-L-LROC-2-EDR-V1.0/LROLRC_0041A/DATA/ESM4/2019275/NAC/M1324639881RE.xml
nac.m1324653946le,2019-10-02T11:11:19.89700,2019-10-02T11:12:12.97200,-1.0,159.7433,-85.37,-83.17,148.45,167.6,https://data.lroc.im-ldi.com/lroc/view_lroc/LRO-L-LROC-2-EDR-V1.0/M1324653946LE,https://ode.rsl.wustl.edu/moon/indexproductpage.aspx?product_id=nac.m1324653946le&product_idGeo=29995091,https://ode.rsl.wustl.edu/moon/productfiles.aspx?product_id=nac.m1324653946le&product_idGeo=29995091,https://pds.lroc.im-ldi.com/data/LRO-L-LROC-2-EDR-V1.0/LROLRC_0041A/DATA/ESM4/2019275/NAC/M1324653946LE.xml
nac.m1324653946re,2019-10-02T11:11:19.89700,2019-10-02T11:12:12.97200,-1.0,160.7101,-85.46,-83.23,149.41,168.49,https://data.lroc.im-ldi.com/lroc/view_lroc/LRO-L-LROC-2-EDR-V1.0/M1324653946RE,https://ode.rsl.wustl.edu/moon/indexproductpage.aspx?product_id=nac.m1324653946re&product_idGeo=29995094,https://ode.rsl.wustl.edu/moon/productfiles.aspx?product_id=nac.m1324653946re&product_idGeo=29995094,https://pds.lroc.im-ldi.com/data/LRO-L-LROC-2-EDR-V1.0/LROLRC_0041A/DATA/ESM4/2019275/NAC/M1324653946RE.xml
nac.m1329348763le,2019-11-25T19:18:16.56500,2019-11-25T19:19:09.63900,-1.0,165.5199,-84.65,-82.3,156.75,171.75,https://data.lroc.im-ldi.com/lroc/view_lroc/LRO-L-LROC-2-EDR-V1.0/M1329348763LE,https://ode.rsl.wustl.edu/moon/indexproductpage.aspx?product_id=nac.m1329348763le&product_idGeo=30194230,https://ode.rsl.wustl.edu/moon/productfiles.aspx?product_id=nac.m1329348763le&product_idGeo=30194230,https://pds.lroc.im-ldi.com/data/LRO-L-LROC-2-EDR-V1.0/LROLRC_0041C/DATA/ESM4/2019329/NAC/M1329348763LE.xml
nac.m1329362849le,2019-11-25T23:13:02.40500,2019-11-25T23:13:55.48000,-1.0,164.17,-84.55,-82.18,155.72,170.19,https://data.lroc.im-ldi.com/lroc/view_lroc/LRO-L-LROC-2-EDR-V1.0/M1329362849LE,https://ode.rsl.wustl.edu/moon/indexproductpage.aspx?product_id=nac.m1329362849le&product_idGeo=30194787,https://ode.rsl.wustl.edu/moon/productfiles.aspx?product_id=nac.m1329362849le&product_idGeo=30194787,https://pds.lroc.im-ldi.com/data/LRO-L-LROC-2-EDR-V1.0/LROLRC_0041C/DATA/ESM4/2019329/NAC/M1329362849LE.xml
nac.m1329362849re,2019-11-25T23:13:02.40500,2019-11-25T23:13:55.48000,-1.0,165.0815,-84.63,-82.23,156.7,171.01,https://data.lroc.im-ldi.com/lroc/view_lroc/LRO-L-LROC-2-EDR-V1.0/M1329362849RE,https://ode.rsl.wustl.edu/moon/indexproductpage.aspx?product_id=nac.m1329362849re&product_idGeo=30194793,https://ode.rsl.wustl.edu/moon/productfiles.aspx?product_id=nac.m1329362849re&product_idGeo=30194793,https://pds.lroc.im-ldi.com/data/LRO-L-LROC-2-EDR-V1.0/LROLRC_0041C/DATA/ESM4/2019329/NAC/M1329362849RE.xml
nac.m1317066957le,2019-07-06T15:41:31.02500,2019-07-06T15:42:19.93700,-1.0,149.5472,-84.77,-83.03,141.11,160.47,https://data.lroc.im-ldi.com/lroc/view_lroc/LRO-L-LROC-2-EDR-V1.0/M1317066957LE,https://ode.rsl.wustl.edu/moon/indexproductpage.aspx?product_id=nac.m1317066957le&product_idGeo=30231669,https://ode.rsl.wustl.edu/moon/productfiles.aspx?product_id=nac.m1317066957le&product_idGeo=30231669,https://pds.lroc.im-ldi.com/data/LRO-L-LROC-2-EDR-V1.0/LROLRC_0040A/DATA/ESM3/2019187/NAC/M1317066957LE.xml
nac.m1317066957re,2019-07-06T15:41:31.02500,2019-07-06T15:42:19.93700,-1.0,148.8429,-84.87,-83.11,140.4,159.87,https://data.lroc.im-ldi.com/lroc/view_lroc/LRO-L-LROC-2-EDR-V1.0/M1317066957RE,https://ode.rsl.wustl.edu/moon/indexproductpage.aspx?product_id=nac.m1317066957re&product_idGeo=30231674,https://ode.rsl.wustl.edu/moon/productfiles.aspx?product_id=nac.m1317066957re&product_idGeo=30231674,https://pds.lroc.im-ldi.com/data/LRO-L-LROC-2-EDR-V1.0/LROLRC_0040A/DATA/ESM3/2019187/NAC/M1317066957RE.xml
nac.m1317081021le,2019-07-06T19:35:55.04200,2019-07-06T19:36:43.95400,-1.0,151.1753,-84.97,-83.35,141.88,163.08,https://data.lroc.im-ldi.com/lroc/view_lroc/LRO-L-LROC-2-EDR-V1.0/M1317081021LE,https://ode.rsl.wustl.edu/moon/indexproductpage.aspx?product_id=nac.m1317081021le&product_idGeo=30232177,https://ode.rsl.wustl.edu/moon/productfiles.aspx?product_id=nac.m1317081021le&product_idGeo=30232177,https://pds.lroc.im-ldi.com/data/LRO-L-LROC-2-EDR-V1.0/LROLRC_0040A/DATA/ESM3/2019187/NAC/M1317081021LE.xml
nac.m1317081021re,2019-07-06T19:35:55.04200,2019-07-06T19:36:43.95400,-1.0,150.8612,-85.07,-83.43,141.17,162.55,https://data.lroc.im-ldi.com/lroc/view_lroc/LRO-L-LROC-2-EDR-V1.0/M1317081021RE,https://ode.rsl.wustl.edu/moon/indexproductpage.aspx?product_id=nac.m1317081021re&product_idGeo=30232184,https://ode.rsl.wustl.edu/moon/productfiles.aspx?product_id=nac.m1317081021re&product_idGeo=30232184,https://pds.lroc.im-ldi.com/data/LRO-L-LROC-2-EDR-V1.0/LROLRC_0040A/DATA/ESM3/2019187/NAC/M1317081021RE.xml
nac.m1317095084le,2019-07-06T23:30:17.69500,2019-07-06T23:31:06.60700,-1.0,152.3289,-85.09,-83.59,142.3,164.98,https://data.lroc.im-ldi.com/lroc/view_lroc/LRO-L-LROC-2-EDR-V1.0/M1317095084LE,https://ode.rsl.wustl.edu/moon/indexproductpage.aspx?product_id=nac.m1317095084le&product_idGeo=30232635,https://ode.rsl.wustl.edu/moon/productfiles.aspx?product_id=nac.m1317095084le&product_idGeo=30232635,https://pds.lroc.im-ldi.com/data/LRO-L-LROC-2-EDR-V1.0/LROLRC_0040A/DATA/ESM3/2019187/NAC/M1317095084LE.xml
nac.m1317095084re,2019-07-06T23:30:17.69500,2019-07-06T23:31:06.60700,-1.0,151.6824,-85.2,-83.68,141.59,164.52,https://data.lroc.im-ldi.com/lroc/view_lroc/LRO-L-LROC-2-EDR-V1.0/M1317095084RE,https://ode.rsl.wustl.edu/moon/indexproductpage.aspx?product_id=nac.m1317095084re&product_idGeo=30232641,https://ode.rsl.wustl.edu/moon/productfiles.aspx?product_id=nac.m1317095084re&product_idGeo=30232641,https://pds.lroc.im-ldi.com/data/LRO-L-LROC-2-EDR-V1.0/LROLRC_0040A/DATA/ESM3/2019187/NAC/M1317095084RE.xml
nac.m1317151307le,2019-07-07T15:07:20.35600,2019-07-07T15:08:05.10500,-1.0,143.2569,-85.03,-83.63,134.06,154.65,https://data.lroc.im-ldi.com/lroc/view_lroc/LRO-L-LROC-2-EDR-V1.0/M1317151307LE,https://ode.rsl.wustl.edu/moon/indexproductpage.aspx?product_id=nac.m1317151307le&product_idGeo=30235085,https://ode.rsl.wustl.edu/moon/productfiles.aspx?product_id=nac.m1317151307le&product_idGeo=30235085,https://pds.lroc.im-ldi.com/data/LRO-L-LROC-2-EDR-V1.0/LROLRC_0040A/DATA/ESM3/2019188/NAC/M1317151307LE.xml
nac.m1317151307re,2019-07-07T15:07:20.35600,2019-07-07T15:08:05.10500,-1.0,142.607,-85.13,-83.71,133.35,154.16,https://data.lroc.im-ldi.com/lroc/view_lroc/LRO-L-LROC-2-EDR-V1.0/M1317151307RE,https://ode.rsl.wustl.edu/moon/indexproductpage.aspx?product_id=nac.m1317151307re&product_idGeo=30235092,https://ode.rsl.wustl.edu/moon/productfiles.aspx?product_id=nac.m1317151307re&product_idGeo=30235092,https://pds.lroc.im-ldi.com/data/LRO-L-LROC-2-EDR-V1.0/LROLRC_0040A/DATA/ESM3/2019188/NAC/M1317151307RE.xml
nac.m1317172399le,2019-07-07T20:58:52.52400,2019-07-07T20:59:45.59800,-1.0,146.5833,-85.31,-83.95,134.37,161.77,https://data.lroc.im-ldi.com/lroc/view_lroc/LRO-L-LROC-2-EDR-V1.0/M1317172399LE,https://ode.rsl.wustl.edu/moon/indexproductpage.aspx?product_id=nac.m1317172399le&product_idGeo=30235920,https://ode.rsl.wustl.edu/moon/productfiles.aspx?product_id=nac.m1317172399le&product_idGeo=30235920,https://pds.lroc.im-ldi.com/data/LRO-L-LROC-2-EDR-V1.0/LROLRC_0040A/DATA/ESM3/2019188/NAC/M1317172399LE.xml
nac.m1317172399re,2019-07-07T20:58:52.52400,2019-07-07T20:59:45.59800,-1.0,146.0092,-85.42,-84.04,133.68,161.5,https://data.lroc.im-ldi.com/lroc/view_lroc/LRO-L-LROC-2-EDR-V1.0/M1317172399RE,https://ode.rsl.wustl.edu/moon/indexproductpage.aspx?product_id=nac.m1317172399re&product_idGeo=30235926,https://ode.rsl.wustl.edu/moon/productfiles.aspx?product_id=nac.m1317172399re&product_idGeo=30235926,https://pds.lroc.im-ldi.com/data/LRO-L-LROC-2-EDR-V1.0/LROLRC_0040A/DATA/ESM3/2019188/NAC/M1317172399RE.xml
nac.m1307638238le,2019-03-19T12:36:11.68100,2019-03-19T12:37:04.75500,-1.0,165.3387,-85.62,-84.19,152.71,181.59,https://data.lroc.im-ldi.com/lroc/view_lroc/LRO-L-LROC-2-EDR-V1.0/M1307638238LE,https://ode.rsl.wustl.edu/moon/indexproductpage.aspx?product_id=nac.m1307638238le&product_idGeo=30255575,https://ode.rsl.wustl.edu/moon/productfiles.aspx?product_id=nac.m1307638238le&product_idGeo=30255575,https://pds.lroc.im-ldi.com/data/LRO-L-LROC-2-EDR-V1.0/LROLRC_0039A/DATA/ESM3/2019078/NAC/M1307638238LE.xml
nac.m1307652292le,2019-03-19T16:30:25.67800,2019-03-19T16:31:18.75200,-1.0,165.1924,-85.64,-84.3,152.09,181.78,https://data.lroc.im-ldi.com/lroc/view_lroc/LRO-L-LROC-2-EDR-V1.0/M1307652292LE,https://ode.rsl.wustl.edu/moon/indexproductpage.aspx?product_id=nac.m1307652292le&product_idGeo=30255696,https://ode.rsl.wustl.edu/moon/productfiles.aspx?product_id=nac.m1307652292le&product_idGeo=30255696,https://pds.lroc.im-ldi.com/data/LRO-L-LROC-2-EDR-V1.0/LROLRC_0039A/DATA/ESM3/2019078/NAC/M1307652292LE.xml
nac.m1307652292re,2019-03-19T16:30:25.67800,2019-03-19T16:31:18.75200,-1.0,165.6994,-85.54,-84.22,152.73,181.98,https://data.lroc.im-ldi.com/lroc/view_lroc/LRO-L-LROC-2-EDR-V1.0/M1307652292RE,https://ode.rsl.wustl.edu/moon/indexproductpage.aspx?product_id=nac.m1307652292re&product_idGeo=30255698,https://ode.rsl.wustl.edu/moon/productfiles.aspx?product_id=nac.m1307652292re&product_idGeo=30255698,https://pds.lroc.im-ldi.com/data/LRO-L-LROC-2-EDR-V1.0/LROLRC_0039A/DATA/ESM3/2019078/NAC/M1307652292RE.xml
nac.m1307673375le,2019-03-19T22:21:48.64900,2019-03-19T22:22:41.72300,-1.0,166.2943,-85.66,-84.5,152.25,183.48,https://data.lroc.im-ldi.com/lroc/view_lroc/LRO-L-LROC-2-EDR-V1.0/M1307673375LE,https://ode.rsl.wustl.edu/moon/indexproductpage.aspx?product_id=nac.m1307673375le&product_idGeo=30255839,https://ode.rsl.wustl.edu/moon/productfiles.aspx?product_id=nac.m1307673375le&product_idGeo=30255839,https://pds.lroc.im-ldi.com/data/LRO-L-LROC-2-EDR-V1.0/LROLRC_0039A/DATA/ESM3/2019078/NAC/M1307673375LE.xml
nac.m1307673375re,2019-03-19T22:21:48.64900,2019-03-19T22:22:41.72300,-1.0,166.7374,-85.55,-84.42,152.87,183.57,https://data.lroc.im-ldi.com/lroc/view_lroc/LRO-L-LROC-2-EDR-V1.0/M1307673375RE,https://ode.rsl.wustl.edu/moon/indexproductpage.aspx?product_id=nac.m1307673375re&product_idGeo=30255840,https://ode.rsl.wustl.edu/moon/productfiles.aspx?product_id=nac.m1307673375re&product_idGeo=30255840,https://pds.lroc.im-ldi.com/data/LRO-L-LROC-2-EDR-V1.0/LROLRC_0039A/DATA/ESM3/2019078/NAC/M1307673375RE.xml
nac.m1310138897le,2019-04-17T11:13:50.55400,2019-04-17T11:14:43.62800,-1.0,165.7667,-85.5979,-85.12,148.74,183.72,https://data.lroc.im-ldi.com/lroc/view_lroc/LRO-L-LROC-2-EDR-V1.0/M1310138897LE,https://ode.rsl.wustl.edu/moon/indexproductpage.aspx?product_id=nac.m1310138897le&product_idGeo=30299140,https://ode.rsl.wustl.edu/moon/productfiles.aspx?product_id=nac.m1310138897le&product_idGeo=30299140,https://pds.lroc.im-ldi.com/data/LRO-L-LROC-2-EDR-V1.0/LROLRC_0039B/DATA/ESM3/2019107/NAC/M1310138897LE.xml
nac.m1310138897re,2019-04-17T11:13:50.55400,2019-04-17T11:14:43.62800,-1.0,165.852,-85.4937,-85.02,149.19,183.42,https://data.lroc.im-ldi.com/lroc/view_lroc/LRO-L-LROC-2-EDR-V1.0/M1310138897RE,https://ode.rsl.wustl.edu/moon/indexproductpage.aspx?product_id=nac.m1310138897re&product_idGeo=30299141,https://ode.rsl.wustl.edu/moon/productfiles.aspx?product_id=nac.m1310138897re&product_idGeo=30299141,https://pds.lroc.im-ldi.com/data/LRO-L-LROC-2-EDR-V1.0/LROLRC_0039B/DATA/ESM3/2019107/NAC/M1310138897RE.xml
nac.m1319414511le,2019-08-02T19:47:24.29600,2019-08-02T19:48:17.37000,-1.0,148.2412,-84.68,-82.74,139.7,159.57,https://data.lroc.im-ldi.com/lroc/view_lroc/LRO-L-LROC-2-EDR-V1.0/M1319414511LE,https://ode.rsl.wustl.edu/moon/indexproductpage.aspx?product_id=nac.m1319414511le&product_idGeo=30314530,https://ode.rsl.wustl.edu/moon/productfiles.aspx?product_id=nac.m1319414511le&product_idGeo=30314530,https://pds.lroc.im-ldi.com/data/LRO-L-LROC-2-EDR-V1.0/LROLRC_0040B/DATA/ESM3/2019214/NAC/M1319414511LE.xml
nac.m1319414511re,2019-08-02T19:47:24.29600,2019-08-02T19:48:17.37000,-1.0,147.5105,-84.78,-82.81,138.98,158.93,https://data.lroc.im-ldi.com/lroc/view_lroc/LRO-L-LROC-2-EDR-V1.0/M1319414511RE,https://ode.rsl.wustl.edu/moon/indexproductpage.aspx?product_id=nac.m1319414511re&product_idGeo=30314562,https://ode.rsl.wustl.edu/moon/productfiles.aspx?product_id=nac.m1319414511re&product_idGeo=30314562,https://pds.lroc.im-ldi.com/data/LRO-L-LROC-2-EDR-V1.0/LROLRC_0040B/DATA/ESM3/2019214/NAC/M1319414511RE.xml
nac.m1319421581le,2019-08-02T21:45:14.09500,2019-08-02T21:46:07.17000,-1.0,164.5218,-85.4,-84.15,151.64,180.3,https://data.lroc.im-ldi.com/lroc/view_lroc/LRO-L-LROC-2-EDR-V1.0/M1319421581LE,https://ode.rsl.wustl.edu/moon/indexproductpage.aspx?product_id=nac.m1319421581le&product_idGeo=30315974,https://ode.rsl.wustl.edu/moon/productfiles.aspx?product_id=nac.m1319421581le&product_idGeo=30315974,https://pds.lroc.im-ldi.com/data/LRO-L-LROC-2-EDR-V1.0/LROLRC_0040B/DATA/ESM3/2019214/NAC/M1319421581LE.xml
nac.m1319421581re,2019-08-02T21:45:14.09500,2019-08-02T21:46:07.17000,-1.0,163.9703,-85.52,-84.24,150.93,180.09,https://data.lroc.im-ldi.com/lroc/view_lroc/LRO-L-LROC-2-EDR-V1.0/M1319421581RE,https://ode.rsl.wustl.edu/moon/indexproductpage.aspx?product_id=nac.m1319421581re&product_idGeo=30315993,https://ode.rsl.wustl.edu/moon/productfiles.aspx?product_id=nac.m1319421581re&product_idGeo=30315993,https://pds.lroc.im-ldi.com/data/LRO-L-LROC-2-EDR-V1.0/LROLRC_0040B/DATA/ESM3/2019214/NAC/M1319421581RE.xml
nac.m1319428597le,2019-08-02T23:42:10.69900,2019-08-02T23:43:03.77300,-1.0,156.3772,-85.2,-83.65,145.25,170.61,https://data.lroc.im-ldi.com/lroc/view_lroc/LRO-L-LROC-2-EDR-V1.0/M1319428597LE,https://ode.rsl.wustl.edu/moon/indexproductpage.aspx?product_id=nac.m1319428597le&product_idGeo=30317461,https://ode.rsl.wustl.edu/moon/productfiles.aspx?product_id=nac.m1319428597le&product_idGeo=30317461,https://pds.lroc.im-ldi.com/data/LRO-L-LROC-2-EDR-V1.0/LROLRC_0040B/DATA/ESM3/2019214/NAC/M1319428597LE.xml
nac.m1319428597re,2019-08-02T23:42:10.69900,2019-08-02T23:43:03.77300,-1.0,155.7253,-85.32,-83.74,144.52,170.2,https://data.lroc.im-ldi.com/lroc/view_lroc/LRO-L-LROC-2-EDR-V1.0/M1319428597RE,https://ode.rsl.wustl.edu/moon/indexproductpage.aspx?product_id=nac.m1319428597re&product_idGeo=30317491,https://ode.rsl.wustl.edu/moon/productfiles.aspx?product_id=nac.m1319428597re&product_idGeo=30317491,https://pds.lroc.im-ldi.com/data/LRO-L-LROC-2-EDR-V1.0/LROLRC_0040B/DATA/ESM3/2019214/NAC/M1319428597RE.xml
nac.m1319435636le,2019-08-03T01:39:29.81000,2019-08-03T01:39:50.62400,-1.0,151.8176,-84.65,-83.92,147.23,156.85,https://data.lroc.im-ldi.com/lroc/view_lroc/LRO-L-LROC-2-EDR-V1.0/M1319435636LE,https://ode.rsl.wustl.edu/moon/indexproductpage.aspx?product_id=nac.m1319435636le&product_idGeo=30320788,https://ode.rsl.wustl.edu/moon/productfiles.aspx?product_id=nac.m1319435636le&product_idGeo=30320788,https://pds.lroc.im-ldi.com/data/LRO-L-LROC-2-EDR-V1.0/LROLRC_0040B/DATA/ESM3/2019215/NAC/M1319435636LE.xml
nac.m1319435636re,2019-08-03T01:39:29.81000,2019-08-03T01:39:50.62400,-1.0,151.1278,-84.75,-84.01,146.51,156.22,https://data.lroc.im-ldi.com/lroc/view_lroc/LRO-L-LROC-2-EDR-V1.0/M1319435636RE,https://ode.rsl.wustl.edu/moon/indexproductpage.aspx?product_id=nac.m1319435636re&product_idGeo=30320804,https://ode.rsl.wustl.edu/moon/productfiles.aspx?product_id=nac.m1319435636re&product_idGeo=30320804,https://pds.lroc.im-ldi.com/data/LRO-L-LROC-2-EDR-V1.0/LROLRC_0040B/DATA/ESM3/2019215/NAC/M1319435636RE.xml
nac.m1319463744le,2019-08-03T09:27:57.23700,2019-08-03T09:28:50.31100,-1.0,147.1889,-84.98,-83.28,137.12,160.23,https://data.lroc.im-ldi.com/lroc/view_lroc/LRO-L-LROC-2-EDR-V1.0/M1319463744LE,https://ode.rsl.wustl.edu/moon/indexproductpage.aspx?product_id=nac.m1319463744le&product_idGeo=30326913,https://ode.rsl.wustl.edu/moon/productfiles.aspx?product_id=nac.m1319463744le&product_idGeo=30326913,https://pds.lroc.im-ldi.com/data/LRO-L-LROC-2-EDR-V1.0/LROLRC_0040B/DATA/ESM3/2019215/NAC/M1319463744LE.xml
nac.m1319463744re,2019-08-03T09:27:57.23700,2019-08-03T09:28:50.31100,-1.0,146.4994,-85.09,-83.36,136.39,159.72,https://data.lroc.im-ldi.com/lroc/view_lroc/LRO-L-LROC-2-EDR-V1.0/M1319463744RE,https://ode.rsl.wustl.edu/moon/indexproductpage.aspx?product_id=nac.m1319463744re&product_idGeo=30326948,https://ode.rsl.wustl.edu/moon/productfiles.aspx?product_id=nac.m1319463744re&product_idGeo=30326948,https://pds.lroc.im-ldi.com/data/LRO-L-LROC-2-EDR-V1.0/LROLRC_0040B/DATA/ESM3/2019215/NAC/M1319463744RE.xml
nac.m1319484846le,2019-08-03T15:19:39.27600,2019-08-03T15:20:32.35100,-1.0,147.7456,-85.15,-83.6,136.71,161.8,https://data.lroc.im-ldi.com/lroc/view_lroc/LRO-L-LROC-2-EDR-V1.0/M1319484846LE,https://ode.rsl.wustl.edu/moon/indexproductpage.aspx?product_id=nac.m1319484846le&product_idGeo=30331046,https://ode.rsl.wustl.edu/moon/productfiles.aspx?product_id=nac.m1319484846le&product_idGeo=30331046,https://pds.lroc.im-ldi.com/data/LRO-L-LROC-2-EDR-V1.0/LROLRC_0040B/DATA/ESM3/2019215/NAC/M1319484846LE.xml
nac.m1319484846re,2019-08-03T15:19:39.27600,2019-08-03T15:20:32.35100,-1.0,147.0867,-85.27,-83.69,135.98,161.39,https://data.lroc.im-ldi.com/lroc/view_lroc/LRO-L-LROC-2-EDR-V1.0/M1319484846RE,https://ode.rsl.wustl.edu/moon/indexproductpage.aspx?product_id=nac.m1319484846re&product_idGeo=30331079,https://ode.rsl.wustl.edu/moon/productfiles.aspx?product_id=nac.m1319484846re&product_idGeo=30331079,https://pds.lroc.im-ldi.com/data/LRO-L-LROC-2-EDR-V1.0/LROLRC_0040B/DATA/ESM3/2019215/NAC/M1319484846RE.xml
nac.m1312526311re,2019-05-15T02:24:04.84800,2019-05-15T02:24:57.92200,-1.0,163.8768,-85.5151,-85.14,146.74,181.36,https://data.lroc.im-ldi.com/lroc/view_lroc/LRO-L-LROC-2-EDR-V1.0/M1312526311RE,https://ode.rsl.wustl.edu/moon/indexproductpage.aspx?product_id=nac.m1312526311re&product_idGeo=30338732,https://ode.rsl.wustl.edu/moon/productfiles.aspx?product_id=nac.m1312526311re&product_idGeo=30338732,https://pds.lroc.im-ldi.com/data/LRO-L-LROC-2-EDR-V1.0/LROLRC_0039B/DATA/ESM3/2019135/NAC/M1312526311RE.xml
nac.m1319520010le,2019-08-04T01:05:43.78200,2019-08-04T01:06:36.85700,-1.0,147.1363,-85.29,-83.93,134.95,162.26,https://data.lroc.im-ldi.com/lroc/view_lroc/LRO-L-LROC-2-EDR-V1.0/M1319520010LE,https://ode.rsl.wustl.edu/moon/indexproductpage.aspx?product_id=nac.m1319520010le&product_idGeo=30338786,https://ode.rsl.wustl.edu/moon/productfiles.aspx?product_id=nac.m1319520010le&product_idGeo=30338786,https://pds.lroc.im-ldi.com/data/LRO-L-LROC-2-EDR-V1.0/LROLRC_0040B/DATA/ESM3/2019216/NAC/M1319520010LE.xml
nac.m1319520010re,2019-08-04T01:05:43.78200,2019-08-04T01:06:36.85700,-1.0,146.5661,-85.4,-84.02,134.24,161.98,https://data.lroc.im-ldi.com/lroc/view_lroc/LRO-L-LROC-2-EDR-V1.0/M1319520010RE,https://ode.rsl.wustl.edu/moon/indexproductpage.aspx?product_id=nac.m1319520010re&product_idGeo=30338822,https://ode.rsl.wustl.edu/moon/productfiles.aspx?product_id=nac.m1319520010re&product_idGeo=30338822,https://pds.lroc.im-ldi.com/data/LRO-L-LROC-2-EDR-V1.0/LROLRC_0040B/DATA/ESM3/2019216/NAC/M1319520010RE.xml
nac.m1314778571le,2019-06-10T04:01:44.44100,2019-06-10T04:02:37.51600,-1.0,153.9419,-85.5,-84.17,141.18,169.89,https://data.lroc.im-ldi.com/lroc/view_lroc/LRO-L-LROC-2-EDR-V1.0/M1314778571LE,https://ode.rsl.wustl.edu/moon/indexproductpage.aspx?product_id=nac.m1314778571le&product_idGeo=30340036,https://ode.rsl.wustl.edu/moon/productfiles.aspx?product_id=nac.m1314778571le&product_idGeo=30340036,https://pds.lroc.im-ldi.com/data/LRO-L-LROC-2-EDR-V1.0/LROLRC_0039C/DATA/ESM3/2019161/NAC/M1314778571LE.xml
nac.m1314778571re,2019-06-10T04:01:44.44100,2019-06-10T04:02:37.51500,-1.0,154.4756,-85.39,-84.08,141.86,170.11,https://data.lroc.im-ldi.com/lroc/view_lroc/LRO-L-LROC-2-EDR-V1.0/M1314778571RE,https://ode.rsl.wustl.edu/moon/indexproductpage.aspx?product_id=nac.m1314778571re&product_idGeo=30340039,https://ode.rsl.wustl.edu/moon/productfiles.aspx?product_id=nac.m1314778571re&product_idGeo=30340039,https://pds.lroc.im-ldi.com/data/LRO-L-LROC-2-EDR-V1.0/LROLRC_0039C/DATA/ESM3/2019161/NAC/M1314778571RE.xml
nac.m1314785589le,2019-06-10T05:58:42.89000,2019-06-10T05:59:35.96400,-1.0,154.2566,-85.53,-84.25,141.16,170.5,https://data.lroc.im-ldi.com/lroc/view_lroc/LRO-L-LROC-2-EDR-V1.0/M1314785589LE,https://ode.rsl.wustl.edu/moon/indexproductpage.aspx?product_id=nac.m1314785589le&product_idGeo=30340172,https://ode.rsl.wustl.edu/moon/productfiles.aspx?product_id=nac.m1314785589le&product_idGeo=30340172,https://pds.lroc.im-ldi.com/data/LRO-L-LROC-2-EDR-V1.0/LROLRC_0039C/DATA/ESM3/2019161/NAC/M1314785589LE.xml
nac.m1314785589re,2019-06-10T05:58:42.88900,2019-06-10T05:59:35.96400,-1.0,154.7729,-85.42,-84.16,141.83,170.68,https://data.lroc.im-ldi.com/lroc/view_lroc/LRO-L-LROC-2-EDR-V1.0/M1314785589RE,https://ode.rsl.wustl.edu/moon/indexproductpage.aspx?product_id=nac.m1314785589re&product_idGeo=30340173,https://ode.rsl.wustl.edu/moon/productfiles.aspx?product_id=nac.m1314785589re&product_idGeo=30340173,https://pds.lroc.im-ldi.com/data/LRO-L-LROC-2-EDR-V1.0/LROLRC_0039C/DATA/ESM3/2019161/NAC/M1314785589RE.xml
nac.m1314792607le,2019-06-10T07:55:40.59300,2019-06-10T07:56:33.66700,-1.0,154.2694,-85.55,-84.32,140.9,170.7,https://data.lroc.im-ldi.com/lroc/view_lroc/LRO-L-LROC-2-EDR-V1.0/M1314792607LE,https://ode.rsl.wustl.edu/moon/indexproductpage.aspx?product_id=nac.m1314792607le&product_idGeo=30340227,https://ode.rsl.wustl.edu/moon/productfiles.aspx?product_id=nac.m1314792607le&product_idGeo=30340227,https://pds.lroc.im-ldi.com/data/LRO-L-LROC-2-EDR-V1.0/LROLRC_0039C/DATA/ESM3/2019161/NAC/M1314792607LE.xml
nac.m1314792607re,2019-06-10T07:55:40.59300,2019-06-10T07:56:33.66700,-1.0,154.7684,-85.43,-84.23,141.56,170.86,https://data.lroc.im-ldi.com/lroc/view_lroc/LRO-L-LROC-2-EDR-V1.0/M1314792607RE,https://ode.rsl.wustl.edu/moon/indexproductpage.aspx?product_id=nac.m1314792607re&product_idGeo=30340228,https://ode.rsl.wustl.edu/moon/productfiles.aspx?product_id=nac.m1314792607re&product_idGeo=30340228,https://pds.lroc.im-ldi.com/data/LRO-L-LROC-2-EDR-V1.0/LROLRC_0039C/DATA/ESM3/2019161/NAC/M1314792607RE.xml
nac.m1314799628le,2019-06-10T09:52:41.75900,2019-06-10T09:53:34.83400,-1.0,156.3289,-85.58,-84.49,142.22,173.24,https://data.lroc.im-ldi.com/lroc/view_lroc/LRO-L-LROC-2-EDR-V1.0/M1314799628LE,https://ode.rsl.wustl.edu/moon/indexproductpage.aspx?product_id=nac.m1314799628le&product_idGeo=30340270,https://ode.rsl.wustl.edu/moon/productfiles.aspx?product_id=nac.m1314799628le&product_idGeo=30340270,https://pds.lroc.im-ldi.com/data/LRO-L-LROC-2-EDR-V1.0/LROLRC_0039C/DATA/ESM3/2019161/NAC/M1314799628LE.xml
nac.m1314799628re,2019-06-10T09:52:41.75900,2019-06-10T09:53:34.83400,-1.0,156.7696,-85.47,-84.4,142.87,173.3,https://data.lroc.im-ldi.com/lroc/view_lroc/LRO-L-LROC-2-EDR-V1.0/M1314799628RE,https://ode.rsl.wustl.edu/moon/indexproductpage.aspx?product_id=nac.m1314799628re&product_idGeo=30340271,https://ode.rsl.wustl.edu/moon/productfiles.aspx?product_id=nac.m1314799628re&product_idGeo=30340271,https://pds.lroc.im-ldi.com/data/LRO-L-LROC-2-EDR-V1.0/LROLRC_0039C/DATA/ESM3/2019161/NAC/M1314799628RE.xml
nac.m1319548149le,2019-08-04T08:54:42.42700,2019-08-04T08:55:35.50100,-1.0,150.1649,-85.38,-84.34,136.37,166.4,https://data.lroc.im-ldi.com/lroc/view_lroc/LRO-L-LROC-2-EDR-V1.0/M1319548149LE,https://ode.rsl.wustl.edu/moon/indexproductpage.aspx?product_id=nac.m1319548149le&product_idGeo=30342217,https://ode.rsl.wustl.edu/moon/productfiles.aspx?product_id=nac.m1319548149le&product_idGeo=30342217,https://pds.lroc.im-ldi.com/data/LRO-L-LROC-2-EDR-V1.0/LROLRC_0040B/DATA/ESM3/2019216/NAC/M1319548149LE.xml
nac.m1319548149re,2019-08-04T08:54:42.42700,2019-08-04T08:55:35.50100,-1.0,149.7181,-85.5,-84.44,135.71,166.33,https://data.lroc.im-ldi.com/lroc/view_lroc/LRO-L-LROC-2-EDR-V1.0/M1319548149RE,https://ode.rsl.wustl.edu/moon/indexproductpage.aspx?product_id=nac.m1319548149re&product_idGeo=30342236,https://ode.rsl.wustl.edu/moon/productfiles.aspx?product_id=nac.m1319548149re&product_idGeo=30342236,https://pds.lroc.im-ldi.com/data/LRO-L-LROC-2-EDR-V1.0/LROLRC_0040B/DATA/ESM3/2019216/NAC/M1319548149RE.xml
nac.m1303513619le,2019-01-30T18:52:32.97300,2019-01-30T18:53:26.04800,-1.0,159.4424,-85.73,-83.47,147.43,167.48,https://data.lroc.im-ldi.com/lroc/view_lroc/LRO-L-LROC-2-EDR-V1.0/M1303513619LE,https://ode.rsl.wustl.edu/moon/indexproductpage.aspx?product_id=nac.m1303513619le&product_idGeo=30372751,https://ode.rsl.wustl.edu/moon/productfiles.aspx?product_id=nac.m1303513619le&product_idGeo=30372751,https://pds.lroc.im-ldi.com/data/LRO-L-LROC-2-EDR-V1.0/LROLRC_0038B/DATA/ESM3/2019030/NAC/M1303513619LE.xml
nac.m1303513619re,2019-01-30T18:52:32.97300,2019-01-30T18:53:26.04800,-1.0,158.6632,-85.66,-83.42,146.64,166.76,https://data.lroc.im-ldi.com/lroc/view_lroc/LRO-L-LROC-2-EDR-V1.0/M1303513619RE,https://ode.rsl.wustl.edu/moon/indexproductpage.aspx?product_id=nac.m1303513619re&product_idGeo=30372753,https://ode.rsl.wustl.edu/moon/productfiles.aspx?product_id=nac.m1303513619re&product_idGeo=30372753,https://pds.lroc.im-ldi.com/data/LRO-L-LROC-2-EDR-V1.0/LROLRC_0038B/DATA/ESM3/2019030/NAC/M1303513619RE.xml
nac.m1303527670le,2019-01-30T22:46:43.83100,2019-01-30T22:47:36.90600,-1.0,154.5646,-85.97,-83.79,141.12,163.5,https://data.lroc.im-ldi.com/lroc/view_lroc/LRO-L-LROC-2-EDR-V1.0/M1303527670LE,https://ode.rsl.wustl.edu/moon/indexproductpage.aspx?product_id=nac.m1303527670le&product_idGeo=30372853,https://ode.rsl.wustl.edu/moon/productfiles.aspx?product_id=nac.m1303527670le&product_idGeo=30372853,https://pds.lroc.im-ldi.com/data/LRO-L-LROC-2-EDR-V1.0/LROLRC_0038B/DATA/ESM3/2019030/NAC/M1303527670LE.xml
nac.m1303527670re,2019-01-30T22:46:43.83100,2019-01-30T22:47:36.90600,-1.0,153.7786,-85.9,-83.74,140.37,162.77,https://data.lroc.im-ldi.com/lroc/view_lroc/LRO-L-LROC-2-EDR-V1.0/M1303527670RE,https://ode.rsl.wustl.edu/moon/indexproductpage.aspx?product_id=nac.m1303527670re&product_idGeo=30372855,https://ode.rsl.wustl.edu/moon/productfiles.aspx?product_id=nac.m1303527670re&product_idGeo=30372855,https://pds.lroc.im-ldi.com/data/LRO-L-LROC-2-EDR-V1.0/LROLRC_0038B/DATA/ESM3/2019030/NAC/M1303527670RE.xml
nac.m1291757790le,2018-09-16T17:22:03.98900,2018-09-16T17:22:26.88400,-1.0,156.3402,-85.45,-84.48,150.92,160.89,https://data.lroc.im-ldi.com/lroc/view_lroc/LRO-L-LROC-2-EDR-V1.0/M1291757790LE,https://ode.rsl.wustl.edu/moon/indexproductpage.aspx?product_id=nac.m1291757790le&product_idGeo=30418991,https://ode.rsl.wustl.edu/moon/productfiles.aspx?product_id=nac.m1291757790le&product_idGeo=30418991,https://pds.lroc.im-ldi.com/data/LRO-L-LROC-2-EDR-V1.0/LROLRC_0037A/DATA/ESM3/2018259/NAC/M1291757790LE.xml
nac.m1291757790re,2018-09-16T17:22:03.98900,2018-09-16T17:22:26.88400,-1.0,157.0157,-85.51,-84.52,151.6,161.55,https://data.lroc.im-ldi.com/lroc/view_lroc/LRO-L-LROC-2-EDR-V1.0/M1291757790RE,https://ode.rsl.wustl.edu/moon/indexproductpage.aspx?product_id=nac.m1291757790re&product_idGeo=30418992,https://ode.rsl.wustl.edu/moon/productfiles.aspx?product_id=nac.m1291757790re&product_idGeo=30418992,https://pds.lroc.im-ldi.com/data/LRO-L-LROC-2-EDR-V1.0/LROLRC_0037A/DATA/ESM3/2018259/NAC/M1291757790RE.xml
nac.m1291771842le,2018-09-16T21:16:15.62700,2018-09-16T21:16:41.64400,-1.0,159.2705,-84.96,-83.78,154.27,163.39,https://data.lroc.im-ldi.com/lroc/view_lroc/LRO-L-LROC-2-EDR-V1.0/M1291771842LE,https://ode.rsl.wustl.edu/moon/indexproductpage.aspx?product_id=nac.m1291771842le&product_idGeo=30419054,https://ode.rsl.wustl.edu/moon/productfiles.aspx?product_id=nac.m1291771842le&product_idGeo=30419054,https://pds.lroc.im-ldi.com/data/LRO-L-LROC-2-EDR-V1.0/LROLRC_0037A/DATA/ESM3/2018259/NAC/M1291771842LE.xml
nac.m1291771842re,2018-09-16T21:16:15.62700,2018-09-16T21:16:41.64400,-1.0,159.9152,-85.01,-83.82,154.94,164.0,https://data.lroc.im-ldi.com/lroc/view_lroc/LRO-L-LROC-2-EDR-V1.0/M1291771842RE,https://ode.rsl.wustl.edu/moon/indexproductpage.aspx?product_id=nac.m1291771842re&product_idGeo=30419055,https://ode.rsl.wustl.edu/moon/productfiles.aspx?product_id=nac.m1291771842re&product_idGeo=30419055,https://pds.lroc.im-ldi.com/data/LRO-L-LROC-2-EDR-V1.0/LROLRC_0037A/DATA/ESM3/2018259/NAC/M1291771842RE.xml
nac.m1293541241le,2018-10-07T08:46:15.04900,2018-10-07T08:47:08.12300,-1.0,161.3149,-85.51,-83.97,149.43,176.91,https://data.lroc.im-ldi.com/lroc/view_lroc/LRO-L-LROC-2-EDR-V1.0/M1293541241LE,https://ode.rsl.wustl.edu/moon/indexproductpage.aspx?product_id=nac.m1293541241le&product_idGeo=30438949,https://ode.rsl.wustl.edu/moon/productfiles.aspx?product_id=nac.m1293541241le&product_idGeo=30438949,https://pds.lroc.im-ldi.com/data/LRO-L-LROC-2-EDR-V1.0/LROLRC_0037A/DATA/ESM3/2018280/NAC/M1293541241LE.xml
nac.m1293541241re,2018-10-07T08:46:15.04900,2018-10-07T08:47:08.12300,-1.0,160.8386,-85.59,-84.03,148.89,176.64,https://data.lroc.im-ldi.com/lroc/view_lroc/LRO-L-LROC-2-EDR-V1.0/M1293541241RE,https://ode.rsl.wustl.edu/moon/indexproductpage.aspx?product_id=nac.m1293541241re&product_idGeo=30438952,https://ode.rsl.wustl.edu/moon/productfiles.aspx?product_id=nac.m1293541241re&product_idGeo=30438952,https://pds.lroc.im-ldi.com/data/LRO-L-LROC-2-EDR-V1.0/LROLRC_0037A/DATA/ESM3/2018280/NAC/M1293541241RE.xml
nac.m1293625545le,2018-10-08T08:11:18.44100,2018-10-08T08:11:52.78300,-1.0,155.4658,-85.45,-84.6,146.27,166.04,https://data.lroc.im-ldi.com/lroc/view_lroc/LRO-L-LROC-2-EDR-V1.0/M1293625545LE,https://ode.rsl.wustl.edu/moon/indexproductpage.aspx?product_id=nac.m1293625545le&product_idGeo=30440365,https://ode.rsl.wustl.edu/moon/productfiles.aspx?product_id=nac.m1293625545le&product_idGeo=30440365,https://pds.lroc.im-ldi.com/data/LRO-L-LROC-2-EDR-V1.0/LROLRC_0037A/DATA/ESM3/2018281/NAC/M1293625545LE.xml
nac.m1293625545re,2018-10-08T08:11:18.44100,2018-10-08T08:11:52.78300,-1.0,155.0555,-85.53,-84.67,145.76,165.79,https://data.lroc.im-ldi.com/lroc/view_lroc/LRO-L-LROC-2-EDR-V1.0/M1293625545RE,https://ode.rsl.wustl.edu/moon/indexproductpage.aspx?product_id=nac.m1293625545re&product_idGeo=30440369,https://ode.rsl.wustl.edu/moon/productfiles.aspx?product_id=nac.m1293625545re&product_idGeo=30440369,https://pds.lroc.im-ldi.com/data/LRO-L-LROC-2-EDR-V1.0/LROLRC_0037A/DATA/ESM3/2018281/NAC/M1293625545RE.xml
nac.m1286591097le,2018-07-18T22:10:30.11400,2018-07-18T22:10:55.09000,-1.0,149.0523,-85.34,-84.63,142.45,156.43,https://data.lroc.im-ldi.com/lroc/view_lroc/LRO-L-LROC-2-EDR-V1.0/M1286591097LE,https://ode.rsl.wustl.edu/moon/indexproductpage.aspx?product_id=nac.m1286591097le&product_idGeo=30463482,https://ode.rsl.wustl.edu/moon/productfiles.aspx?product_id=nac.m1286591097le&product_idGeo=30463482,https://pds.lroc.im-ldi.com/data/LRO-L-LROC-2-EDR-V1.0/LROLRC_0036B/DATA/ESM3/2018199/NAC/M1286591097LE.xml
nac.m1286591097re,2018-07-18T22:10:30.11400,2018-07-18T22:10:55.09000,-1.0,148.6034,-85.42,-84.7,141.93,156.08,https://data.lroc.im-ldi.com/lroc/view_lroc/LRO-L-LROC-2-EDR-V1.0/M1286591097RE,https://ode.rsl.wustl.edu/moon/indexproductpage.aspx?product_id=nac.m1286591097re&product_idGeo=30463486,https://ode.rsl.wustl.edu/moon/productfiles.aspx?product_id=nac.m1286591097re&product_idGeo=30463486,https://pds.lroc.im-ldi.com/data/LRO-L-LROC-2-EDR-V1.0/LROLRC_0036B/DATA/ESM3/2018199/NAC/M1286591097RE.xml
nac.m1321755854re,2019-08-29T22:09:48.02500,2019-08-29T22:10:41.10000,-1.0,147.9152,-84.7,-82.7,139.63,159.01,https://data.lroc.im-ldi.com/lroc/view_lroc/LRO-L-LROC-2-EDR-V1.0/M1321755854RE,https://ode.rsl.wustl.edu/moon/indexproductpage.aspx?product_id=nac.m1321755854re&product_idGeo=30499744,https://ode.rsl.wustl.edu/moon/productfiles.aspx?product_id=nac.m1321755854re&product_idGeo=30499744,https://pds.lroc.im-ldi.com/data/LRO-L-LROC-2-EDR-V1.0/LROLRC_0040C/DATA/ESM3/2019241/NAC/M1321755854RE.xml
nac.m1279479121le,2018-04-27T14:37:34.35500,2018-04-27T14:38:27.43000,-1.0,143.182,-85.11,-83.14,134.18,155.53,https://data.lroc.im-ldi.com/lroc/view_lroc/LRO-L-LROC-2-EDR-V1.0/M1279479121LE,https://ode.rsl.wustl.edu/moon/indexproductpage.aspx?product_id=nac.m1279479121le&product_idGeo=30513307,https://ode.rsl.wustl.edu/moon/productfiles.aspx?product_id=nac.m1279479121le&product_idGeo=30513307,https://pds.lroc.im-ldi.com/data/LRO-L-LROC-2-EDR-V1.0/LROLRC_0035/DATA/ESM3/2018117/NAC/M1279479121LE.xml
nac.m1279479121re,2018-04-27T14:37:34.35500,2018-04-27T14:38:27.43000,-1.0,143.8118,-85.03,-83.08,134.81,156.06,https://data.lroc.im-ldi.com/lroc/view_lroc/LRO-L-LROC-2-EDR-V1.0/M1279479121RE,https://ode.rsl.wustl.edu/moon/indexproductpage.aspx?product_id=nac.m1279479121re&product_idGeo=30513310,https://ode.rsl.wustl.edu/moon/productfiles.aspx?product_id=nac.m1279479121re&product_idGeo=30513310,https://pds.lroc.im-ldi.com/data/LRO-L-LROC-2-EDR-V1.0/LROLRC_0035/DATA/ESM3/2018117/NAC/M1279479121RE.xml
nac.m1279500236le,2018-04-27T20:29:29.25000,2018-04-27T20:30:22.32500,-1.0,150.3691,-85.61,-84.04,138.47,166.05,https://data.lroc.im-ldi.com/lroc/view_lroc/LRO-L-LROC-2-EDR-V1.0/M1279500236LE,https://ode.rsl.wustl.edu/moon/indexproductpage.aspx?product_id=nac.m1279500236le&product_idGeo=30513679,https://ode.rsl.wustl.edu/moon/productfiles.aspx?product_id=nac.m1279500236le&product_idGeo=30513679,https://pds.lroc.im-ldi.com/data/LRO-L-LROC-2-EDR-V1.0/LROLRC_0035/DATA/ESM3/2018117/NAC/M1279500236LE.xml
nac.m1279500236re,2018-04-27T20:29:29.25000,2018-04-27T20:30:22.32500,-1.0,150.9167,-85.52,-83.97,139.1,166.36,https://data.lroc.im-ldi.com/lroc/view_lroc/LRO-L-LROC-2-EDR-V1.0/M1279500236RE,https://ode.rsl.wustl.edu/moon/indexproductpage.aspx?product_id=nac.m1279500236re&product_idGeo=30513684,https://ode.rsl.wustl.edu/moon/productfiles.aspx?product_id=nac.m1279500236re&product_idGeo=30513684,https://pds.lroc.im-ldi.com/data/LRO-L-LROC-2-EDR-V1.0/LROLRC_0035/DATA/ESM3/2018117/NAC/M1279500236RE.xml
nac.m1279542411re,2018-04-28T08:12:24.39800,2018-04-28T08:13:17.47200,-1.0,141.0794,-85.41,-83.72,130.16,155.61,https://data.lroc.im-ldi.com/lroc/view_lroc/LRO-L-LROC-2-EDR-V1.0/M1279542411RE,https://ode.rsl.wustl.edu/moon/indexproductpage.aspx?product_id=nac.m1279542411re&product_idGeo=30515953,https://ode.rsl.wustl.edu/moon/productfiles.aspx?product_id=nac.m1279542411re&product_idGeo=30515953,https://pds.lroc.im-ldi.com/data/LRO-L-LROC-2-EDR-V1.0/LROLRC_0035/DATA/ESM3/2018118/NAC/M1279542411RE.xml
nac.m1288844258le,2018-08-14T00:03:11.17400,2018-08-14T00:03:29.90600,-1.0,152.1979,-84.7,-83.98,148.24,156.59,https://data.lroc.im-ldi.com/lroc/view_lroc/LRO-L-LROC-2-EDR-V1.0/M1288844258LE,https://ode.rsl.wustl.edu/moon/indexproductpage.aspx?product_id=nac.m1288844258le&product_idGeo=30517043,https://ode.rsl.wustl.edu/moon/productfiles.aspx?product_id=nac.m1288844258le&product_idGeo=30517043,https://pds.lroc.im-ldi.com/data/LRO-L-LROC-2-EDR-V1.0/LROLRC_0036B/DATA/ESM3/2018226/NAC/M1288844258LE.xml
nac.m1288844258re,2018-08-14T00:03:11.17400,2018-08-14T00:03:29.90600,-1.0,151.6711,-84.76,-84.04,147.71,156.08,https://data.lroc.im-ldi.com/lroc/view_lroc/LRO-L-LROC-2-EDR-V1.0/M1288844258RE,https://ode.rsl.wustl.edu/moon/indexproductpage.aspx?product_id=nac.m1288844258re&product_idGeo=30517047,https://ode.rsl.wustl.edu/moon/productfiles.aspx?product_id=nac.m1288844258re&product_idGeo=30517047,https://pds.lroc.im-ldi.com/data/LRO-L-LROC-2-EDR-V1.0/LROLRC_0036B/DATA/ESM3/2018226/NAC/M1288844258RE.xml
nac.m1288858304le,2018-08-14T03:57:17.90300,2018-08-14T03:57:32.47300,-1.0,152.3824,-84.77,-84.22,149.03,156.0,https://data.lroc.im-ldi.com/lroc/view_lroc/LRO-L-LROC-2-EDR-V1.0/M1288858304LE,https://ode.rsl.wustl.edu/moon/indexproductpage.aspx?product_id=nac.m1288858304le&product_idGeo=30517307,https://ode.rsl.wustl.edu/moon/productfiles.aspx?product_id=nac.m1288858304le&product_idGeo=30517307,https://pds.lroc.im-ldi.com/data/LRO-L-LROC-2-EDR-V1.0/LROLRC_0036B/DATA/ESM3/2018226/NAC/M1288858304LE.xml
nac.m1288858304re,2018-08-14T03:57:17.90300,2018-08-14T03:57:32.47300,-1.0,151.8637,-84.84,-84.28,148.5,155.5,https://data.lroc.im-ldi.com/lroc/view_lroc/LRO-L-LROC-2-EDR-V1.0/M1288858304RE,https://ode.rsl.wustl.edu/moon/indexproductpage.aspx?product_id=nac.m1288858304re&product_idGeo=30517310,https://ode.rsl.wustl.edu/moon/productfiles.aspx?product_id=nac.m1288858304re&product_idGeo=30517310,https://pds.lroc.im-ldi.com/data/LRO-L-LROC-2-EDR-V1.0/LROLRC_0036B/DATA/ESM3/2018226/NAC/M1288858304RE.xml
nac.m1288935545le,2018-08-15T01:24:38.77900,2018-08-15T01:25:20.40600,-1.0,157.9335,-85.61,-84.76,146.1,171.61,https://data.lroc.im-ldi.com/lroc/view_lroc/LRO-L-LROC-2-EDR-V1.0/M1288935545LE,https://ode.rsl.wustl.edu/moon/indexproductpage.aspx?product_id=nac.m1288935545le&product_idGeo=30518934,https://ode.rsl.wustl.edu/moon/productfiles.aspx?product_id=nac.m1288935545le&product_idGeo=30518934,https://pds.lroc.im-ldi.com/data/LRO-L-LROC-2-EDR-V1.0/LROLRC_0036B/DATA/ESM3/2018227/NAC/M1288935545LE.xml
nac.m1288935545re,2018-08-15T01:24:38.77900,2018-08-15T01:25:20.40600,-1.0,157.5753,-85.7,-84.83,145.61,171.5,https://data.lroc.im-ldi.com/lroc/view_lroc/LRO-L-LROC-2-EDR-V1.0/M1288935545RE,https://ode.rsl.wustl.edu/moon/indexproductpage.aspx?product_id=nac.m1288935545re&product_idGeo=30518936,https://ode.rsl.wustl.edu/moon/productfiles.aspx?product_id=nac.m1288935545re&product_idGeo=30518936,https://pds.lroc.im-ldi.com/data/LRO-L-LROC-2-EDR-V1.0/LROLRC_0036B/DATA/ESM3/2018227/NAC/M1288935545RE.xml
nac.m1322325647re,2019-09-05T12:26:20.50800,2019-09-05T12:27:13.58300,-1.0,162.4658,-84.86,-82.48,153.51,168.72,https://data.lroc.im-ldi.com/lroc/view_lroc/LRO-L-LROC-2-EDR-V1.0/M1322325647RE,https://ode.rsl.wustl.edu/moon/indexproductpage.aspx?product_id=nac.m1322325647re&product_idGeo=30575132,https://ode.rsl.wustl.edu/moon/productfiles.aspx?product_id=nac.m1322325647re&product_idGeo=30575132,https://pds.lroc.im-ldi.com/data/LRO-L-LROC-2-EDR-V1.0/LROLRC_0040C/DATA/ESM3/2019248/NAC/M1322325647RE.xml
nac.m1322332681re,2019-09-05T14:23:34.33900,2019-09-05T14:24:27.41300,-1.0,161.6558,-84.8,-82.42,152.86,167.82,https://data.lroc.im-ldi.com/lroc/view_lroc/LRO-L-LROC-2-EDR-V1.0/M1322332681RE,https://ode.rsl.wustl.edu/moon/indexproductpage.aspx?product_id=nac.m1322332681re&product_idGeo=30575177,https://ode.rsl.wustl.edu/moon/productfiles.aspx?product_id=nac.m1322332681re&product_idGeo=30575177,https://pds.lroc.im-ldi.com/data/LRO-L-LROC-2-EDR-V1.0/LROLRC_0040C/DATA/ESM3/2019248/NAC/M1322332681RE.xml
nac.m1291174881re,2018-09-09T23:26:54.28400,2018-09-09T23:27:47.35900,-1.0,168.6143,-85.76,-84.43,155.08,185.96,https://data.lroc.im-ldi.com/lroc/view_lroc/LRO-L-LROC-2-EDR-V1.0/M1291174881RE,https://ode.rsl.wustl.edu/moon/indexproductpage.aspx?product_id=nac.m1291174881re&product_idGeo=30594302,https://ode.rsl.wustl.edu/moon/productfiles.aspx?product_id=nac.m1291174881re&product_idGeo=30594302,https://pds.lroc.im-ldi.com/data/LRO-L-LROC-2-EDR-V1.0/LROLRC_0036C/DATA/ESM3/2018252/NAC/M1291174881RE.xml
nac.m1296491440re,2018-11-10T12:16:13.24300,2018-11-10T12:17:06.31700,-1.0,155.0678,-85.69,-83.41,143.16,162.99,https://data.lroc.im-ldi.com/lroc/view_lroc/LRO-L-LROC-2-EDR-V1.0/M1296491440RE,https://ode.rsl.wustl.edu/moon/indexproductpage.aspx?product_id=nac.m1296491440re&product_idGeo=30609701,https://ode.rsl.wustl.edu/moon/productfiles.aspx?product_id=nac.m1296491440re&product_idGeo=30609701,https://pds.lroc.im-ldi.com/data/LRO-L-LROC-2-EDR-V1.0/LROLRC_0037B/DATA/ESM3/2018314/NAC/M1296491440RE.xml
nac.m1268259843le,2017-12-18T18:09:36.31100,2017-12-18T18:09:50.88100,-1.0,150.4267,-85.82,-85.19,146.3,154.14,https://data.lroc.im-ldi.com/lroc/view_lroc/LRO-L-LROC-2-EDR-V1.0/M1268259843LE,https://ode.rsl.wustl.edu/moon/indexproductpage.aspx?product_id=nac.m1268259843le&product_idGeo=30618881,https://ode.rsl.wustl.edu/moon/productfiles.aspx?product_id=nac.m1268259843le&product_idGeo=30618881,https://pds.lroc.im-ldi.com/data/LRO-L-LROC-2-EDR-V1.0/LROLRC_0034/DATA/ESM3/2017352/NAC/M1268259843LE.xml
nac.m1275310893le,2018-03-10T08:47:06.17300,2018-03-10T08:47:59.24800,-1.0,147.3644,-86.68,-84.77,128.81,159.47,https://data.lroc.im-ldi.com/lroc/view_lroc/LRO-L-LROC-2-EDR-V1.0/M1275310893LE,https://ode.rsl.wustl.edu/moon/indexproductpage.aspx?product_id=nac.m1275310893le&product_idGeo=30695621,https://ode.rsl.wustl.edu/moon/productfiles.aspx?product_id=nac.m1275310893le&product_idGeo=30695621,https://pds.lroc.im-ldi.com/data/LRO-L-LROC-2-EDR-V1.0/LROLRC_0034/DATA/ESM3/2018069/NAC/M1275310893LE.xml
nac.m1275310893re,2018-03-10T08:47:06.17300,2018-03-10T08:47:59.24800,-1.0,146.5209,-86.6,-84.72,128.19,158.65,https://data.lroc.im-ldi.com/lroc/view_lroc/LRO-L-LROC-2-EDR-V1.0/M1275310893RE,https://ode.rsl.wustl.edu/moon/indexproductpage.aspx?product_id=nac.m1275310893re&product_idGeo=30695623,https://ode.rsl.wustl.edu/moon/productfiles.aspx?product_id=nac.m1275310893re&product_idGeo=30695623,https://pds.lroc.im-ldi.com/data/LRO-L-LROC-2-EDR-V1.0/LROLRC_0034/DATA/ESM3/2018069/NAC/M1275310893RE.xml
nac.m1275324977le,2018-03-10T12:41:50.78200,2018-03-10T12:42:43.85700,-1.0,158.084,-85.79,-83.46,146.05,165.31,https://data.lroc.im-ldi.com/lroc/view_lroc/LRO-L-LROC-2-EDR-V1.0/M1275324977LE,https://ode.rsl.wustl.edu/moon/indexproductpage.aspx?product_id=nac.m1275324977le&product_idGeo=30695776,https://ode.rsl.wustl.edu/moon/productfiles.aspx?product_id=nac.m1275324977le&product_idGeo=30695776,https://pds.lroc.im-ldi.com/data/LRO-L-LROC-2-EDR-V1.0/LROLRC_0034/DATA/ESM3/2018069/NAC/M1275324977LE.xml
nac.m1275324977re,2018-03-10T12:41:50.78200,2018-03-10T12:42:43.85700,-1.0,156.8918,-85.72,-83.42,145.23,164.61,https://data.lroc.im-ldi.com/lroc/view_lroc/LRO-L-LROC-2-EDR-V1.0/M1275324977RE,https://ode.rsl.wustl.edu/moon/indexproductpage.aspx?product_id=nac.m1275324977re&product_idGeo=30695778,https://ode.rsl.wustl.edu/moon/productfiles.aspx?product_id=nac.m1275324977re&product_idGeo=30695778,https://pds.lroc.im-ldi.com/data/LRO-L-LROC-2-EDR-V1.0/LROLRC_0034/DATA/ESM3/2018069/NAC/M1275324977RE.xml
nac.m1275339041le,2018-03-10T16:36:14.61600,2018-03-10T16:37:07.69100,-1.0,158.1379,-85.49,-83.09,147.44,164.6,https://data.lroc.im-ldi.com/lroc/view_lroc/LRO-L-LROC-2-EDR-V1.0/M1275339041LE,https://ode.rsl.wustl.edu/moon/indexproductpage.aspx?product_id=nac.m1275339041le&product_idGeo=30695984,https://ode.rsl.wustl.edu/moon/productfiles.aspx?product_id=nac.m1275339041le&product_idGeo=30695984,https://pds.lroc.im-ldi.com/data/LRO-L-LROC-2-EDR-V1.0/LROLRC_0034/DATA/ESM3/2018069/NAC/M1275339041LE.xml
nac.m1260586994le,2017-09-20T22:48:47.33200,2017-09-20T22:49:36.24300,-1.0,151.5705,-84.89,-82.94,144.04,161.74,https://data.lroc.im-ldi.com/lroc/view_lroc/LRO-L-LROC-2-EDR-V1.0/M1260586994LE,https://ode.rsl.wustl.edu/moon/indexproductpage.aspx?product_id=nac.m1260586994le&product_idGeo=30722862,https://ode.rsl.wustl.edu/moon/productfiles.aspx?product_id=nac.m1260586994le&product_idGeo=30722862,https://pds.lroc.im-ldi.com/data/LRO-L-LROC-2-EDR-V1.0/LROLRC_0033/DATA/ESM3/2017263/NAC/M1260586994LE.xml
nac.m1260586994re,2017-09-20T22:48:47.33200,2017-09-20T22:49:36.24300,-1.0,150.8703,-84.97,-83.0,143.37,161.07,https://data.lroc.im-ldi.com/lroc/view_lroc/LRO-L-LROC-2-EDR-V1.0/M1260586994RE,https://ode.rsl.wustl.edu/moon/indexproductpage.aspx?product_id=nac.m1260586994re&product_idGeo=30722864,https://ode.rsl.wustl.edu/moon/productfiles.aspx?product_id=nac.m1260586994re&product_idGeo=30722864,https://pds.lroc.im-ldi.com/data/LRO-L-LROC-2-EDR-V1.0/LROLRC_0033/DATA/ESM3/2017263/NAC/M1260586994RE.xml
nac.m1262928926re,2017-10-18T01:20:59.63900,2017-10-18T01:21:52.71300,-1.0,149.161,-84.7,-82.47,142.07,159.03,https://data.lroc.im-ldi.com/lroc/view_lroc/LRO-L-LROC-2-EDR-V1.0/M1262928926RE,https://ode.rsl.wustl.edu/moon/indexproductpage.aspx?product_id=nac.m1262928926re&product_idGeo=30749236,https://ode.rsl.wustl.edu/moon/productfiles.aspx?product_id=nac.m1262928926re&product_idGeo=30749236,https://pds.lroc.im-ldi.com/data/LRO-L-LROC-2-EDR-V1.0/LROLRC_0033/DATA/ESM3/2017291/NAC/M1262928926RE.xml
nac.m1262985236le,2017-10-18T16:59:29.50700,2017-10-18T17:00:20.50000,-1.0,158.008,-85.63,-84.08,146.64,172.92,https://data.lroc.im-ldi.com/lroc/view_lroc/LRO-L-LROC-2-EDR-V1.0/M1262985236LE,https://ode.rsl.wustl.edu/moon/indexproductpage.aspx?product_id=nac.m1262985236le&product_idGeo=30749860,https://ode.rsl.wustl.edu/moon/productfiles.aspx?product_id=nac.m1262985236le&product_idGeo=30749860,https://pds.lroc.im-ldi.com/data/LRO-L-LROC-2-EDR-V1.0/LROLRC_0033/DATA/ESM3/2017291/NAC/M1262985236LE.xml
nac.m1262985236re,2017-10-18T16:59:29.50700,2017-10-18T17:00:20.50000,-1.0,157.3614,-85.73,-84.16,145.91,172.5,https://data.lroc.im-ldi.com/lroc/view_lroc/LRO-L-LROC-2-EDR-V1.0/M1262985236RE,https://ode.rsl.wustl.edu/moon/indexproductpage.aspx?product_id=nac.m1262985236re&product_idGeo=30749861,https://ode.rsl.wustl.edu/moon/productfiles.aspx?product_id=nac.m1262985236re&product_idGeo=30749861,https://pds.lroc.im-ldi.com/data/LRO-L-LROC-2-EDR-V1.0/LROLRC_0033/DATA/ESM3/2017291/NAC/M1262985236RE.xml
nac.m1263006343le,2017-10-18T22:51:16.38800,2017-10-18T22:52:07.38100,-1.0,158.4468,-85.69,-84.28,146.23,174.1,https://data.lroc.im-ldi.com/lroc/view_lroc/LRO-L-LROC-2-EDR-V1.0/M1263006343LE,https://ode.rsl.wustl.edu/moon/indexproductpage.aspx?product_id=nac.m1263006343le&product_idGeo=30750067,https://ode.rsl.wustl.edu/moon/productfiles.aspx?product_id=nac.m1263006343le&product_idGeo=30750067,https://pds.lroc.im-ldi.com/data/LRO-L-LROC-2-EDR-V1.0/LROLRC_0033/DATA/ESM3/2017291/NAC/M1263006343LE.xml
nac.m1263006343re,2017-10-18T22:51:16.38800,2017-10-18T22:52:07.38100,-1.0,157.8394,-85.79,-84.36,145.51,173.78,https://data.lroc.im-ldi.com/lroc/view_lroc/LRO-L-LROC-2-EDR-V1.0/M1263006343RE,https://ode.rsl.wustl.edu/moon/indexproductpage.aspx?product_id=nac.m1263006343re&product_idGeo=30750068,https://ode.rsl.wustl.edu/moon/productfiles.aspx?product_id=nac.m1263006343re&product_idGeo=30750068,https://pds.lroc.im-ldi.com/data/LRO-L-LROC-2-EDR-V1.0/LROLRC_0033/DATA/ESM3/2017291/NAC/M1263006343RE.xml
nac.m1263041520le,2017-10-19T08:37:33.71600,2017-10-19T08:38:19.50600,-1.0,156.3949,-85.68,-84.52,144.58,170.81,https://data.lroc.im-ldi.com/lroc/view_lroc/LRO-L-LROC-2-EDR-V1.0/M1263041520LE,https://ode.rsl.wustl.edu/moon/indexproductpage.aspx?product_id=nac.m1263041520le&product_idGeo=30750487,https://ode.rsl.wustl.edu/moon/productfiles.aspx?product_id=nac.m1263041520le&product_idGeo=30750487,https://pds.lroc.im-ldi.com/data/LRO-L-LROC-2-EDR-V1.0/LROLRC_0033/DATA/ESM3/2017292/NAC/M1263041520LE.xml
nac.m1263041520re,2017-10-19T08:37:33.71600,2017-10-19T08:38:19.50600,-1.0,155.8334,-85.78,-84.61,143.88,170.54,https://data.lroc.im-ldi.com/lroc/view_lroc/LRO-L-LROC-2-EDR-V1.0/M1263041520RE,https://ode.rsl.wustl.edu/moon/indexproductpage.aspx?product_id=nac.m1263041520re&product_idGeo=30750488,https://ode.rsl.wustl.edu/moon/productfiles.aspx?product_id=nac.m1263041520re&product_idGeo=30750488,https://pds.lroc.im-ldi.com/data/LRO-L-LROC-2-EDR-V1.0/LROLRC_0033/DATA/ESM3/2017292/NAC/M1263041520RE.xml
nac.m1247118593re,2017-04-18T01:35:26.31500,2017-04-18T01:35:41.92500,-1.0,157.0371,-85.14,-84.4,153.84,159.88,https://data.lroc.im-ldi.com/lroc/view_lroc/LRO-L-LROC-2-EDR-V1.0/M1247118593RE,https://ode.rsl.wustl.edu/moon/indexproductpage.aspx?product_id=nac.m1247118593re&product_idGeo=30853813,https://ode.rsl.wustl.edu/moon/productfiles.aspx?product_id=nac.m1247118593re&product_idGeo=30853813,https://pds.lroc.im-ldi.com/data/LRO-L-LROC-2-EDR-V1.0/LROLRC_0031/DATA/ESM3/2017108/NAC/M1247118593RE.xml
nac.m1251148482le,2017-06-03T17:00:15.58700,2017-06-03T17:00:27.03400,-1.0,156.1316,-84.64,-84.12,153.75,158.69,https://data.lroc.im-ldi.com/lroc/view_lroc/LRO-L-LROC-2-EDR-V1.0/M1251148482LE,https://ode.rsl.wustl.edu/moon/indexproductpage.aspx?product_id=nac.m1251148482le&product_idGeo=30923987,https://ode.rsl.wustl.edu/moon/productfiles.aspx?product_id=nac.m1251148482le&product_idGeo=30923987,https://pds.lroc.im-ldi.com/data/LRO-L-LROC-2-EDR-V1.0/LROLRC_0031/DATA/ESM3/2017154/NAC/M1251148482LE.xml
nac.m1251176590le,2017-06-04T00:48:43.72200,2017-06-04T00:49:36.79600,-1.0,150.1406,-85.07,-82.88,142.03,160.71,https://data.lroc.im-ldi.com/lroc/view_lroc/LRO-L-LROC-2-EDR-V1.0/M1251176590LE,https://ode.rsl.wustl.edu/moon/indexproductpage.aspx?product_id=nac.m1251176590le&product_idGeo=30924549,https://ode.rsl.wustl.edu/moon/productfiles.aspx?product_id=nac.m1251176590le&product_idGeo=30924549,https://pds.lroc.im-ldi.com/data/LRO-L-LROC-2-EDR-V1.0/LROLRC_0031/DATA/ESM3/2017155/NAC/M1251176590LE.xml
nac.m1251176590re,2017-06-04T00:48:43.72200,2017-06-04T00:49:36.79600,-1.0,150.4646,-85.0,-82.83,142.69,161.38,https://data.lroc.im-ldi.com/lroc/view_lroc/LRO-L-LROC-2-EDR-V1.0/M1251176590RE,https://ode.rsl.wustl.edu/moon/indexproductpage.aspx?product_id=nac.m1251176590re&product_idGeo=30924552,https://ode.rsl.wustl.edu/moon/productfiles.aspx?product_id=nac.m1251176590re&product_idGeo=30924552,https://pds.lroc.im-ldi.com/data/LRO-L-LROC-2-EDR-V1.0/LROLRC_0031/DATA/ESM3/2017155/NAC/M1251176590RE.xml
nac.m1251204754le,2017-06-04T08:38:07.96900,2017-06-04T08:38:41.27100,-1.0,152.4654,-85.3,-84.04,145.8,160.68,https://data.lroc.im-ldi.com/lroc/view_lroc/LRO-L-LROC-2-EDR-V1.0/M1251204754LE,https://ode.rsl.wustl.edu/moon/indexproductpage.aspx?product_id=nac.m1251204754le&product_idGeo=30925018,https://ode.rsl.wustl.edu/moon/productfiles.aspx?product_id=nac.m1251204754le&product_idGeo=30925018,https://pds.lroc.im-ldi.com/data/LRO-L-LROC-2-EDR-V1.0/LROLRC_0031/DATA/ESM3/2017155/NAC/M1251204754LE.xml
nac.m1251204754re,2017-06-04T08:38:07.96900,2017-06-04T08:38:41.27100,-1.0,153.1708,-85.22,-83.97,146.52,161.32,https://data.lroc.im-ldi.com/lroc/view_lroc/LRO-L-LROC-2-EDR-V1.0/M1251204754RE,https://ode.rsl.wustl.edu/moon/indexproductpage.aspx?product_id=nac.m1251204754re&product_idGeo=30925020,https://ode.rsl.wustl.edu/moon/productfiles.aspx?product_id=nac.m1251204754re&product_idGeo=30925020,https://pds.lroc.im-ldi.com/data/LRO-L-LROC-2-EDR-V1.0/LROLRC_0031/DATA/ESM3/2017155/NAC/M1251204754RE.xml
nac.m1251232895le,2017-06-04T16:27:08.08300,2017-06-04T16:27:46.58800,-1.0,151.4344,-85.53,-84.17,143.23,161.81,https://data.lroc.im-ldi.com/lroc/view_lroc/LRO-L-LROC-2-EDR-V1.0/M1251232895LE,https://ode.rsl.wustl.edu/moon/indexproductpage.aspx?product_id=nac.m1251232895le&product_idGeo=30925303,https://ode.rsl.wustl.edu/moon/productfiles.aspx?product_id=nac.m1251232895le&product_idGeo=30925303,https://pds.lroc.im-ldi.com/data/LRO-L-LROC-2-EDR-V1.0/LROLRC_0031/DATA/ESM3/2017155/NAC/M1251232895LE.xml
nac.m1251232895re,2017-06-04T16:27:08.08300,2017-06-04T16:27:46.58800,-1.0,152.1314,-85.44,-84.1,143.96,162.39,https://data.lroc.im-ldi.com/lroc/view_lroc/LRO-L-LROC-2-EDR-V1.0/M1251232895RE,https://ode.rsl.wustl.edu/moon/indexproductpage.aspx?product_id=nac.m1251232895re&product_idGeo=30925305,https://ode.rsl.wustl.edu/moon/productfiles.aspx?product_id=nac.m1251232895re&product_idGeo=30925305,https://pds.lroc.im-ldi.com/data/LRO-L-LROC-2-EDR-V1.0/LROLRC_0031/DATA/ESM3/2017155/NAC/M1251232895RE.xml
nac.m1253511658le,2017-07-01T01:26:32.00000,2017-07-01T01:27:25.07400,-1.0,151.4281,-85.01,-82.8,143.93,162.04,https://data.lroc.im-ldi.com/lroc/view_lroc/LRO-L-LROC-2-EDR-V1.0/M1253511658LE,https://ode.rsl.wustl.edu/moon/indexproductpage.aspx?product_id=nac.m1253511658le&product_idGeo=30957092,https://ode.rsl.wustl.edu/moon/productfiles.aspx?product_id=nac.m1253511658le&product_idGeo=30957092,https://pds.lroc.im-ldi.com/data/LRO-L-LROC-2-EDR-V1.0/LROLRC_0032/DATA/ESM3/2017182/NAC/M1253511658LE.xml
nac.m1253518692le,2017-07-01T03:23:45.61400,2017-07-01T03:24:38.68900,-1.0,150.3428,-84.99,-82.77,142.87,160.9,https://data.lroc.im-ldi.com/lroc/view_lroc/LRO-L-LROC-2-EDR-V1.0/M1253518692LE,https://ode.rsl.wustl.edu/moon/indexproductpage.aspx?product_id=nac.m1253518692le&product_idGeo=30957154,https://ode.rsl.wustl.edu/moon/productfiles.aspx?product_id=nac.m1253518692le&product_idGeo=30957154,https://pds.lroc.im-ldi.com/data/LRO-L-LROC-2-EDR-V1.0/LROLRC_0032/DATA/ESM3/2017182/NAC/M1253518692LE.xml
nac.m1253518692re,2017-07-01T03:23:45.61400,2017-07-01T03:24:38.68900,-1.0,151.0488,-84.91,-82.71,143.53,161.58,https://data.lroc.im-ldi.com/lroc/view_lroc/LRO-L-LROC-2-EDR-V1.0/M1253518692RE,https://ode.rsl.wustl.edu/moon/indexproductpage.aspx?product_id=nac.m1253518692re&product_idGeo=30957157,https://ode.rsl.wustl.edu/moon/productfiles.aspx?product_id=nac.m1253518692re&product_idGeo=30957157,https://pds.lroc.im-ldi.com/data/LRO-L-LROC-2-EDR-V1.0/LROLRC_0032/DATA/ESM3/2017182/NAC/M1253518692RE.xml
nac.m1253525771le,2017-07-01T05:21:45.01300,2017-07-01T05:22:38.08700,-1.0,169.2876,-86.1,-84.62,155.8,187.28,https://data.lroc.im-ldi.com/lroc/view_lroc/LRO-L-LROC-2-EDR-V1.0/M1253525771LE,https://ode.rsl.wustl.edu/moon/indexproductpage.aspx?product_id=nac.m1253525771le&product_idGeo=30957182,https://ode.rsl.wustl.edu/moon/productfiles.aspx?product_id=nac.m1253525771le&product_idGeo=30957182,https://pds.lroc.im-ldi.com/data/LRO-L-LROC-2-EDR-V1.0/LROLRC_0032/DATA/ESM3/2017182/NAC/M1253525771LE.xml
nac.m1253525771re,2017-07-01T05:21:45.01300,2017-07-01T05:22:38.08700,-1.0,169.91,-86.0,-84.55,156.53,187.55,https://data.lroc.im-ldi.com/lroc/view_lroc/LRO-L-LROC-2-EDR-V1.0/M1253525771RE,https://ode.rsl.wustl.edu/moon/indexproductpage.aspx?product_id=nac.m1253525771re&product_idGeo=30957185,https://ode.rsl.wustl.edu/moon/productfiles.aspx?product_id=nac.m1253525771re&product_idGeo=30957185,https://pds.lroc.im-ldi.com/data/LRO-L-LROC-2-EDR-V1.0/LROLRC_0032/DATA/ESM3/2017182/NAC/M1253525771RE.xml
nac.m1253532764le,2017-07-01T07:18:17.99600,2017-07-01T07:19:11.07100,-1.0,149.7813,-85.11,-82.94,141.88,160.93,https://data.lroc.im-ldi.com/lroc/view_lroc/LRO-L-LROC-2-EDR-V1.0/M1253532764LE,https://ode.rsl.wustl.edu/moon/indexproductpage.aspx?product_id=nac.m1253532764le&product_idGeo=30957240,https://ode.rsl.wustl.edu/moon/productfiles.aspx?product_id=nac.m1253532764le&product_idGeo=30957240,https://pds.lroc.im-ldi.com/data/LRO-L-LROC-2-EDR-V1.0/LROLRC_0032/DATA/ESM3/2017182/NAC/M1253532764LE.xml
nac.m1253532764re,2017-07-01T07:18:17.99600,2017-07-01T07:19:11.07100,-1.0,150.491,-85.03,-82.88,142.55,161.6,https://data.lroc.im-ldi.com/lroc/view_lroc/LRO-L-LROC-2-EDR-V1.0/M1253532764RE,https://ode.rsl.wustl.edu/moon/indexproductpage.aspx?product_id=nac.m1253532764re&product_idGeo=30957242,https://ode.rsl.wustl.edu/moon/productfiles.aspx?product_id=nac.m1253532764re&product_idGeo=30957242,https://pds.lroc.im-ldi.com/data/LRO-L-LROC-2-EDR-V1.0/LROLRC_0032/DATA/ESM3/2017182/NAC/M1253532764RE.xml
nac.m1253560926le,2017-07-01T15:07:39.25900,2017-07-01T15:08:32.33300,-1.0,155.7712,-85.77,-83.97,144.85,170.91,https://data.lroc.im-ldi.com/lroc/view_lroc/LRO-L-LROC-2-EDR-V1.0/M1253560926LE,https://ode.rsl.wustl.edu/moon/indexproductpage.aspx?product_id=nac.m1253560926le&product_idGeo=30957500,https://ode.rsl.wustl.edu/moon/productfiles.aspx?product_id=nac.m1253560926le&product_idGeo=30957500,https://pds.lroc.im-ldi.com/data/LRO-L-LROC-2-EDR-V1.0/LROLRC_0032/DATA/ESM3/2017182/NAC/M1253560926LE.xml
nac.m1253560926re,2017-07-01T15:07:39.25900,2017-07-01T15:08:32.33300,-1.0,156.4739,-85.68,-83.9,145.58,171.41,https://data.lroc.im-ldi.com/lroc/view_lroc/LRO-L-LROC-2-EDR-V1.0/M1253560926RE,https://ode.rsl.wustl.edu/moon/indexproductpage.aspx?product_id=nac.m1253560926re&product_idGeo=30957502,https://ode.rsl.wustl.edu/moon/productfiles.aspx?product_id=nac.m1253560926re&product_idGeo=30957502,https://pds.lroc.im-ldi.com/data/LRO-L-LROC-2-EDR-V1.0/LROLRC_0032/DATA/ESM3/2017182/NAC/M1253560926RE.xml
nac.m1229972203le,2016-10-01T14:42:16.27800,2016-10-01T14:43:09.35200,-1.0,158.2039,-85.65,-83.55,149.08,171.52,https://data.lroc.im-ldi.com/lroc/view_lroc/LRO-L-LROC-2-EDR-V1.0/M1229972203LE,https://ode.rsl.wustl.edu/moon/indexproductpage.aspx?product_id=nac.m1229972203le&product_idGeo=30966594,https://ode.rsl.wustl.edu/moon/productfiles.aspx?product_id=nac.m1229972203le&product_idGeo=30966594,https://pds.lroc.im-ldi.com/data/LRO-L-LROC-2-EDR-V1.0/LROLRC_0029/DATA/ESM3/2016275/NAC/M1229972203LE.xml
nac.m1229972203re,2016-10-01T14:42:16.27800,2016-10-01T14:43:09.35200,-1.0,157.6779,-85.71,-83.59,148.59,171.06,https://data.lroc.im-ldi.com/lroc/view_lroc/LRO-L-LROC-2-EDR-V1.0/M1229972203RE,https://ode.rsl.wustl.edu/moon/indexproductpage.aspx?product_id=nac.m1229972203re&product_idGeo=30966597,https://ode.rsl.wustl.edu/moon/productfiles.aspx?product_id=nac.m1229972203re&product_idGeo=30966597,https://pds.lroc.im-ldi.com/data/LRO-L-LROC-2-EDR-V1.0/LROLRC_0029/DATA/ESM3/2016275/NAC/M1229972203RE.xml
nac.m1229979250le,2016-10-01T16:39:44.02100,2016-10-01T16:40:32.93300,-1.0,162.5153,-85.9,-84.14,152.38,176.74,https://data.lroc.im-ldi.com/lroc/view_lroc/LRO-L-LROC-2-EDR-V1.0/M1229979250LE,https://ode.rsl.wustl.edu/moon/indexproductpage.aspx?product_id=nac.m1229979250le&product_idGeo=30966716,https://ode.rsl.wustl.edu/moon/productfiles.aspx?product_id=nac.m1229979250le&product_idGeo=30966716,https://pds.lroc.im-ldi.com/data/LRO-L-LROC-2-EDR-V1.0/LROLRC_0029/DATA/ESM3/2016275/NAC/M1229979250LE.xml
nac.m1229979250re,2016-10-01T16:39:44.02100,2016-10-01T16:40:32.93300,-1.0,162.0147,-85.96,-84.19,151.88,176.34,https://data.lroc.im-ldi.com/lroc/view_lroc/LRO-L-LROC-2-EDR-V1.0/M1229979250RE,https://ode.rsl.wustl.edu/moon/indexproductpage.aspx?product_id=nac.m1229979250re&product_idGeo=30966718,https://ode.rsl.wustl.edu/moon/productfiles.aspx?product_id=nac.m1229979250re&product_idGeo=30966718,https://pds.lroc.im-ldi.com/data/LRO-L-LROC-2-EDR-V1.0/LROLRC_0029/DATA/ESM3/2016275/NAC/M1229979250RE.xml
nac.m1229986288le,2016-10-01T18:37:01.39700,2016-10-01T18:37:50.30900,-1.0,163.3285,-85.97,-84.28,152.67,178.2,https://data.lroc.im-ldi.com/lroc/view_lroc/LRO-L-LROC-2-EDR-V1.0/M1229986288LE,https://ode.rsl.wustl.edu/moon/indexproductpage.aspx?product_id=nac.m1229986288le&product_idGeo=30966815,https://ode.rsl.wustl.edu/moon/productfiles.aspx?product_id=nac.m1229986288le&product_idGeo=30966815,https://pds.lroc.im-ldi.com/data/LRO-L-LROC-2-EDR-V1.0/LROLRC_0029/DATA/ESM3/2016275/NAC/M1229986288LE.xml
nac.m1229986288re,2016-10-01T18:37:01.39700,2016-10-01T18:37:50.30900,-1.0,162.8373,-86.03,-84.32,152.16,177.82,https://data.lroc.im-ldi.com/lroc/view_lroc/LRO-L-LROC-2-EDR-V1.0/M1229986288RE,https://ode.rsl.wustl.edu/moon/indexproductpage.aspx?product_id=nac.m1229986288re&product_idGeo=30966817,https://ode.rsl.wustl.edu/moon/productfiles.aspx?product_id=nac.m1229986288re&product_idGeo=30966817,https://pds.lroc.im-ldi.com/data/LRO-L-LROC-2-EDR-V1.0/LROLRC_0029/DATA/ESM3/2016275/NAC/M1229986288RE.xml
nac.m1229993322le,2016-10-01T20:34:15.29600,2016-10-01T20:35:05.24800,-1.0,162.4059,-85.98,-84.27,151.74,177.98,https://data.lroc.im-ldi.com/lroc/view_lroc/LRO-L-LROC-2-EDR-V1.0/M1229993322LE,https://ode.rsl.wustl.edu/moon/indexproductpage.aspx?product_id=nac.m1229993322le&product_idGeo=30966920,https://ode.rsl.wustl.edu/moon/productfiles.aspx?product_id=nac.m1229993322le&product_idGeo=30966920,https://pds.lroc.im-ldi.com/data/LRO-L-LROC-2-EDR-V1.0/LROLRC_0029/DATA/ESM3/2016275/NAC/M1229993322LE.xml
nac.m1229993322re,2016-10-01T20:34:15.29600,2016-10-01T20:35:05.24800,-1.0,162.178,-86.04,-84.31,151.23,177.61,https://data.lroc.im-ldi.com/lroc/view_lroc/LRO-L-LROC-2-EDR-V1.0/M1229993322RE,https://ode.rsl.wustl.edu/moon/indexproductpage.aspx?product_id=nac.m1229993322re&product_idGeo=30966922,https://ode.rsl.wustl.edu/moon/productfiles.aspx?product_id=nac.m1229993322re&product_idGeo=30966922,https://pds.lroc.im-ldi.com/data/LRO-L-LROC-2-EDR-V1.0/LROLRC_0029/DATA/ESM3/2016275/NAC/M1229993322RE.xml
nac.m1230000359le,2016-10-01T22:31:32.48800,2016-10-01T22:32:22.44100,-1.0,163.6832,-86.03,-84.39,151.98,179.32,https://data.lroc.im-ldi.com/lroc/view_lroc/LRO-L-LROC-2-EDR-V1.0/M1230000359LE,https://ode.rsl.wustl.edu/moon/indexproductpage.aspx?product_id=nac.m1230000359le&product_idGeo=30967019,https://ode.rsl.wustl.edu/moon/productfiles.aspx?product_id=nac.m1230000359le&product_idGeo=30967019,https://pds.lroc.im-ldi.com/data/LRO-L-LROC-2-EDR-V1.0/LROLRC_0029/DATA/ESM3/2016275/NAC/M1230000359LE.xml
nac.m1230000359re,2016-10-01T22:31:32.48800,2016-10-01T22:32:22.44100,-1.0,162.944,-86.1,-84.44,151.47,179.0,https://data.lroc.im-ldi.com/lroc/view_lroc/LRO-L-LROC-2-EDR-V1.0/M1230000359RE,https://ode.rsl.wustl.edu/moon/indexproductpage.aspx?product_id=nac.m1230000359re&product_idGeo=30967021,https://ode.rsl.wustl.edu/moon/productfiles.aspx?product_id=nac.m1230000359re&product_idGeo=30967021,https://pds.lroc.im-ldi.com/data/LRO-L-LROC-2-EDR-V1.0/LROLRC_0029/DATA/ESM3/2016275/NAC/M1230000359RE.xml
nac.m1230007393le,2016-10-02T00:28:46.54300,2016-10-02T00:29:39.61700,-1.0,163.3767,-86.08,-84.39,151.06,180.69,https://data.lroc.im-ldi.com/lroc/view_lroc/LRO-L-LROC-2-EDR-V1.0/M1230007393LE,https://ode.rsl.wustl.edu/moon/indexproductpage.aspx?product_id=nac.m1230007393le&product_idGeo=30967948,https://ode.rsl.wustl.edu/moon/productfiles.aspx?product_id=nac.m1230007393le&product_idGeo=30967948,https://pds.lroc.im-ldi.com/data/LRO-L-LROC-2-EDR-V1.0/LROLRC_0029/DATA/ESM3/2016276/NAC/M1230007393LE.xml
nac.m1230007393re,2016-10-02T00:28:46.54300,2016-10-02T00:29:39.61700,-1.0,162.6233,-86.15,-84.44,150.55,180.4,https://data.lroc.im-ldi.com/lroc/view_lroc/LRO-L-LROC-2-EDR-V1.0/M1230007393RE,https://ode.rsl.wustl.edu/moon/indexproductpage.aspx?product_id=nac.m1230007393re&product_idGeo=30967950,https://ode.rsl.wustl.edu/moon/productfiles.aspx?product_id=nac.m1230007393re&product_idGeo=30967950,https://pds.lroc.im-ldi.com/data/LRO-L-LROC-2-EDR-V1.0/LROLRC_0029/DATA/ESM3/2016276/NAC/M1230007393RE.xml
nac.m1230014427le,2016-10-02T02:26:00.30500,2016-10-02T02:26:44.01400,-1.0,159.8346,-85.87,-84.38,150.01,172.96,https://data.lroc.im-ldi.com/lroc/view_lroc/LRO-L-LROC-2-EDR-V1.0/M1230014427LE,https://ode.rsl.wustl.edu/moon/indexproductpage.aspx?product_id=nac.m1230014427le&product_idGeo=30968024,https://ode.rsl.wustl.edu/moon/productfiles.aspx?product_id=nac.m1230014427le&product_idGeo=30968024,https://pds.lroc.im-ldi.com/data/LRO-L-LROC-2-EDR-V1.0/LROLRC_0029/DATA/ESM3/2016276/NAC/M1230014427LE.xml
nac.m1230014427re,2016-10-02T02:26:00.30500,2016-10-02T02:26:44.01400,-1.0,159.3304,-85.94,-84.42,149.5,172.57,https://data.lroc.im-ldi.com/lroc/view_lroc/LRO-L-LROC-2-EDR-V1.0/M1230014427RE,https://ode.rsl.wustl.edu/moon/indexproductpage.aspx?product_id=nac.m1230014427re&product_idGeo=30968026,https://ode.rsl.wustl.edu/moon/productfiles.aspx?product_id=nac.m1230014427re&product_idGeo=30968026,https://pds.lroc.im-ldi.com/data/LRO-L-LROC-2-EDR-V1.0/LROLRC_0029/DATA/ESM3/2016276/NAC/M1230014427RE.xml
nac.m1230021460le,2016-10-02T04:23:13.80500,2016-10-02T04:23:58.55400,-1.0,158.8726,-85.88,-84.35,148.85,172.34,https://data.lroc.im-ldi.com/lroc/view_lroc/LRO-L-LROC-2-EDR-V1.0/M1230021460LE,https://ode.rsl.wustl.edu/moon/indexproductpage.aspx?product_id=nac.m1230021460le&product_idGeo=30968105,https://ode.rsl.wustl.edu/moon/productfiles.aspx?product_id=nac.m1230021460le&product_idGeo=30968105,https://pds.lroc.im-ldi.com/data/LRO-L-LROC-2-EDR-V1.0/LROLRC_0029/DATA/ESM3/2016276/NAC/M1230021460LE.xml
nac.m1230021460re,2016-10-02T04:23:13.80500,2016-10-02T04:23:58.55400,-1.0,158.6435,-85.94,-84.4,148.33,171.96,https://data.lroc.im-ldi.com/lroc/view_lroc/LRO-L-LROC-2-EDR-V1.0/M1230021460RE,https://ode.rsl.wustl.edu/moon/indexproductpage.aspx?product_id=nac.m1230021460re&product_idGeo=30968108,https://ode.rsl.wustl.edu/moon/productfiles.aspx?product_id=nac.m1230021460re&product_idGeo=30968108,https://pds.lroc.im-ldi.com/data/LRO-L-LROC-2-EDR-V1.0/LROLRC_0029/DATA/ESM3/2016276/NAC/M1230021460RE.xml
nac.m1230028494le,2016-10-02T06:20:27.93000,2016-10-02T06:21:14.76100,-1.0,158.7836,-85.92,-84.36,147.93,172.89,https://data.lroc.im-ldi.com/lroc/view_lroc/LRO-L-LROC-2-EDR-V1.0/M1230028494LE,https://ode.rsl.wustl.edu/moon/indexproductpage.aspx?product_id=nac.m1230028494le&product_idGeo=30968178,https://ode.rsl.wustl.edu/moon/productfiles.aspx?product_id=nac.m1230028494le&product_idGeo=30968178,https://pds.lroc.im-ldi.com/data/LRO-L-LROC-2-EDR-V1.0/LROLRC_0029/DATA/ESM3/2016276/NAC/M1230028494LE.xml
nac.m1230028494re,2016-10-02T06:20:27.93000,2016-10-02T06:21:14.76100,-1.0,157.7487,-85.99,-84.41,147.41,172.53,https://data.lroc.im-ldi.com/lroc/view_lroc/LRO-L-LROC-2-EDR-V1.0/M1230028494RE,https://ode.rsl.wustl.edu/moon/indexproductpage.aspx?product_id=nac.m1230028494re&product_idGeo=30968181,https://ode.rsl.wustl.edu/moon/productfiles.aspx?product_id=nac.m1230028494re&product_idGeo=30968181,https://pds.lroc.im-ldi.com/data/LRO-L-LROC-2-EDR-V1.0/LROLRC_0029/DATA/ESM3/2016276/NAC/M1230028494RE.xml
nac.m1230035529le,2016-10-02T08:17:42.33000,2016-10-02T08:18:29.16000,-1.0,157.7875,-85.93,-84.37,147.12,172.24,https://data.lroc.im-ldi.com/lroc/view_lroc/LRO-L-LROC-2-EDR-V1.0/M1230035529LE,https://ode.rsl.wustl.edu/moon/indexproductpage.aspx?product_id=nac.m1230035529le&product_idGeo=30968247,https://ode.rsl.wustl.edu/moon/productfiles.aspx?product_id=nac.m1230035529le&product_idGeo=30968247,https://pds.lroc.im-ldi.com/data/LRO-L-LROC-2-EDR-V1.0/LROLRC_0029/DATA/ESM3/2016276/NAC/M1230035529LE.xml
nac.m1230035529re,2016-10-02T08:17:42.33000,2016-10-02T08:18:29.16000,-1.0,157.2943,-85.99,-84.42,146.6,171.88,https://data.lroc.im-ldi.com/lroc/view_lroc/LRO-L-LROC-2-EDR-V1.0/M1230035529RE,https://ode.rsl.wustl.edu/moon/indexproductpage.aspx?product_id=nac.m1230035529re&product_idGeo=30968250,https://ode.rsl.wustl.edu/moon/productfiles.aspx?product_id=nac.m1230035529re&product_idGeo=30968250,https://pds.lroc.im-ldi.com/data/LRO-L-LROC-2-EDR-V1.0/LROLRC_0029/DATA/ESM3/2016276/NAC/M1230035529RE.xml
nac.m1230042569le,2016-10-02T10:15:02.64100,2016-10-02T10:15:48.43100,-1.0,160.0288,-86.03,-84.62,148.67,175.08,https://data.lroc.im-ldi.com/lroc/view_lroc/LRO-L-LROC-2-EDR-V1.0/M1230042569LE,https://ode.rsl.wustl.edu/moon/indexproductpage.aspx?product_id=nac.m1230042569le&product_idGeo=30968302,https://ode.rsl.wustl.edu/moon/productfiles.aspx?product_id=nac.m1230042569le&product_idGeo=30968302,https://pds.lroc.im-ldi.com/data/LRO-L-LROC-2-EDR-V1.0/LROLRC_0029/DATA/ESM3/2016276/NAC/M1230042569LE.xml
nac.m1230042569re,2016-10-02T10:15:02.64100,2016-10-02T10:15:48.43100,-1.0,159.5549,-86.09,-84.67,148.14,174.77,https://data.lroc.im-ldi.com/lroc/view_lroc/LRO-L-LROC-2-EDR-V1.0/M1230042569RE,https://ode.rsl.wustl.edu/moon/indexproductpage.aspx?product_id=nac.m1230042569re&product_idGeo=30968303,https://ode.rsl.wustl.edu/moon/productfiles.aspx?product_id=nac.m1230042569re&product_idGeo=30968303,https://pds.lroc.im-ldi.com/data/LRO-L-LROC-2-EDR-V1.0/LROLRC_0029/DATA/ESM3/2016276/NAC/M1230042569RE.xml
nac.m1230049604le,2016-10-02T12:12:17.55600,2016-10-02T12:13:04.38600,-1.0,159.9923,-86.05,-84.66,148.15,175.65,https://data.lroc.im-ldi.com/lroc/view_lroc/LRO-L-LROC-2-EDR-V1.0/M1230049604LE,https://ode.rsl.wustl.edu/moon/indexproductpage.aspx?product_id=nac.m1230049604le&product_idGeo=30968373,https://ode.rsl.wustl.edu/moon/productfiles.aspx?product_id=nac.m1230049604le&product_idGeo=30968373,https://pds.lroc.im-ldi.com/data/LRO-L-LROC-2-EDR-V1.0/LROLRC_0029/DATA/ESM3/2016276/NAC/M1230049604LE.xml
nac.m1230049604re,2016-10-02T12:12:17.55600,2016-10-02T12:13:04.38600,-1.0,159.5134,-86.12,-84.71,147.62,175.37,https://data.lroc.im-ldi.com/lroc/view_lroc/LRO-L-LROC-2-EDR-V1.0/M1230049604RE,https://ode.rsl.wustl.edu/moon/indexproductpage.aspx?product_id=nac.m1230049604re&product_idGeo=30968375,https://ode.rsl.wustl.edu/moon/productfiles.aspx?product_id=nac.m1230049604re&product_idGeo=30968375,https://pds.lroc.im-ldi.com/data/LRO-L-LROC-2-EDR-V1.0/LROLRC_0029/DATA/ESM3/2016276/NAC/M1230049604RE.xml
nac.m1230056630le,2016-10-02T14:09:23.53400,2016-10-02T14:10:14.52700,-1.0,155.8568,-85.98,-84.35,144.11,172.03,https://data.lroc.im-ldi.com/lroc/view_lroc/LRO-L-LROC-2-EDR-V1.0/M1230056630LE,https://ode.rsl.wustl.edu/moon/indexproductpage.aspx?product_id=nac.m1230056630le&product_idGeo=30968441,https://ode.rsl.wustl.edu/moon/productfiles.aspx?product_id=nac.m1230056630le&product_idGeo=30968441,https://pds.lroc.im-ldi.com/data/LRO-L-LROC-2-EDR-V1.0/LROLRC_0029/DATA/ESM3/2016276/NAC/M1230056630LE.xml
nac.m1230056630re,2016-10-02T14:09:23.53400,2016-10-02T14:10:14.52700,-1.0,155.3478,-86.05,-84.4,143.57,171.7,https://data.lroc.im-ldi.com/lroc/view_lroc/LRO-L-LROC-2-EDR-V1.0/M1230056630RE,https://ode.rsl.wustl.edu/moon/indexproductpage.aspx?product_id=nac.m1230056630re&product_idGeo=30968443,https://ode.rsl.wustl.edu/moon/productfiles.aspx?product_id=nac.m1230056630re&product_idGeo=30968443,https://pds.lroc.im-ldi.com/data/LRO-L-LROC-2-EDR-V1.0/LROLRC_0029/DATA/ESM3/2016276/NAC/M1230056630RE.xml
nac.m1230063659le,2016-10-02T16:06:32.77200,2016-10-02T16:07:25.84700,-1.0,153.0817,-85.92,-84.16,141.51,169.32,https://data.lroc.im-ldi.com/lroc/view_lroc/LRO-L-LROC-2-EDR-V1.0/M1230063659LE,https://ode.rsl.wustl.edu/moon/indexproductpage.aspx?product_id=nac.m1230063659le&product_idGeo=30968520,https://ode.rsl.wustl.edu/moon/productfiles.aspx?product_id=nac.m1230063659le&product_idGeo=30968520,https://pds.lroc.im-ldi.com/data/LRO-L-LROC-2-EDR-V1.0/LROLRC_0029/DATA/ESM3/2016276/NAC/M1230063659LE.xml
nac.m1230063659re,2016-10-02T16:06:32.77200,2016-10-02T16:07:25.84700,-1.0,152.5671,-85.99,-84.21,140.98,168.97,https://data.lroc.im-ldi.com/lroc/view_lroc/LRO-L-LROC-2-EDR-V1.0/M1230063659RE,https://ode.rsl.wustl.edu/moon/indexproductpage.aspx?product_id=nac.m1230063659re&product_idGeo=30968523,https://ode.rsl.wustl.edu/moon/productfiles.aspx?product_id=nac.m1230063659re&product_idGeo=30968523,https://pds.lroc.im-ldi.com/data/LRO-L-LROC-2-EDR-V1.0/LROLRC_0029/DATA/ESM3/2016276/NAC/M1230063659RE.xml
nac.m1230070690le,2016-10-02T18:03:43.87400,2016-10-02T18:04:36.94800,-1.0,150.7804,-85.85,-84.04,139.63,166.48,https://data.lroc.im-ldi.com/lroc/view_lroc/LRO-L-LROC-2-EDR-V1.0/M1230070690LE,https://ode.rsl.wustl.edu/moon/indexproductpage.aspx?product_id=nac.m1230070690le&product_idGeo=30968628,https://ode.rsl.wustl.edu/moon/productfiles.aspx?product_id=nac.m1230070690le&product_idGeo=30968628,https://pds.lroc.im-ldi.com/data/LRO-L-LROC-2-EDR-V1.0/LROLRC_0029/DATA/ESM3/2016276/NAC/M1230070690LE.xml
nac.m1230070690re,2016-10-02T18:03:43.87400,2016-10-02T18:04:36.94800,-1.0,150.2583,-85.92,-84.09,139.1,166.11,https://data.lroc.im-ldi.com/lroc/view_lroc/LRO-L-LROC-2-EDR-V1.0/M1230070690RE,https://ode.rsl.wustl.edu/moon/indexproductpage.aspx?product_id=nac.m1230070690re&product_idGeo=30968630,https://ode.rsl.wustl.edu/moon/productfiles.aspx?product_id=nac.m1230070690re&product_idGeo=30968630,https://pds.lroc.im-ldi.com/data/LRO-L-LROC-2-EDR-V1.0/LROLRC_0029/DATA/ESM3/2016276/NAC/M1230070690RE.xml
nac.m1230077754le,2016-10-02T20:01:27.40100,2016-10-02T20:02:20.47600,-1.0,167.4027,-86.18,-85.13,151.1,187.65,https://data.lroc.im-ldi.com/lroc/view_lroc/LRO-L-LROC-2-EDR-V1.0/M1230077754LE,https://ode.rsl.wustl.edu/moon/indexproductpage.aspx?product_id=nac.m1230077754le&product_idGeo=30968725,https://ode.rsl.wustl.edu/moon/productfiles.aspx?product_id=nac.m1230077754le&product_idGeo=30968725,https://pds.lroc.im-ldi.com/data/LRO-L-LROC-2-EDR-V1.0/LROLRC_0029/DATA/ESM3/2016276/NAC/M1230077754LE.xml
nac.m1230077754re,2016-10-02T20:01:27.40100,2016-10-02T20:02:20.47600,-1.0,167.0643,-86.25,-85.19,150.58,187.66,https://data.lroc.im-ldi.com/lroc/view_lroc/LRO-L-LROC-2-EDR-V1.0/M1230077754RE,https://ode.rsl.wustl.edu/moon/indexproductpage.aspx?product_id=nac.m1230077754re&product_idGeo=30968727,https://ode.rsl.wustl.edu/moon/productfiles.aspx?product_id=nac.m1230077754re&product_idGeo=30968727,https://pds.lroc.im-ldi.com/data/LRO-L-LROC-2-EDR-V1.0/LROLRC_0029/DATA/ESM3/2016276/NAC/M1230077754RE.xml
nac.m1230084775le,2016-10-02T21:58:28.82200,2016-10-02T21:59:21.89600,-1.0,158.172,-86.09,-84.68,144.22,176.73,https://data.lroc.im-ldi.com/lroc/view_lroc/LRO-L-LROC-2-EDR-V1.0/M1230084775LE,https://ode.rsl.wustl.edu/moon/indexproductpage.aspx?product_id=nac.m1230084775le&product_idGeo=30968814,https://ode.rsl.wustl.edu/moon/productfiles.aspx?product_id=nac.m1230084775le&product_idGeo=30968814,https://pds.lroc.im-ldi.com/data/LRO-L-LROC-2-EDR-V1.0/LROLRC_0029/DATA/ESM3/2016276/NAC/M1230084775LE.xml
nac.m1230091787le,2016-10-02T23:55:21.06100,2016-10-02T23:56:14.13600,-1.0,145.5711,-85.69,-83.81,135.14,160.27,https://data.lroc.im-ldi.com/lroc/view_lroc/LRO-L-LROC-2-EDR-V1.0/M1230091787LE,https://ode.rsl.wustl.edu/moon/indexproductpage.aspx?product_id=nac.m1230091787le&product_idGeo=30968906,https://ode.rsl.wustl.edu/moon/productfiles.aspx?product_id=nac.m1230091787le&product_idGeo=30968906,https://pds.lroc.im-ldi.com/data/LRO-L-LROC-2-EDR-V1.0/LROLRC_0029/DATA/ESM3/2016276/NAC/M1230091787LE.xml
nac.m1230668642le,2016-10-09T16:09:35.52300,2016-10-09T16:10:28.59800,-1.0,153.0026,-86.35,-84.02,139.37,161.44,https://data.lroc.im-ldi.com/lroc/view_lroc/LRO-L-LROC-2-EDR-V1.0/M1230668642LE,https://ode.rsl.wustl.edu/moon/indexproductpage.aspx?product_id=nac.m1230668642le&product_idGeo=30980124,https://ode.rsl.wustl.edu/moon/productfiles.aspx?product_id=nac.m1230668642le&product_idGeo=30980124,https://pds.lroc.im-ldi.com/data/LRO-L-LROC-2-EDR-V1.0/LROLRC_0029/DATA/ESM3/2016283/NAC/M1230668642LE.xml
nac.m1230668642re,2016-10-09T16:09:35.52300,2016-10-09T16:10:28.59800,-1.0,153.6854,-86.4,-84.05,140.07,162.04,https://data.lroc.im-ldi.com/lroc/view_lroc/LRO-L-LROC-2-EDR-V1.0/M1230668642RE,https://ode.rsl.wustl.edu/moon/indexproductpage.aspx?product_id=nac.m1230668642re&product_idGeo=30980127,https://ode.rsl.wustl.edu/moon/productfiles.aspx?product_id=nac.m1230668642re&product_idGeo=30980127,https://pds.lroc.im-ldi.com/data/LRO-L-LROC-2-EDR-V1.0/LROLRC_0029/DATA/ESM3/2016283/NAC/M1230668642RE.xml
nac.m1230675691le,2016-10-09T18:07:04.96100,2016-10-09T18:07:58.03600,-1.0,157.4669,-85.69,-83.19,147.46,163.9,https://data.lroc.im-ldi.com/lroc/view_lroc/LRO-L-LROC-2-EDR-V1.0/M1230675691LE,https://ode.rsl.wustl.edu/moon/indexproductpage.aspx?product_id=nac.m1230675691le&product_idGeo=30980201,https://ode.rsl.wustl.edu/moon/productfiles.aspx?product_id=nac.m1230675691le&product_idGeo=30980201,https://pds.lroc.im-ldi.com/data/LRO-L-LROC-2-EDR-V1.0/LROLRC_0029/DATA/ESM3/2016283/NAC/M1230675691LE.xml
nac.m1230675691re,2016-10-09T18:07:04.96100,2016-10-09T18:07:58.03600,-1.0,158.0863,-85.73,-83.22,148.15,164.44,https://data.lroc.im-ldi.com/lroc/view_lroc/LRO-L-LROC-2-EDR-V1.0/M1230675691RE,https://ode.rsl.wustl.edu/moon/indexproductpage.aspx?product_id=nac.m1230675691re&product_idGeo=30980203,https://ode.rsl.wustl.edu/moon/productfiles.aspx?product_id=nac.m1230675691re&product_idGeo=30980203,https://pds.lroc.im-ldi.com/data/LRO-L-LROC-2-EDR-V1.0/LROLRC_0029/DATA/ESM3/2016283/NAC/M1230675691RE.xml
nac.m1230682726le,2016-10-09T20:04:20.04100,2016-10-09T20:05:13.11500,-1.0,156.7175,-85.57,-83.06,147.45,163.22,https://data.lroc.im-ldi.com/lroc/view_lroc/LRO-L-LROC-2-EDR-V1.0/M1230682726LE,https://ode.rsl.wustl.edu/moon/indexproductpage.aspx?product_id=nac.m1230682726le&product_idGeo=30980272,https://ode.rsl.wustl.edu/moon/productfiles.aspx?product_id=nac.m1230682726le&product_idGeo=30980272,https://pds.lroc.im-ldi.com/data/LRO-L-LROC-2-EDR-V1.0/LROLRC_0029/DATA/ESM3/2016283/NAC/M1230682726LE.xml
nac.m1230682726re,2016-10-09T20:04:20.04100,2016-10-09T20:05:13.11500,-1.0,157.3229,-85.61,-83.09,148.13,163.75,https://data.lroc.im-ldi.com/lroc/view_lroc/LRO-L-LROC-2-EDR-V1.0/M1230682726RE,https://ode.rsl.wustl.edu/moon/indexproductpage.aspx?product_id=nac.m1230682726re&product_idGeo=30980275,https://ode.rsl.wustl.edu/moon/productfiles.aspx?product_id=nac.m1230682726re&product_idGeo=30980275,https://pds.lroc.im-ldi.com/data/LRO-L-LROC-2-EDR-V1.0/LROLRC_0029/DATA/ESM3/2016283/NAC/M1230682726RE.xml
nac.m1255860762re,2017-07-28T05:58:15.78500,2017-07-28T05:59:08.86000,-1.0,152.3464,-84.99,-82.79,144.78,163.0,https://data.lroc.im-ldi.com/lroc/view_lroc/LRO-L-LROC-2-EDR-V1.0/M1255860762RE,https://ode.rsl.wustl.edu/moon/indexproductpage.aspx?product_id=nac.m1255860762re&product_idGeo=30997335,https://ode.rsl.wustl.edu/moon/productfiles.aspx?product_id=nac.m1255860762re&product_idGeo=30997335,https://pds.lroc.im-ldi.com/data/LRO-L-LROC-2-EDR-V1.0/LROLRC_0032/DATA/ESM3/2017209/NAC/M1255860762RE.xml
nac.m1255874856le,2017-07-28T09:53:09.18600,2017-07-28T09:54:02.26100,-1.0,160.9569,-85.62,-83.79,150.44,175.44,https://data.lroc.im-ldi.com/lroc/view_lroc/LRO-L-LROC-2-EDR-V1.0/M1255874856LE,https://ode.rsl.wustl.edu/moon/indexproductpage.aspx?product_id=nac.m1255874856le&product_idGeo=30997539,https://ode.rsl.wustl.edu/moon/productfiles.aspx?product_id=nac.m1255874856le&product_idGeo=30997539,https://pds.lroc.im-ldi.com/data/LRO-L-LROC-2-EDR-V1.0/LROLRC_0032/DATA/ESM3/2017209/NAC/M1255874856LE.xml
nac.m1255874856re,2017-07-28T09:53:09.18600,2017-07-28T09:54:02.26100,-1.0,160.2633,-85.71,-83.86,149.73,174.91,https://data.lroc.im-ldi.com/lroc/view_lroc/LRO-L-LROC-2-EDR-V1.0/M1255874856RE,https://ode.rsl.wustl.edu/moon/indexproductpage.aspx?product_id=nac.m1255874856re&product_idGeo=30997540,https://ode.rsl.wustl.edu/moon/productfiles.aspx?product_id=nac.m1255874856re&product_idGeo=30997540,https://pds.lroc.im-ldi.com/data/LRO-L-LROC-2-EDR-V1.0/LROLRC_0032/DATA/ESM3/2017209/NAC/M1255874856RE.xml
nac.m1255888897le,2017-07-28T13:47:10.68500,2017-07-28T13:48:03.75900,-1.0,148.8829,-84.84,-82.66,141.32,159.41,https://data.lroc.im-ldi.com/lroc/view_lroc/LRO-L-LROC-2-EDR-V1.0/M1255888897LE,https://ode.rsl.wustl.edu/moon/indexproductpage.aspx?product_id=nac.m1255888897le&product_idGeo=30997709,https://ode.rsl.wustl.edu/moon/productfiles.aspx?product_id=nac.m1255888897le&product_idGeo=30997709,https://pds.lroc.im-ldi.com/data/LRO-L-LROC-2-EDR-V1.0/LROLRC_0032/DATA/ESM3/2017209/NAC/M1255888897LE.xml
nac.m1255888897re,2017-07-28T13:47:10.68500,2017-07-28T13:48:03.75900,-1.0,148.1823,-84.92,-82.72,140.65,158.72,https://data.lroc.im-ldi.com/lroc/view_lroc/LRO-L-LROC-2-EDR-V1.0/M1255888897RE,https://ode.rsl.wustl.edu/moon/indexproductpage.aspx?product_id=nac.m1255888897re&product_idGeo=30997711,https://ode.rsl.wustl.edu/moon/productfiles.aspx?product_id=nac.m1255888897re&product_idGeo=30997711,https://pds.lroc.im-ldi.com/data/LRO-L-LROC-2-EDR-V1.0/LROLRC_0032/DATA/ESM3/2017209/NAC/M1255888897RE.xml
nac.m1255902976le,2017-07-28T17:41:49.30700,2017-07-28T17:42:42.38100,-1.0,150.5526,-85.16,-83.11,141.92,162.54,https://data.lroc.im-ldi.com/lroc/view_lroc/LRO-L-LROC-2-EDR-V1.0/M1255902976LE,https://ode.rsl.wustl.edu/moon/indexproductpage.aspx?product_id=nac.m1255902976le&product_idGeo=30997893,https://ode.rsl.wustl.edu/moon/productfiles.aspx?product_id=nac.m1255902976le&product_idGeo=30997893,https://pds.lroc.im-ldi.com/data/LRO-L-LROC-2-EDR-V1.0/LROLRC_0032/DATA/ESM3/2017209/NAC/M1255902976LE.xml
nac.m1255902976re,2017-07-28T17:41:49.30700,2017-07-28T17:42:42.38100,-1.0,149.8377,-85.25,-83.18,141.23,161.89,https://data.lroc.im-ldi.com/lroc/view_lroc/LRO-L-LROC-2-EDR-V1.0/M1255902976RE,https://ode.rsl.wustl.edu/moon/indexproductpage.aspx?product_id=nac.m1255902976re&product_idGeo=30997895,https://ode.rsl.wustl.edu/moon/productfiles.aspx?product_id=nac.m1255902976re&product_idGeo=30997895,https://pds.lroc.im-ldi.com/data/LRO-L-LROC-2-EDR-V1.0/LROLRC_0032/DATA/ESM3/2017209/NAC/M1255902976RE.xml
nac.m1255931134le,2017-07-29T01:31:07.35700,2017-07-29T01:32:00.43200,-1.0,156.1944,-85.68,-84.01,144.76,171.58,https://data.lroc.im-ldi.com/lroc/view_lroc/LRO-L-LROC-2-EDR-V1.0/M1255931134LE,https://ode.rsl.wustl.edu/moon/indexproductpage.aspx?product_id=nac.m1255931134le&product_idGeo=30998601,https://ode.rsl.wustl.edu/moon/productfiles.aspx?product_id=nac.m1255931134le&product_idGeo=30998601,https://pds.lroc.im-ldi.com/data/LRO-L-LROC-2-EDR-V1.0/LROLRC_0032/DATA/ESM3/2017210/NAC/M1255931134LE.xml
nac.m1255931134re,2017-07-29T01:31:07.35700,2017-07-29T01:32:00.43200,-1.0,155.5046,-85.78,-84.08,144.03,171.12,https://data.lroc.im-ldi.com/lroc/view_lroc/LRO-L-LROC-2-EDR-V1.0/M1255931134RE,https://ode.rsl.wustl.edu/moon/indexproductpage.aspx?product_id=nac.m1255931134re&product_idGeo=30998603,https://ode.rsl.wustl.edu/moon/productfiles.aspx?product_id=nac.m1255931134re&product_idGeo=30998603,https://pds.lroc.im-ldi.com/data/LRO-L-LROC-2-EDR-V1.0/LROLRC_0032/DATA/ESM3/2017210/NAC/M1255931134RE.xml
nac.m1255973364le,2017-07-29T13:14:57.63300,2017-07-29T13:15:50.70800,-1.0,164.8361,-85.87,-84.83,149.65,183.12,https://data.lroc.im-ldi.com/lroc/view_lroc/LRO-L-LROC-2-EDR-V1.0/M1255973364LE,https://ode.rsl.wustl.edu/moon/indexproductpage.aspx?product_id=nac.m1255973364le&product_idGeo=30999046,https://ode.rsl.wustl.edu/moon/productfiles.aspx?product_id=nac.m1255973364le&product_idGeo=30999046,https://pds.lroc.im-ldi.com/data/LRO-L-LROC-2-EDR-V1.0/LROLRC_0032/DATA/ESM3/2017210/NAC/M1255973364LE.xml
nac.m1255973364re,2017-07-29T13:14:57.63300,2017-07-29T13:15:50.70800,-1.0,164.3865,-85.98,-84.92,148.96,183.1,https://data.lroc.im-ldi.com/lroc/view_lroc/LRO-L-LROC-2-EDR-V1.0/M1255973364RE,https://ode.rsl.wustl.edu/moon/indexproductpage.aspx?product_id=nac.m1255973364re&product_idGeo=30999048,https://ode.rsl.wustl.edu/moon/productfiles.aspx?product_id=nac.m1255973364re&product_idGeo=30999048,https://pds.lroc.im-ldi.com/data/LRO-L-LROC-2-EDR-V1.0/LROLRC_0032/DATA/ESM3/2017210/NAC/M1255973364RE.xml
nac.m1256015549le,2017-07-30T00:58:02.11400,2017-07-30T00:58:55.18800,-1.0,146.4081,-85.69,-84.14,134.29,162.33,https://data.lroc.im-ldi.com/lroc/view_lroc/LRO-L-LROC-2-EDR-V1.0/M1256015549LE,https://ode.rsl.wustl.edu/moon/indexproductpage.aspx?product_id=nac.m1256015549le&product_idGeo=30999870,https://ode.rsl.wustl.edu/moon/productfiles.aspx?product_id=nac.m1256015549le&product_idGeo=30999870,https://pds.lroc.im-ldi.com/data/LRO-L-LROC-2-EDR-V1.0/LROLRC_0032/DATA/ESM3/2017211/NAC/M1256015549LE.xml
nac.m1232314208re,2016-10-28T17:15:41.27400,2016-10-28T17:16:34.34900,-1.0,166.3823,-86.13,-84.28,154.96,182.94,https://data.lroc.im-ldi.com/lroc/view_lroc/LRO-L-LROC-2-EDR-V1.0/M1232314208RE,https://ode.rsl.wustl.edu/moon/indexproductpage.aspx?product_id=nac.m1232314208re&product_idGeo=31010451,https://ode.rsl.wustl.edu/moon/productfiles.aspx?product_id=nac.m1232314208re&product_idGeo=31010451,https://pds.lroc.im-ldi.com/data/LRO-L-LROC-2-EDR-V1.0/LROLRC_0029/DATA/ESM3/2016302/NAC/M1232314208RE.xml
nac.m1232335318le,2016-10-28T23:07:31.98500,2016-10-28T23:08:25.05900,-1.0,169.5846,-86.19,-84.6,156.43,187.86,https://data.lroc.im-ldi.com/lroc/view_lroc/LRO-L-LROC-2-EDR-V1.0/M1232335318LE,https://ode.rsl.wustl.edu/moon/indexproductpage.aspx?product_id=nac.m1232335318le&product_idGeo=31010820,https://ode.rsl.wustl.edu/moon/productfiles.aspx?product_id=nac.m1232335318le&product_idGeo=31010820,https://pds.lroc.im-ldi.com/data/LRO-L-LROC-2-EDR-V1.0/LROLRC_0029/DATA/ESM3/2016302/NAC/M1232335318LE.xml
nac.m1232335318re,2016-10-28T23:07:31.98500,2016-10-28T23:08:25.05900,-1.0,169.0988,-86.26,-84.65,155.9,187.61,https://data.lroc.im-ldi.com/lroc/view_lroc/LRO-L-LROC-2-EDR-V1.0/M1232335318RE,https://ode.rsl.wustl.edu/moon/indexproductpage.aspx?product_id=nac.m1232335318re&product_idGeo=31010822,https://ode.rsl.wustl.edu/moon/productfiles.aspx?product_id=nac.m1232335318re&product_idGeo=31010822,https://pds.lroc.im-ldi.com/data/LRO-L-LROC-2-EDR-V1.0/LROLRC_0029/DATA/ESM3/2016302/NAC/M1232335318RE.xml
nac.m1232342322le,2016-10-29T01:04:15.23600,2016-10-29T01:05:08.31000,-1.0,154.285,-85.45,-83.31,145.69,166.72,https://data.lroc.im-ldi.com/lroc/view_lroc/LRO-L-LROC-2-EDR-V1.0/M1232342322LE,https://ode.rsl.wustl.edu/moon/indexproductpage.aspx?product_id=nac.m1232342322le&product_idGeo=31011169,https://ode.rsl.wustl.edu/moon/productfiles.aspx?product_id=nac.m1232342322le&product_idGeo=31011169,https://pds.lroc.im-ldi.com/data/LRO-L-LROC-2-EDR-V1.0/LROLRC_0029/DATA/ESM3/2016303/NAC/M1232342322LE.xml
nac.m1232342322re,2016-10-29T01:04:15.23600,2016-10-29T01:05:08.31000,-1.0,153.7558,-85.51,-83.35,145.19,166.23,https://data.lroc.im-ldi.com/lroc/view_lroc/LRO-L-LROC-2-EDR-V1.0/M1232342322RE,https://ode.rsl.wustl.edu/moon/indexproductpage.aspx?product_id=nac.m1232342322re&product_idGeo=31011171,https://ode.rsl.wustl.edu/moon/productfiles.aspx?product_id=nac.m1232342322re&product_idGeo=31011171,https://pds.lroc.im-ldi.com/data/LRO-L-LROC-2-EDR-V1.0/LROLRC_0029/DATA/ESM3/2016303/NAC/M1232342322RE.xml
nac.m1232349359le,2016-10-29T03:01:32.08300,2016-10-29T03:02:25.15800,-1.0,154.563,-85.53,-83.44,145.57,167.55,https://data.lroc.im-ldi.com/lroc/view_lroc/LRO-L-LROC-2-EDR-V1.0/M1232349359LE,https://ode.rsl.wustl.edu/moon/indexproductpage.aspx?product_id=nac.m1232349359le&product_idGeo=31011248,https://ode.rsl.wustl.edu/moon/productfiles.aspx?product_id=nac.m1232349359le&product_idGeo=31011248,https://pds.lroc.im-ldi.com/data/LRO-L-LROC-2-EDR-V1.0/LROLRC_0029/DATA/ESM3/2016303/NAC/M1232349359LE.xml
nac.m1232349359re,2016-10-29T03:01:32.08300,2016-10-29T03:02:25.15800,-1.0,154.0325,-85.59,-83.48,145.07,167.07,https://data.lroc.im-ldi.com/lroc/view_lroc/LRO-L-LROC-2-EDR-V1.0/M1232349359RE,https://ode.rsl.wustl.edu/moon/indexproductpage.aspx?product_id=nac.m1232349359re&product_idGeo=31011251,https://ode.rsl.wustl.edu/moon/productfiles.aspx?product_id=nac.m1232349359re&product_idGeo=31011251,https://pds.lroc.im-ldi.com/data/LRO-L-LROC-2-EDR-V1.0/LROLRC_0029/DATA/ESM3/2016303/NAC/M1232349359RE.xml
nac.m1232356422le,2016-10-29T04:59:15.53200,2016-10-29T05:00:08.60600,-1.0,167.9249,-86.18,-84.66,154.61,186.77,https://data.lroc.im-ldi.com/lroc/view_lroc/LRO-L-LROC-2-EDR-V1.0/M1232356422LE,https://ode.rsl.wustl.edu/moon/indexproductpage.aspx?product_id=nac.m1232356422le&product_idGeo=31011320,https://ode.rsl.wustl.edu/moon/productfiles.aspx?product_id=nac.m1232356422le&product_idGeo=31011320,https://pds.lroc.im-ldi.com/data/LRO-L-LROC-2-EDR-V1.0/LROLRC_0029/DATA/ESM3/2016303/NAC/M1232356422LE.xml
nac.m1232356422re,2016-10-29T04:59:15.53200,2016-10-29T05:00:08.60600,-1.0,167.7312,-86.24,-84.71,154.08,186.55,https://data.lroc.im-ldi.com/lroc/view_lroc/LRO-L-LROC-2-EDR-V1.0/M1232356422RE,https://ode.rsl.wustl.edu/moon/indexproductpage.aspx?product_id=nac.m1232356422re&product_idGeo=31011322,https://ode.rsl.wustl.edu/moon/productfiles.aspx?product_id=nac.m1232356422re&product_idGeo=31011322,https://pds.lroc.im-ldi.com/data/LRO-L-LROC-2-EDR-V1.0/LROLRC_0029/DATA/ESM3/2016303/NAC/M1232356422RE.xml
nac.m1232363427le,2016-10-29T06:56:00.90100,2016-10-29T06:56:53.97600,-1.0,153.1717,-85.55,-83.49,143.99,166.39,https://data.lroc.im-ldi.com/lroc/view_lroc/LRO-L-LROC-2-EDR-V1.0/M1232363427LE,https://ode.rsl.wustl.edu/moon/indexproductpage.aspx?product_id=nac.m1232363427le&product_idGeo=31011507,https://ode.rsl.wustl.edu/moon/productfiles.aspx?product_id=nac.m1232363427le&product_idGeo=31011507,https://pds.lroc.im-ldi.com/data/LRO-L-LROC-2-EDR-V1.0/LROLRC_0029/DATA/ESM3/2016303/NAC/M1232363427LE.xml
nac.m1232363427re,2016-10-29T06:56:00.90100,2016-10-29T06:56:53.97600,-1.0,152.6385,-85.61,-83.53,143.48,165.92,https://data.lroc.im-ldi.com/lroc/view_lroc/LRO-L-LROC-2-EDR-V1.0/M1232363427RE,https://ode.rsl.wustl.edu/moon/indexproductpage.aspx?product_id=nac.m1232363427re&product_idGeo=31011510,https://ode.rsl.wustl.edu/moon/productfiles.aspx?product_id=nac.m1232363427re&product_idGeo=31011510,https://pds.lroc.im-ldi.com/data/LRO-L-LROC-2-EDR-V1.0/LROLRC_0029/DATA/ESM3/2016303/NAC/M1232363427RE.xml
nac.m1232405668le,2016-10-29T18:40:01.07900,2016-10-29T18:40:54.15300,-1.0,167.328,-86.19,-84.97,152.0,187.11,https://data.lroc.im-ldi.com/lroc/view_lroc/LRO-L-LROC-2-EDR-V1.0/M1232405668LE,https://ode.rsl.wustl.edu/moon/indexproductpage.aspx?product_id=nac.m1232405668le&product_idGeo=31012189,https://ode.rsl.wustl.edu/moon/productfiles.aspx?product_id=nac.m1232405668le&product_idGeo=31012189,https://pds.lroc.im-ldi.com/data/LRO-L-LROC-2-EDR-V1.0/LROLRC_0029/DATA/ESM3/2016303/NAC/M1232405668LE.xml
nac.m1232405668re,2016-10-29T18:40:01.07900,2016-10-29T18:40:54.15300,-1.0,166.9211,-86.27,-85.03,151.46,187.03,https://data.lroc.im-ldi.com/lroc/view_lroc/LRO-L-LROC-2-EDR-V1.0/M1232405668RE,https://ode.rsl.wustl.edu/moon/indexproductpage.aspx?product_id=nac.m1232405668re&product_idGeo=31012191,https://ode.rsl.wustl.edu/moon/productfiles.aspx?product_id=nac.m1232405668re&product_idGeo=31012191,https://pds.lroc.im-ldi.com/data/LRO-L-LROC-2-EDR-V1.0/LROLRC_0029/DATA/ESM3/2016303/NAC/M1232405668RE.xml
nac.m1232433765le,2016-10-30T02:28:19.07000,2016-10-30T02:29:12.14400,-1.0,144.0363,-85.5,-83.5,134.59,157.43,https://data.lroc.im-ldi.com/lroc/view_lroc/LRO-L-LROC-2-EDR-V1.0/M1232433765LE,https://ode.rsl.wustl.edu/moon/indexproductpage.aspx?product_id=nac.m1232433765le&product_idGeo=31012910,https://ode.rsl.wustl.edu/moon/productfiles.aspx?product_id=nac.m1232433765le&product_idGeo=31012910,https://pds.lroc.im-ldi.com/data/LRO-L-LROC-2-EDR-V1.0/LROLRC_0029/DATA/ESM3/2016304/NAC/M1232433765LE.xml
nac.m1232433765re,2016-10-30T02:28:19.07000,2016-10-30T02:29:12.14400,-1.0,143.1725,-85.57,-83.55,134.05,156.95,https://data.lroc.im-ldi.com/lroc/view_lroc/LRO-L-LROC-2-EDR-V1.0/M1232433765RE,https://ode.rsl.wustl.edu/moon/indexproductpage.aspx?product_id=nac.m1232433765re&product_idGeo=31012913,https://ode.rsl.wustl.edu/moon/productfiles.aspx?product_id=nac.m1232433765re&product_idGeo=31012913,https://pds.lroc.im-ldi.com/data/LRO-L-LROC-2-EDR-V1.0/LROLRC_0029/DATA/ESM3/2016304/NAC/M1232433765RE.xml
nac.m1233031745le,2016-11-06T00:34:38.28800,2016-11-06T00:34:45.57300,-1.0,154.3403,-85.01,-84.64,152.77,155.83,https://data.lroc.im-ldi.com/lroc/view_lroc/LRO-L-LROC-2-EDR-V1.0/M1233031745LE,https://ode.rsl.wustl.edu/moon/indexproductpage.aspx?product_id=nac.m1233031745le&product_idGeo=31023965,https://ode.rsl.wustl.edu/moon/productfiles.aspx?product_id=nac.m1233031745le&product_idGeo=31023965,https://pds.lroc.im-ldi.com/data/LRO-L-LROC-2-EDR-V1.0/LROLRC_0029/DATA/ESM3/2016311/NAC/M1233031745LE.xml
nac.m1233031745re,2016-11-06T00:34:38.28800,2016-11-06T00:34:45.57300,-1.0,155.015,-85.05,-84.68,153.45,156.49,https://data.lroc.im-ldi.com/lroc/view_lroc/LRO-L-LROC-2-EDR-V1.0/M1233031745RE,https://ode.rsl.wustl.edu/moon/indexproductpage.aspx?product_id=nac.m1233031745re&product_idGeo=31023968,https://ode.rsl.wustl.edu/moon/productfiles.aspx?product_id=nac.m1233031745re&product_idGeo=31023968,https://pds.lroc.im-ldi.com/data/LRO-L-LROC-2-EDR-V1.0/LROLRC_0029/DATA/ESM3/2016311/NAC/M1233031745RE.xml
nac.m1258294238le,2017-08-25T09:56:11.58000,2017-08-25T09:57:04.65400,-1.0,143.8725,-84.96,-82.89,135.6,155.26,https://data.lroc.im-ldi.com/lroc/view_lroc/LRO-L-LROC-2-EDR-V1.0/M1258294238LE,https://ode.rsl.wustl.edu/moon/indexproductpage.aspx?product_id=nac.m1258294238le&product_idGeo=31039516,https://ode.rsl.wustl.edu/moon/productfiles.aspx?product_id=nac.m1258294238le&product_idGeo=31039516,https://pds.lroc.im-ldi.com/data/LRO-L-LROC-2-EDR-V1.0/LROLRC_0032/DATA/ESM3/2017237/NAC/M1258294238LE.xml
nac.m1258294238re,2017-08-25T09:56:11.58000,2017-08-25T09:57:04.65400,-1.0,143.1464,-85.05,-82.96,134.9,154.59,https://data.lroc.im-ldi.com/lroc/view_lroc/LRO-L-LROC-2-EDR-V1.0/M1258294238RE,https://ode.rsl.wustl.edu/moon/indexproductpage.aspx?product_id=nac.m1258294238re&product_idGeo=31039518,https://ode.rsl.wustl.edu/moon/productfiles.aspx?product_id=nac.m1258294238re&product_idGeo=31039518,https://pds.lroc.im-ldi.com/data/LRO-L-LROC-2-EDR-V1.0/LROLRC_0032/DATA/ESM3/2017237/NAC/M1258294238RE.xml
nac.m1258315355le,2017-08-25T15:48:09.00600,2017-08-25T15:49:02.08100,-1.0,147.0535,-85.34,-83.51,137.05,160.59,https://data.lroc.im-ldi.com/lroc/view_lroc/LRO-L-LROC-2-EDR-V1.0/M1258315355LE,https://ode.rsl.wustl.edu/moon/indexproductpage.aspx?product_id=nac.m1258315355le&product_idGeo=31039694,https://ode.rsl.wustl.edu/moon/productfiles.aspx?product_id=nac.m1258315355le&product_idGeo=31039694,https://pds.lroc.im-ldi.com/data/LRO-L-LROC-2-EDR-V1.0/LROLRC_0032/DATA/ESM3/2017237/NAC/M1258315355LE.xml
nac.m1258315355re,2017-08-25T15:48:09.00600,2017-08-25T15:49:02.08100,-1.0,146.3351,-85.44,-83.58,136.32,160.03,https://data.lroc.im-ldi.com/lroc/view_lroc/LRO-L-LROC-2-EDR-V1.0/M1258315355RE,https://ode.rsl.wustl.edu/moon/indexproductpage.aspx?product_id=nac.m1258315355re&product_idGeo=31039696,https://ode.rsl.wustl.edu/moon/productfiles.aspx?product_id=nac.m1258315355re&product_idGeo=31039696,https://pds.lroc.im-ldi.com/data/LRO-L-LROC-2-EDR-V1.0/LROLRC_0032/DATA/ESM3/2017237/NAC/M1258315355RE.xml
nac.m1222903897le,2016-07-11T19:17:10.34100,2016-07-11T19:18:03.41600,-1.0,165.5942,-86.2,-84.32,154.14,182.46,https://data.lroc.im-ldi.com/lroc/view_lroc/LRO-L-LROC-2-EDR-V1.0/M1222903897LE,https://ode.rsl.wustl.edu/moon/indexproductpage.aspx?product_id=nac.m1222903897le&product_idGeo=31126122,https://ode.rsl.wustl.edu/moon/productfiles.aspx?product_id=nac.m1222903897le&product_idGeo=31126122,https://pds.lroc.im-ldi.com/data/LRO-L-LROC-2-EDR-V1.0/LROLRC_0028/DATA/ESM2/2016193/NAC/M1222903897LE.xml
nac.m1222903897re,2016-07-11T19:17:10.34100,2016-07-11T19:18:03.41600,-1.0,166.0684,-86.14,-84.28,154.61,182.79,https://data.lroc.im-ldi.com/lroc/view_lroc/LRO-L-LROC-2-EDR-V1.0/M1222903897RE,https://ode.rsl.wustl.edu/moon/indexproductpage.aspx?product_id=nac.m1222903897re&product_idGeo=31126125,https://ode.rsl.wustl.edu/moon/productfiles.aspx?product_id=nac.m1222903897re&product_idGeo=31126125,https://pds.lroc.im-ldi.com/data/LRO-L-LROC-2-EDR-V1.0/LROLRC_0028/DATA/ESM2/2016193/NAC/M1222903897RE.xml
nac.m1222924965le,2016-07-12T01:08:18.53000,2016-07-12T01:09:11.60500,-1.0,149.2782,-85.11,-82.77,142.21,159.62,https://data.lroc.im-ldi.com/lroc/view_lroc/LRO-L-LROC-2-EDR-V1.0/M1222924965LE,https://ode.rsl.wustl.edu/moon/indexproductpage.aspx?product_id=nac.m1222924965le&product_idGeo=31126857,https://ode.rsl.wustl.edu/moon/productfiles.aspx?product_id=nac.m1222924965le&product_idGeo=31126857,https://pds.lroc.im-ldi.com/data/LRO-L-LROC-2-EDR-V1.0/LROLRC_0028/DATA/ESM2/2016194/NAC/M1222924965LE.xml
nac.m1222924965re,2016-07-12T01:08:18.53000,2016-07-12T01:09:11.60500,-1.0,149.7251,-85.06,-82.74,142.61,160.07,https://data.lroc.im-ldi.com/lroc/view_lroc/LRO-L-LROC-2-EDR-V1.0/M1222924965RE,https://ode.rsl.wustl.edu/moon/indexproductpage.aspx?product_id=nac.m1222924965re&product_idGeo=31126859,https://ode.rsl.wustl.edu/moon/productfiles.aspx?product_id=nac.m1222924965re&product_idGeo=31126859,https://pds.lroc.im-ldi.com/data/LRO-L-LROC-2-EDR-V1.0/LROLRC_0028/DATA/ESM2/2016194/NAC/M1222924965RE.xml
nac.m1222932035le,2016-07-12T03:06:08.46000,2016-07-12T03:07:01.53400,-1.0,163.0757,-86.17,-84.37,151.21,180.27,https://data.lroc.im-ldi.com/lroc/view_lroc/LRO-L-LROC-2-EDR-V1.0/M1222932035LE,https://ode.rsl.wustl.edu/moon/indexproductpage.aspx?product_id=nac.m1222932035le&product_idGeo=31126961,https://ode.rsl.wustl.edu/moon/productfiles.aspx?product_id=nac.m1222932035le&product_idGeo=31126961,https://pds.lroc.im-ldi.com/data/LRO-L-LROC-2-EDR-V1.0/LROLRC_0028/DATA/ESM2/2016194/NAC/M1222932035LE.xml
nac.m1222932035re,2016-07-12T03:06:08.46000,2016-07-12T03:07:01.53400,-1.0,163.5104,-86.11,-84.33,151.66,180.56,https://data.lroc.im-ldi.com/lroc/view_lroc/LRO-L-LROC-2-EDR-V1.0/M1222932035RE,https://ode.rsl.wustl.edu/moon/indexproductpage.aspx?product_id=nac.m1222932035re&product_idGeo=31126964,https://ode.rsl.wustl.edu/moon/productfiles.aspx?product_id=nac.m1222932035re&product_idGeo=31126964,https://pds.lroc.im-ldi.com/data/LRO-L-LROC-2-EDR-V1.0/LROLRC_0028/DATA/ESM2/2016194/NAC/M1222932035RE.xml
nac.m1222939037le,2016-07-12T05:02:50.34500,2016-07-12T05:03:43.41900,-1.0,148.3151,-85.22,-82.93,141.08,159.48,https://data.lroc.im-ldi.com/lroc/view_lroc/LRO-L-LROC-2-EDR-V1.0/M1222939037LE,https://ode.rsl.wustl.edu/moon/indexproductpage.aspx?product_id=nac.m1222939037le&product_idGeo=31127028,https://ode.rsl.wustl.edu/moon/productfiles.aspx?product_id=nac.m1222939037le&product_idGeo=31127028,https://pds.lroc.im-ldi.com/data/LRO-L-LROC-2-EDR-V1.0/LROLRC_0028/DATA/ESM2/2016194/NAC/M1222939037LE.xml
nac.m1222939037re,2016-07-12T05:02:50.34500,2016-07-12T05:03:43.41900,-1.0,148.7631,-85.18,-82.9,141.49,159.93,https://data.lroc.im-ldi.com/lroc/view_lroc/LRO-L-LROC-2-EDR-V1.0/M1222939037RE,https://ode.rsl.wustl.edu/moon/indexproductpage.aspx?product_id=nac.m1222939037re&product_idGeo=31127030,https://ode.rsl.wustl.edu/moon/productfiles.aspx?product_id=nac.m1222939037re&product_idGeo=31127030,https://pds.lroc.im-ldi.com/data/LRO-L-LROC-2-EDR-V1.0/LROLRC_0028/DATA/ESM2/2016194/NAC/M1222939037RE.xml
nac.m1222967205le,2016-07-12T12:52:18.92800,2016-07-12T12:53:12.00300,-1.0,158.1252,-86.12,-84.34,146.25,175.18,https://data.lroc.im-ldi.com/lroc/view_lroc/LRO-L-LROC-2-EDR-V1.0/M1222967205LE,https://ode.rsl.wustl.edu/moon/indexproductpage.aspx?product_id=nac.m1222967205le&product_idGeo=31127269,https://ode.rsl.wustl.edu/moon/productfiles.aspx?product_id=nac.m1222967205le&product_idGeo=31127269,https://pds.lroc.im-ldi.com/data/LRO-L-LROC-2-EDR-V1.0/LROLRC_0028/DATA/ESM2/2016194/NAC/M1222967205LE.xml
nac.m1222967205re,2016-07-12T12:52:18.92800,2016-07-12T12:53:12.00300,-1.0,158.5694,-86.06,-84.29,146.72,175.47,https://data.lroc.im-ldi.com/lroc/view_lroc/LRO-L-LROC-2-EDR-V1.0/M1222967205RE,https://ode.rsl.wustl.edu/moon/indexproductpage.aspx?product_id=nac.m1222967205re&product_idGeo=31127271,https://ode.rsl.wustl.edu/moon/productfiles.aspx?product_id=nac.m1222967205re&product_idGeo=31127271,https://pds.lroc.im-ldi.com/data/LRO-L-LROC-2-EDR-V1.0/LROLRC_0028/DATA/ESM2/2016194/NAC/M1222967205RE.xml
nac.m1222988329le,2016-07-12T18:44:22.95900,2016-07-12T18:45:16.03400,-1.0,168.664,-86.36,-85.17,152.54,189.62,https://data.lroc.im-ldi.com/lroc/view_lroc/LRO-L-LROC-2-EDR-V1.0/M1222988329LE,https://ode.rsl.wustl.edu/moon/indexproductpage.aspx?product_id=nac.m1222988329le&product_idGeo=31127443,https://ode.rsl.wustl.edu/moon/productfiles.aspx?product_id=nac.m1222988329le&product_idGeo=31127443,https://pds.lroc.im-ldi.com/data/LRO-L-LROC-2-EDR-V1.0/LROLRC_0028/DATA/ESM2/2016194/NAC/M1222988329LE.xml
nac.m1222988329re,2016-07-12T18:44:22.95900,2016-07-12T18:45:16.03400,-1.0,168.9973,-86.29,-85.12,153.01,189.65,https://data.lroc.im-ldi.com/lroc/view_lroc/LRO-L-LROC-2-EDR-V1.0/M1222988329RE,https://ode.rsl.wustl.edu/moon/indexproductpage.aspx?product_id=nac.m1222988329re&product_idGeo=31127445,https://ode.rsl.wustl.edu/moon/productfiles.aspx?product_id=nac.m1222988329re&product_idGeo=31127445,https://pds.lroc.im-ldi.com/data/LRO-L-LROC-2-EDR-V1.0/LROLRC_0028/DATA/ESM2/2016194/NAC/M1222988329RE.xml
nac.m1216560028le,2016-04-29T09:06:02.05400,2016-04-29T09:06:14.54300,-1.0,155.1104,-85.41,-84.81,152.56,157.39,https://data.lroc.im-ldi.com/lroc/view_lroc/LRO-L-LROC-2-EDR-V1.0/M1216560028LE,https://ode.rsl.wustl.edu/moon/indexproductpage.aspx?product_id=nac.m1216560028le&product_idGeo=31155117,https://ode.rsl.wustl.edu/moon/productfiles.aspx?product_id=nac.m1216560028le&product_idGeo=31155117,https://pds.lroc.im-ldi.com/data/LRO-L-LROC-2-EDR-V1.0/LROLRC_0027/DATA/ESM2/2016120/NAC/M1216560028LE.xml
nac.m1216560028re,2016-04-29T09:06:02.05400,2016-04-29T09:06:14.54300,-1.0,154.5784,-85.38,-84.78,152.01,156.88,https://data.lroc.im-ldi.com/lroc/view_lroc/LRO-L-LROC-2-EDR-V1.0/M1216560028RE,https://ode.rsl.wustl.edu/moon/indexproductpage.aspx?product_id=nac.m1216560028re&product_idGeo=31155119,https://ode.rsl.wustl.edu/moon/productfiles.aspx?product_id=nac.m1216560028re&product_idGeo=31155119,https://pds.lroc.im-ldi.com/data/LRO-L-LROC-2-EDR-V1.0/LROLRC_0027/DATA/ESM2/2016120/NAC/M1216560028RE.xml
nac.m1225330342le,2016-08-08T21:17:56.03500,2016-08-08T21:18:49.11000,-1.0,151.0216,-85.72,-83.72,141.17,165.24,https://data.lroc.im-ldi.com/lroc/view_lroc/LRO-L-LROC-2-EDR-V1.0/M1225330342LE,https://ode.rsl.wustl.edu/moon/indexproductpage.aspx?product_id=nac.m1225330342le&product_idGeo=31174251,https://ode.rsl.wustl.edu/moon/productfiles.aspx?product_id=nac.m1225330342le&product_idGeo=31174251,https://pds.lroc.im-ldi.com/data/LRO-L-LROC-2-EDR-V1.0/LROLRC_0028/DATA/ESM2/2016221/NAC/M1225330342LE.xml
nac.m1225330342re,2016-08-08T21:17:56.03500,2016-08-08T21:18:49.11000,-1.0,150.528,-85.78,-83.76,140.7,164.83,https://data.lroc.im-ldi.com/lroc/view_lroc/LRO-L-LROC-2-EDR-V1.0/M1225330342RE,https://ode.rsl.wustl.edu/moon/indexproductpage.aspx?product_id=nac.m1225330342re&product_idGeo=31174253,https://ode.rsl.wustl.edu/moon/productfiles.aspx?product_id=nac.m1225330342re&product_idGeo=31174253,https://pds.lroc.im-ldi.com/data/LRO-L-LROC-2-EDR-V1.0/LROLRC_0028/DATA/ESM2/2016221/NAC/M1225330342RE.xml
nac.m1218184494le,2016-05-18T04:20:27.43700,2016-05-18T04:21:20.51200,-1.0,153.5682,-85.18,-82.81,146.41,163.55,https://data.lroc.im-ldi.com/lroc/view_lroc/LRO-L-LROC-2-EDR-V1.0/M1218184494LE,https://ode.rsl.wustl.edu/moon/indexproductpage.aspx?product_id=nac.m1218184494le&product_idGeo=31184548,https://ode.rsl.wustl.edu/moon/productfiles.aspx?product_id=nac.m1218184494le&product_idGeo=31184548,https://pds.lroc.im-ldi.com/data/LRO-L-LROC-2-EDR-V1.0/LROLRC_0027/DATA/ESM2/2016139/NAC/M1218184494LE.xml
nac.m1218191530le,2016-05-18T06:17:44.01800,2016-05-18T06:18:37.09200,-1.0,153.2445,-85.27,-82.92,146.04,163.89,https://data.lroc.im-ldi.com/lroc/view_lroc/LRO-L-LROC-2-EDR-V1.0/M1218191530LE,https://ode.rsl.wustl.edu/moon/indexproductpage.aspx?product_id=nac.m1218191530le&product_idGeo=31184731,https://ode.rsl.wustl.edu/moon/productfiles.aspx?product_id=nac.m1218191530le&product_idGeo=31184731,https://pds.lroc.im-ldi.com/data/LRO-L-LROC-2-EDR-V1.0/LROLRC_0027/DATA/ESM2/2016139/NAC/M1218191530LE.xml
nac.m1218191530re,2016-05-18T06:17:44.01800,2016-05-18T06:18:37.09200,-1.0,153.9156,-85.22,-82.89,146.45,164.34,https://data.lroc.im-ldi.com/lroc/view_lroc/LRO-L-LROC-2-EDR-V1.0/M1218191530RE,https://ode.rsl.wustl.edu/moon/indexproductpage.aspx?product_id=nac.m1218191530re&product_idGeo=31184734,https://ode.rsl.wustl.edu/moon/productfiles.aspx?product_id=nac.m1218191530re&product_idGeo=31184734,https://pds.lroc.im-ldi.com/data/LRO-L-LROC-2-EDR-V1.0/LROLRC_0027/DATA/ESM2/2016139/NAC/M1218191530RE.xml
nac.m1218205622le,2016-05-18T10:12:45.15100,2016-05-18T10:12:55.44300,-1.0,155.5496,-84.87,-84.4,153.43,157.83,https://data.lroc.im-ldi.com/lroc/view_lroc/LRO-L-LROC-2-EDR-V1.0/M1218205622LE,https://ode.rsl.wustl.edu/moon/indexproductpage.aspx?product_id=nac.m1218205622le&product_idGeo=31184968,https://ode.rsl.wustl.edu/moon/productfiles.aspx?product_id=nac.m1218205622le&product_idGeo=31184968,https://pds.lroc.im-ldi.com/data/LRO-L-LROC-2-EDR-V1.0/LROLRC_0027/DATA/ESM2/2016139/NAC/M1218205622LE.xml
nac.m1218205622re,2016-05-18T10:12:45.15100,2016-05-18T10:12:55.44300,-1.0,155.9908,-84.83,-84.37,153.87,158.27,https://data.lroc.im-ldi.com/lroc/view_lroc/LRO-L-LROC-2-EDR-V1.0/M1218205622RE,https://ode.rsl.wustl.edu/moon/indexproductpage.aspx?product_id=nac.m1218205622re&product_idGeo=31184970,https://ode.rsl.wustl.edu/moon/productfiles.aspx?product_id=nac.m1218205622re&product_idGeo=31184970,https://pds.lroc.im-ldi.com/data/LRO-L-LROC-2-EDR-V1.0/LROLRC_0027/DATA/ESM2/2016139/NAC/M1218205622RE.xml
nac.m1218219693le,2016-05-18T14:07:15.72100,2016-05-18T14:07:26.01300,-1.0,154.6931,-84.94,-84.49,152.49,157.06,https://data.lroc.im-ldi.com/lroc/view_lroc/LRO-L-LROC-2-EDR-V1.0/M1218219693LE,https://ode.rsl.wustl.edu/moon/indexproductpage.aspx?product_id=nac.m1218219693le&product_idGeo=31185200,https://ode.rsl.wustl.edu/moon/productfiles.aspx?product_id=nac.m1218219693le&product_idGeo=31185200,https://pds.lroc.im-ldi.com/data/LRO-L-LROC-2-EDR-V1.0/LROLRC_0027/DATA/ESM2/2016139/NAC/M1218219693LE.xml
nac.m1218219693re,2016-05-18T14:07:15.72100,2016-05-18T14:07:26.01300,-1.0,155.1281,-84.9,-84.45,152.93,157.49,https://data.lroc.im-ldi.com/lroc/view_lroc/LRO-L-LROC-2-EDR-V1.0/M1218219693RE,https://ode.rsl.wustl.edu/moon/indexproductpage.aspx?product_id=nac.m1218219693re&product_idGeo=31185204,https://ode.rsl.wustl.edu/moon/productfiles.aspx?product_id=nac.m1218219693re&product_idGeo=31185204,https://pds.lroc.im-ldi.com/data/LRO-L-LROC-2-EDR-V1.0/LROLRC_0027/DATA/ESM2/2016139/NAC/M1218219693RE.xml
nac.m1218233764le,2016-05-18T18:01:46.31400,2016-05-18T18:01:56.60600,-1.0,153.7733,-85.02,-84.57,151.49,156.22,https://data.lroc.im-ldi.com/lroc/view_lroc/LRO-L-LROC-2-EDR-V1.0/M1218233764LE,https://ode.rsl.wustl.edu/moon/indexproductpage.aspx?product_id=nac.m1218233764le&product_idGeo=31185365,https://ode.rsl.wustl.edu/moon/productfiles.aspx?product_id=nac.m1218233764le&product_idGeo=31185365,https://pds.lroc.im-ldi.com/data/LRO-L-LROC-2-EDR-V1.0/LROLRC_0027/DATA/ESM2/2016139/NAC/M1218233764LE.xml
nac.m1218233764re,2016-05-18T18:01:46.31400,2016-05-18T18:01:56.60600,-1.0,154.2045,-84.97,-84.53,151.93,156.64,https://data.lroc.im-ldi.com/lroc/view_lroc/LRO-L-LROC-2-EDR-V1.0/M1218233764RE,https://ode.rsl.wustl.edu/moon/indexproductpage.aspx?product_id=nac.m1218233764re&product_idGeo=31185369,https://ode.rsl.wustl.edu/moon/productfiles.aspx?product_id=nac.m1218233764re&product_idGeo=31185369,https://pds.lroc.im-ldi.com/data/LRO-L-LROC-2-EDR-V1.0/LROLRC_0027/DATA/ESM2/2016139/NAC/M1218233764RE.xml
nac.m1218261877le,2016-05-19T01:50:10.76400,2016-05-19T01:51:03.83900,-1.0,145.6698,-85.38,-83.14,137.68,157.39,https://data.lroc.im-ldi.com/lroc/view_lroc/LRO-L-LROC-2-EDR-V1.0/M1218261877LE,https://ode.rsl.wustl.edu/moon/indexproductpage.aspx?product_id=nac.m1218261877le&product_idGeo=31186144,https://ode.rsl.wustl.edu/moon/productfiles.aspx?product_id=nac.m1218261877le&product_idGeo=31186144,https://pds.lroc.im-ldi.com/data/LRO-L-LROC-2-EDR-V1.0/LROLRC_0027/DATA/ESM2/2016140/NAC/M1218261877LE.xml
nac.m1218261877re,2016-05-19T01:50:10.76400,2016-05-19T01:51:03.83900,-1.0,146.1102,-85.33,-83.11,138.09,157.82,https://data.lroc.im-ldi.com/lroc/view_lroc/LRO-L-LROC-2-EDR-V1.0/M1218261877RE,https://ode.rsl.wustl.edu/moon/indexproductpage.aspx?product_id=nac.m1218261877re&product_idGeo=31186149,https://ode.rsl.wustl.edu/moon/productfiles.aspx?product_id=nac.m1218261877re&product_idGeo=31186149,https://pds.lroc.im-ldi.com/data/LRO-L-LROC-2-EDR-V1.0/LROLRC_0027/DATA/ESM2/2016140/NAC/M1218261877RE.xml
nac.m1218268912le,2016-05-19T03:47:25.66600,2016-05-19T03:48:18.74000,-1.0,144.9503,-85.4,-83.18,136.86,156.82,https://data.lroc.im-ldi.com/lroc/view_lroc/LRO-L-LROC-2-EDR-V1.0/M1218268912LE,https://ode.rsl.wustl.edu/moon/indexproductpage.aspx?product_id=nac.m1218268912le&product_idGeo=31186292,https://ode.rsl.wustl.edu/moon/productfiles.aspx?product_id=nac.m1218268912le&product_idGeo=31186292,https://pds.lroc.im-ldi.com/data/LRO-L-LROC-2-EDR-V1.0/LROLRC_0027/DATA/ESM2/2016140/NAC/M1218268912LE.xml
nac.m1218268912re,2016-05-19T03:47:25.66600,2016-05-19T03:48:18.74000,-1.0,145.1679,-85.36,-83.15,137.28,157.25,https://data.lroc.im-ldi.com/lroc/view_lroc/LRO-L-LROC-2-EDR-V1.0/M1218268912RE,https://ode.rsl.wustl.edu/moon/indexproductpage.aspx?product_id=nac.m1218268912re&product_idGeo=31186294,https://ode.rsl.wustl.edu/moon/productfiles.aspx?product_id=nac.m1218268912re&product_idGeo=31186294,https://pds.lroc.im-ldi.com/data/LRO-L-LROC-2-EDR-V1.0/LROLRC_0027/DATA/ESM2/2016140/NAC/M1218268912RE.xml
nac.m1218290016le,2016-05-19T09:39:09.74500,2016-05-19T09:40:02.81900,-1.0,142.7656,-85.46,-83.27,134.4,155.01,https://data.lroc.im-ldi.com/lroc/view_lroc/LRO-L-LROC-2-EDR-V1.0/M1218290016LE,https://ode.rsl.wustl.edu/moon/indexproductpage.aspx?product_id=nac.m1218290016le&product_idGeo=31186602,https://ode.rsl.wustl.edu/moon/productfiles.aspx?product_id=nac.m1218290016le&product_idGeo=31186602,https://pds.lroc.im-ldi.com/data/LRO-L-LROC-2-EDR-V1.0/LROLRC_0027/DATA/ESM2/2016140/NAC/M1218290016LE.xml
nac.m1218290016re,2016-05-19T09:39:09.74500,2016-05-19T09:40:02.81900,-1.0,143.2269,-85.41,-83.24,134.83,155.44,https://data.lroc.im-ldi.com/lroc/view_lroc/LRO-L-LROC-2-EDR-V1.0/M1218290016RE,https://ode.rsl.wustl.edu/moon/indexproductpage.aspx?product_id=nac.m1218290016re&product_idGeo=31186605,https://ode.rsl.wustl.edu/moon/productfiles.aspx?product_id=nac.m1218290016re&product_idGeo=31186605,https://pds.lroc.im-ldi.com/data/LRO-L-LROC-2-EDR-V1.0/LROLRC_0027/DATA/ESM2/2016140/NAC/M1218290016RE.xml
nac.m1218304083re,2016-05-19T13:33:36.63400,2016-05-19T13:34:29.70800,-1.0,141.1877,-85.35,-83.17,132.65,152.97,https://data.lroc.im-ldi.com/lroc/view_lroc/LRO-L-LROC-2-EDR-V1.0/M1218304083RE,https://ode.rsl.wustl.edu/moon/indexproductpage.aspx?product_id=nac.m1218304083re&product_idGeo=31186777,https://ode.rsl.wustl.edu/moon/productfiles.aspx?product_id=nac.m1218304083re&product_idGeo=31186777,https://pds.lroc.im-ldi.com/data/LRO-L-LROC-2-EDR-V1.0/LROLRC_0027/DATA/ESM2/2016140/NAC/M1218304083RE.xml
nac.m1227609071le,2016-09-04T06:16:44.76700,2016-09-04T06:17:37.84200,-1.0,161.0215,-85.83,-83.78,151.34,175.24,https://data.lroc.im-ldi.com/lroc/view_lroc/LRO-L-LROC-2-EDR-V1.0/M1227609071LE,https://ode.rsl.wustl.edu/moon/indexproductpage.aspx?product_id=nac.m1227609071le&product_idGeo=31216363,https://ode.rsl.wustl.edu/moon/productfiles.aspx?product_id=nac.m1227609071le&product_idGeo=31216363,https://pds.lroc.im-ldi.com/data/LRO-L-LROC-2-EDR-V1.0/LROLRC_0028/DATA/ESM2/2016248/NAC/M1227609071LE.xml
nac.m1227609071re,2016-09-04T06:16:44.76700,2016-09-04T06:17:37.84200,-1.0,160.5026,-85.89,-83.82,150.85,174.79,https://data.lroc.im-ldi.com/lroc/view_lroc/LRO-L-LROC-2-EDR-V1.0/M1227609071RE,https://ode.rsl.wustl.edu/moon/indexproductpage.aspx?product_id=nac.m1227609071re&product_idGeo=31216367,https://ode.rsl.wustl.edu/moon/productfiles.aspx?product_id=nac.m1227609071re&product_idGeo=31216367,https://pds.lroc.im-ldi.com/data/LRO-L-LROC-2-EDR-V1.0/LROLRC_0028/DATA/ESM2/2016248/NAC/M1227609071RE.xml
nac.m1227623145le,2016-09-04T10:11:18.23300,2016-09-04T10:11:43.20900,-1.0,155.8379,-85.06,-84.01,151.24,161.32,https://data.lroc.im-ldi.com/lroc/view_lroc/LRO-L-LROC-2-EDR-V1.0/M1227623145LE,https://ode.rsl.wustl.edu/moon/indexproductpage.aspx?product_id=nac.m1227623145le&product_idGeo=31216548,https://ode.rsl.wustl.edu/moon/productfiles.aspx?product_id=nac.m1227623145le&product_idGeo=31216548,https://pds.lroc.im-ldi.com/data/LRO-L-LROC-2-EDR-V1.0/LROLRC_0028/DATA/ESM2/2016248/NAC/M1227623145LE.xml
nac.m1227623145re,2016-09-04T10:11:18.23300,2016-09-04T10:11:43.20900,-1.0,155.3384,-85.11,-84.05,150.75,160.83,https://data.lroc.im-ldi.com/lroc/view_lroc/LRO-L-LROC-2-EDR-V1.0/M1227623145RE,https://ode.rsl.wustl.edu/moon/indexproductpage.aspx?product_id=nac.m1227623145re&product_idGeo=31216551,https://ode.rsl.wustl.edu/moon/productfiles.aspx?product_id=nac.m1227623145re&product_idGeo=31216551,https://pds.lroc.im-ldi.com/data/LRO-L-LROC-2-EDR-V1.0/LROLRC_0028/DATA/ESM2/2016248/NAC/M1227623145RE.xml
nac.m1227630187le,2016-09-04T12:08:40.27400,2016-09-04T12:09:33.34900,-1.0,164.903,-86.12,-84.34,153.04,181.94,https://data.lroc.im-ldi.com/lroc/view_lroc/LRO-L-LROC-2-EDR-V1.0/M1227630187LE,https://ode.rsl.wustl.edu/moon/indexproductpage.aspx?product_id=nac.m1227630187le&product_idGeo=31216640,https://ode.rsl.wustl.edu/moon/productfiles.aspx?product_id=nac.m1227630187le&product_idGeo=31216640,https://pds.lroc.im-ldi.com/data/LRO-L-LROC-2-EDR-V1.0/LROLRC_0028/DATA/ESM2/2016248/NAC/M1227630187LE.xml
nac.m1227630187re,2016-09-04T12:08:40.27400,2016-09-04T12:09:33.34900,-1.0,164.4233,-86.18,-84.38,152.55,181.62,https://data.lroc.im-ldi.com/lroc/view_lroc/LRO-L-LROC-2-EDR-V1.0/M1227630187RE,https://ode.rsl.wustl.edu/moon/indexproductpage.aspx?product_id=nac.m1227630187re&product_idGeo=31216644,https://ode.rsl.wustl.edu/moon/productfiles.aspx?product_id=nac.m1227630187re&product_idGeo=31216644,https://pds.lroc.im-ldi.com/data/LRO-L-LROC-2-EDR-V1.0/LROLRC_0028/DATA/ESM2/2016248/NAC/M1227630187RE.xml
nac.m1227637176le,2016-09-04T14:05:09.30000,2016-09-04T14:06:02.37400,-1.0,146.5727,-84.7,-82.31,140.2,155.72,https://data.lroc.im-ldi.com/lroc/view_lroc/LRO-L-LROC-2-EDR-V1.0/M1227637176LE,https://ode.rsl.wustl.edu/moon/indexproductpage.aspx?product_id=nac.m1227637176le&product_idGeo=31216728,https://ode.rsl.wustl.edu/moon/productfiles.aspx?product_id=nac.m1227637176le&product_idGeo=31216728,https://pds.lroc.im-ldi.com/data/LRO-L-LROC-2-EDR-V1.0/LROLRC_0028/DATA/ESM2/2016248/NAC/M1227637176LE.xml
nac.m1227644263le,2016-09-04T16:03:16.33100,2016-09-04T16:03:39.22600,-1.0,159.7859,-85.51,-84.64,154.24,165.72,https://data.lroc.im-ldi.com/lroc/view_lroc/LRO-L-LROC-2-EDR-V1.0/M1227644263LE,https://ode.rsl.wustl.edu/moon/indexproductpage.aspx?product_id=nac.m1227644263le&product_idGeo=31216843,https://ode.rsl.wustl.edu/moon/productfiles.aspx?product_id=nac.m1227644263le&product_idGeo=31216843,https://pds.lroc.im-ldi.com/data/LRO-L-LROC-2-EDR-V1.0/LROLRC_0028/DATA/ESM2/2016248/NAC/M1227644263LE.xml
nac.m1227644263re,2016-09-04T16:03:16.33100,2016-09-04T16:03:39.22600,-1.0,159.3049,-85.56,-84.69,153.75,165.26,https://data.lroc.im-ldi.com/lroc/view_lroc/LRO-L-LROC-2-EDR-V1.0/M1227644263RE,https://ode.rsl.wustl.edu/moon/indexproductpage.aspx?product_id=nac.m1227644263re&product_idGeo=31216846,https://ode.rsl.wustl.edu/moon/productfiles.aspx?product_id=nac.m1227644263re&product_idGeo=31216846,https://pds.lroc.im-ldi.com/data/LRO-L-LROC-2-EDR-V1.0/LROLRC_0028/DATA/ESM2/2016248/NAC/M1227644263RE.xml
nac.m1227658314le,2016-09-04T19:57:27.68400,2016-09-04T19:58:20.75900,-1.0,156.8492,-85.87,-83.95,146.32,172.03,https://data.lroc.im-ldi.com/lroc/view_lroc/LRO-L-LROC-2-EDR-V1.0/M1227658314LE,https://ode.rsl.wustl.edu/moon/indexproductpage.aspx?product_id=nac.m1227658314le&product_idGeo=31217074,https://ode.rsl.wustl.edu/moon/productfiles.aspx?product_id=nac.m1227658314le&product_idGeo=31217074,https://pds.lroc.im-ldi.com/data/LRO-L-LROC-2-EDR-V1.0/LROLRC_0028/DATA/ESM2/2016248/NAC/M1227658314LE.xml
nac.m1227658314re,2016-09-04T19:57:27.68400,2016-09-04T19:58:20.75900,-1.0,156.3567,-85.93,-83.99,145.84,171.64,https://data.lroc.im-ldi.com/lroc/view_lroc/LRO-L-LROC-2-EDR-V1.0/M1227658314RE,https://ode.rsl.wustl.edu/moon/indexproductpage.aspx?product_id=nac.m1227658314re&product_idGeo=31217077,https://ode.rsl.wustl.edu/moon/productfiles.aspx?product_id=nac.m1227658314re&product_idGeo=31217077,https://pds.lroc.im-ldi.com/data/LRO-L-LROC-2-EDR-V1.0/LROLRC_0028/DATA/ESM2/2016248/NAC/M1227658314RE.xml
nac.m1227728656le,2016-09-05T15:29:49.85300,2016-09-05T15:30:42.92700,-1.0,148.3855,-85.83,-84.0,137.42,163.88,https://data.lroc.im-ldi.com/lroc/view_lroc/LRO-L-LROC-2-EDR-V1.0/M1227728656LE,https://ode.rsl.wustl.edu/moon/indexproductpage.aspx?product_id=nac.m1227728656le&product_idGeo=31219463,https://ode.rsl.wustl.edu/moon/productfiles.aspx?product_id=nac.m1227728656le&product_idGeo=31219463,https://pds.lroc.im-ldi.com/data/LRO-L-LROC-2-EDR-V1.0/LROLRC_0028/DATA/ESM2/2016249/NAC/M1227728656LE.xml
nac.m1220547715le,2016-06-14T12:47:28.15200,2016-06-14T12:48:21.22600,-1.0,157.5317,-85.7,-83.52,148.85,170.48,https://data.lroc.im-ldi.com/lroc/view_lroc/LRO-L-LROC-2-EDR-V1.0/M1220547715LE,https://ode.rsl.wustl.edu/moon/indexproductpage.aspx?product_id=nac.m1220547715le&product_idGeo=31240898,https://ode.rsl.wustl.edu/moon/productfiles.aspx?product_id=nac.m1220547715le&product_idGeo=31240898,https://pds.lroc.im-ldi.com/data/LRO-L-LROC-2-EDR-V1.0/LROLRC_0027/DATA/ESM2/2016166/NAC/M1220547715LE.xml
nac.m1220547715re,2016-06-14T12:47:28.15200,2016-06-14T12:48:21.22600,-1.0,157.9944,-85.66,-83.48,149.29,170.91,https://data.lroc.im-ldi.com/lroc/view_lroc/LRO-L-LROC-2-EDR-V1.0/M1220547715RE,https://ode.rsl.wustl.edu/moon/indexproductpage.aspx?product_id=nac.m1220547715re&product_idGeo=31240900,https://ode.rsl.wustl.edu/moon/productfiles.aspx?product_id=nac.m1220547715re&product_idGeo=31240900,https://pds.lroc.im-ldi.com/data/LRO-L-LROC-2-EDR-V1.0/LROLRC_0027/DATA/ESM2/2016166/NAC/M1220547715RE.xml
nac.m1220568837le,2016-06-14T18:39:30.97200,2016-06-14T18:40:24.04700,-1.0,164.5313,-86.21,-84.4,152.41,181.63,https://data.lroc.im-ldi.com/lroc/view_lroc/LRO-L-LROC-2-EDR-V1.0/M1220568837LE,https://ode.rsl.wustl.edu/moon/indexproductpage.aspx?product_id=nac.m1220568837le&product_idGeo=31241095,https://ode.rsl.wustl.edu/moon/productfiles.aspx?product_id=nac.m1220568837le&product_idGeo=31241095,https://pds.lroc.im-ldi.com/data/LRO-L-LROC-2-EDR-V1.0/LROLRC_0027/DATA/ESM2/2016166/NAC/M1220568837LE.xml
nac.m1220568837re,2016-06-14T18:39:30.97200,2016-06-14T18:40:24.04700,-1.0,164.7294,-86.16,-84.36,152.86,181.92,https://data.lroc.im-ldi.com/lroc/view_lroc/LRO-L-LROC-2-EDR-V1.0/M1220568837RE,https://ode.rsl.wustl.edu/moon/indexproductpage.aspx?product_id=nac.m1220568837re&product_idGeo=31241098,https://ode.rsl.wustl.edu/moon/productfiles.aspx?product_id=nac.m1220568837re&product_idGeo=31241098,https://pds.lroc.im-ldi.com/data/LRO-L-LROC-2-EDR-V1.0/LROLRC_0027/DATA/ESM2/2016166/NAC/M1220568837RE.xml
nac.m1220589901le,2016-06-15T00:30:34.53700,2016-06-15T00:31:27.61100,-1.0,145.7728,-84.98,-82.62,138.94,155.71,https://data.lroc.im-ldi.com/lroc/view_lroc/LRO-L-LROC-2-EDR-V1.0/M1220589901LE,https://ode.rsl.wustl.edu/moon/indexproductpage.aspx?product_id=nac.m1220589901le&product_idGeo=31241514,https://ode.rsl.wustl.edu/moon/productfiles.aspx?product_id=nac.m1220589901le&product_idGeo=31241514,https://pds.lroc.im-ldi.com/data/LRO-L-LROC-2-EDR-V1.0/LROLRC_0027/DATA/ESM2/2016167/NAC/M1220589901LE.xml
nac.m1220589901re,2016-06-15T00:30:34.53700,2016-06-15T00:31:27.61100,-1.0,146.4198,-84.94,-82.59,139.33,156.15,https://data.lroc.im-ldi.com/lroc/view_lroc/LRO-L-LROC-2-EDR-V1.0/M1220589901RE,https://ode.rsl.wustl.edu/moon/indexproductpage.aspx?product_id=nac.m1220589901re&product_idGeo=31241516,https://ode.rsl.wustl.edu/moon/productfiles.aspx?product_id=nac.m1220589901re&product_idGeo=31241516,https://pds.lroc.im-ldi.com/data/LRO-L-LROC-2-EDR-V1.0/LROLRC_0027/DATA/ESM2/2016167/NAC/M1220589901RE.xml
nac.m1220604001le,2016-06-15T04:25:34.18200,2016-06-15T04:26:27.25700,-1.0,155.6718,-85.98,-84.04,145.02,171.24,https://data.lroc.im-ldi.com/lroc/view_lroc/LRO-L-LROC-2-EDR-V1.0/M1220604001LE,https://ode.rsl.wustl.edu/moon/indexproductpage.aspx?product_id=nac.m1220604001le&product_idGeo=31241636,https://ode.rsl.wustl.edu/moon/productfiles.aspx?product_id=nac.m1220604001le&product_idGeo=31241636,https://pds.lroc.im-ldi.com/data/LRO-L-LROC-2-EDR-V1.0/LROLRC_0027/DATA/ESM2/2016167/NAC/M1220604001LE.xml
nac.m1220604001re,2016-06-15T04:25:34.18200,2016-06-15T04:26:27.25700,-1.0,156.3487,-85.92,-84.0,145.46,171.58,https://data.lroc.im-ldi.com/lroc/view_lroc/LRO-L-LROC-2-EDR-V1.0/M1220604001RE,https://ode.rsl.wustl.edu/moon/indexproductpage.aspx?product_id=nac.m1220604001re&product_idGeo=31241638,https://ode.rsl.wustl.edu/moon/productfiles.aspx?product_id=nac.m1220604001re&product_idGeo=31241638,https://pds.lroc.im-ldi.com/data/LRO-L-LROC-2-EDR-V1.0/LROLRC_0027/DATA/ESM2/2016167/NAC/M1220604001RE.xml
nac.m1220625098le,2016-06-15T10:17:11.37100,2016-06-15T10:18:04.44500,-1.0,150.5129,-85.82,-83.8,140.37,164.74,https://data.lroc.im-ldi.com/lroc/view_lroc/LRO-L-LROC-2-EDR-V1.0/M1220625098LE,https://ode.rsl.wustl.edu/moon/indexproductpage.aspx?product_id=nac.m1220625098le&product_idGeo=31241927,https://ode.rsl.wustl.edu/moon/productfiles.aspx?product_id=nac.m1220625098le&product_idGeo=31241927,https://pds.lroc.im-ldi.com/data/LRO-L-LROC-2-EDR-V1.0/LROLRC_0027/DATA/ESM2/2016167/NAC/M1220625098LE.xml
nac.m1220625098re,2016-06-15T10:17:11.37100,2016-06-15T10:18:04.44500,-1.0,150.4789,-85.77,-83.77,140.82,165.12,https://data.lroc.im-ldi.com/lroc/view_lroc/LRO-L-LROC-2-EDR-V1.0/M1220625098RE,https://ode.rsl.wustl.edu/moon/indexproductpage.aspx?product_id=nac.m1220625098re&product_idGeo=31241929,https://ode.rsl.wustl.edu/moon/productfiles.aspx?product_id=nac.m1220625098re&product_idGeo=31241929,https://pds.lroc.im-ldi.com/data/LRO-L-LROC-2-EDR-V1.0/LROLRC_0027/DATA/ESM2/2016167/NAC/M1220625098RE.xml
nac.m1207149953le,2016-01-11T11:11:26.48500,2016-01-11T11:12:19.55900,-1.0,158.0046,-85.91,-83.35,147.92,164.26,https://data.lroc.im-ldi.com/lroc/view_lroc/LRO-L-LROC-2-EDR-V1.0/M1207149953LE,https://ode.rsl.wustl.edu/moon/indexproductpage.aspx?product_id=nac.m1207149953le&product_idGeo=31243438,https://ode.rsl.wustl.edu/moon/productfiles.aspx?product_id=nac.m1207149953le&product_idGeo=31243438,https://pds.lroc.im-ldi.com/data/LRO-L-LROC-2-EDR-V1.0/LROLRC_0026/DATA/ESM2/2016011/NAC/M1207149953LE.xml
nac.m1207156988le,2016-01-11T13:08:41.93600,2016-01-11T13:09:35.01100,-1.0,157.7293,-85.76,-83.18,148.24,163.68,https://data.lroc.im-ldi.com/lroc/view_lroc/LRO-L-LROC-2-EDR-V1.0/M1207156988LE,https://ode.rsl.wustl.edu/moon/indexproductpage.aspx?product_id=nac.m1207156988le&product_idGeo=31243464,https://ode.rsl.wustl.edu/moon/productfiles.aspx?product_id=nac.m1207156988le&product_idGeo=31243464,https://pds.lroc.im-ldi.com/data/LRO-L-LROC-2-EDR-V1.0/LROLRC_0026/DATA/ESM2/2016011/NAC/M1207156988LE.xml
nac.m1207156988re,2016-01-11T13:08:41.93600,2016-01-11T13:09:35.01100,-1.0,158.1939,-85.79,-83.2,148.78,164.08,https://data.lroc.im-ldi.com/lroc/view_lroc/LRO-L-LROC-2-EDR-V1.0/M1207156988RE,https://ode.rsl.wustl.edu/moon/indexproductpage.aspx?product_id=nac.m1207156988re&product_idGeo=31243465,https://ode.rsl.wustl.edu/moon/productfiles.aspx?product_id=nac.m1207156988re&product_idGeo=31243465,https://pds.lroc.im-ldi.com/data/LRO-L-LROC-2-EDR-V1.0/LROLRC_0026/DATA/ESM2/2016011/NAC/M1207156988RE.xml
nac.m1207164023le,2016-01-11T15:05:56.13700,2016-01-11T15:06:49.21100,-1.0,157.0704,-85.67,-83.08,147.91,162.86,https://data.lroc.im-ldi.com/lroc/view_lroc/LRO-L-LROC-2-EDR-V1.0/M1207164023LE,https://ode.rsl.wustl.edu/moon/indexproductpage.aspx?product_id=nac.m1207164023le&product_idGeo=31243501,https://ode.rsl.wustl.edu/moon/productfiles.aspx?product_id=nac.m1207164023le&product_idGeo=31243501,https://pds.lroc.im-ldi.com/data/LRO-L-LROC-2-EDR-V1.0/LROLRC_0026/DATA/ESM2/2016011/NAC/M1207164023LE.xml
nac.m1207164023re,2016-01-11T15:05:56.13700,2016-01-11T15:06:49.21100,-1.0,157.5313,-85.7,-83.1,148.44,163.25,https://data.lroc.im-ldi.com/lroc/view_lroc/LRO-L-LROC-2-EDR-V1.0/M1207164023RE,https://ode.rsl.wustl.edu/moon/indexproductpage.aspx?product_id=nac.m1207164023re&product_idGeo=31243502,https://ode.rsl.wustl.edu/moon/productfiles.aspx?product_id=nac.m1207164023re&product_idGeo=31243502,https://pds.lroc.im-ldi.com/data/LRO-L-LROC-2-EDR-V1.0/LROLRC_0026/DATA/ESM2/2016011/NAC/M1207164023RE.xml
nac.m1197008494le,2015-09-16T02:07:07.60900,2015-09-16T02:08:00.68300,-1.0,156.2455,-85.89,-83.65,147.68,169.34,https://data.lroc.im-ldi.com/lroc/view_lroc/LRO-L-LROC-2-EDR-V1.0/M1197008494LE,https://ode.rsl.wustl.edu/moon/indexproductpage.aspx?product_id=nac.m1197008494le&product_idGeo=31256073,https://ode.rsl.wustl.edu/moon/productfiles.aspx?product_id=nac.m1197008494le&product_idGeo=31256073,https://pds.lroc.im-ldi.com/data/LRO-L-LROC-2-EDR-V1.0/LROLRC_0025/DATA/ESM2/2015259/NAC/M1197008494LE.xml
nac.m1197008494re,2015-09-16T02:07:07.60900,2015-09-16T02:08:00.68300,-1.0,155.7788,-85.94,-83.68,147.25,168.89,https://data.lroc.im-ldi.com/lroc/view_lroc/LRO-L-LROC-2-EDR-V1.0/M1197008494RE,https://ode.rsl.wustl.edu/moon/indexproductpage.aspx?product_id=nac.m1197008494re&product_idGeo=31256077,https://ode.rsl.wustl.edu/moon/productfiles.aspx?product_id=nac.m1197008494re&product_idGeo=31256077,https://pds.lroc.im-ldi.com/data/LRO-L-LROC-2-EDR-V1.0/LROLRC_0025/DATA/ESM2/2015259/NAC/M1197008494RE.xml
nac.m1197022569le,2015-09-16T06:01:42.14800,2015-09-16T06:02:30.02000,-1.0,155.9896,-85.92,-83.95,147.74,168.67,https://data.lroc.im-ldi.com/lroc/view_lroc/LRO-L-LROC-2-EDR-V1.0/M1197022569LE,https://ode.rsl.wustl.edu/moon/indexproductpage.aspx?product_id=nac.m1197022569le&product_idGeo=31256230,https://ode.rsl.wustl.edu/moon/productfiles.aspx?product_id=nac.m1197022569le&product_idGeo=31256230,https://pds.lroc.im-ldi.com/data/LRO-L-LROC-2-EDR-V1.0/LROLRC_0025/DATA/ESM2/2015259/NAC/M1197022569LE.xml
nac.m1197022569re,2015-09-16T06:01:42.14800,2015-09-16T06:02:30.02000,-1.0,155.7695,-85.96,-83.98,147.31,168.23,https://data.lroc.im-ldi.com/lroc/view_lroc/LRO-L-LROC-2-EDR-V1.0/M1197022569RE,https://ode.rsl.wustl.edu/moon/indexproductpage.aspx?product_id=nac.m1197022569re&product_idGeo=31256233,https://ode.rsl.wustl.edu/moon/productfiles.aspx?product_id=nac.m1197022569re&product_idGeo=31256233,https://pds.lroc.im-ldi.com/data/LRO-L-LROC-2-EDR-V1.0/LROLRC_0025/DATA/ESM2/2015259/NAC/M1197022569RE.xml
nac.m1197050709le,2015-09-16T13:50:42.20200,2015-09-16T13:51:30.07300,-1.0,154.5131,-86.01,-84.12,145.33,167.86,https://data.lroc.im-ldi.com/lroc/view_lroc/LRO-L-LROC-2-EDR-V1.0/M1197050709LE,https://ode.rsl.wustl.edu/moon/indexproductpage.aspx?product_id=nac.m1197050709le&product_idGeo=31256606,https://ode.rsl.wustl.edu/moon/productfiles.aspx?product_id=nac.m1197050709le&product_idGeo=31256606,https://pds.lroc.im-ldi.com/data/LRO-L-LROC-2-EDR-V1.0/LROLRC_0025/DATA/ESM2/2015259/NAC/M1197050709LE.xml
nac.m1197050709re,2015-09-16T13:50:42.20200,2015-09-16T13:51:30.07300,-1.0,154.0636,-86.05,-84.16,144.9,167.46,https://data.lroc.im-ldi.com/lroc/view_lroc/LRO-L-LROC-2-EDR-V1.0/M1197050709RE,https://ode.rsl.wustl.edu/moon/indexproductpage.aspx?product_id=nac.m1197050709re&product_idGeo=31256608,https://ode.rsl.wustl.edu/moon/productfiles.aspx?product_id=nac.m1197050709re&product_idGeo=31256608,https://pds.lroc.im-ldi.com/data/LRO-L-LROC-2-EDR-V1.0/LROLRC_0025/DATA/ESM2/2015259/NAC/M1197050709RE.xml
nac.m1197057723le,2015-09-16T15:47:36.79300,2015-09-16T15:48:29.86700,-1.0,147.1577,-85.53,-83.23,139.16,158.56,https://data.lroc.im-ldi.com/lroc/view_lroc/LRO-L-LROC-2-EDR-V1.0/M1197057723LE,https://ode.rsl.wustl.edu/moon/indexproductpage.aspx?product_id=nac.m1197057723le&product_idGeo=31256719,https://ode.rsl.wustl.edu/moon/productfiles.aspx?product_id=nac.m1197057723le&product_idGeo=31256719,https://pds.lroc.im-ldi.com/data/LRO-L-LROC-2-EDR-V1.0/LROLRC_0025/DATA/ESM2/2015259/NAC/M1197057723LE.xml
nac.m1197057723re,2015-09-16T15:47:36.79300,2015-09-16T15:48:29.86700,-1.0,146.7274,-85.57,-83.26,138.77,158.12,https://data.lroc.im-ldi.com/lroc/view_lroc/LRO-L-LROC-2-EDR-V1.0/M1197057723RE,https://ode.rsl.wustl.edu/moon/indexproductpage.aspx?product_id=nac.m1197057723re&product_idGeo=31256724,https://ode.rsl.wustl.edu/moon/productfiles.aspx?product_id=nac.m1197057723re&product_idGeo=31256724,https://pds.lroc.im-ldi.com/data/LRO-L-LROC-2-EDR-V1.0/LROLRC_0025/DATA/ESM2/2015259/NAC/M1197057723RE.xml
nac.m1197071797le,2015-09-16T19:42:10.29800,2015-09-16T19:43:03.37300,-1.0,146.9712,-85.72,-83.49,138.51,159.68,https://data.lroc.im-ldi.com/lroc/view_lroc/LRO-L-LROC-2-EDR-V1.0/M1197071797LE,https://ode.rsl.wustl.edu/moon/indexproductpage.aspx?product_id=nac.m1197071797le&product_idGeo=31257004,https://ode.rsl.wustl.edu/moon/productfiles.aspx?product_id=nac.m1197071797le&product_idGeo=31257004,https://pds.lroc.im-ldi.com/data/LRO-L-LROC-2-EDR-V1.0/LROLRC_0025/DATA/ESM2/2015259/NAC/M1197071797LE.xml
nac.m1197071797re,2015-09-16T19:42:10.29800,2015-09-16T19:43:03.37300,-1.0,146.5128,-85.76,-83.52,138.09,159.25,https://data.lroc.im-ldi.com/lroc/view_lroc/LRO-L-LROC-2-EDR-V1.0/M1197071797RE,https://ode.rsl.wustl.edu/moon/indexproductpage.aspx?product_id=nac.m1197071797re&product_idGeo=31257008,https://ode.rsl.wustl.edu/moon/productfiles.aspx?product_id=nac.m1197071797re&product_idGeo=31257008,https://pds.lroc.im-ldi.com/data/LRO-L-LROC-2-EDR-V1.0/LROLRC_0025/DATA/ESM2/2015259/NAC/M1197071797RE.xml
nac.m1197078834le,2015-09-16T21:39:27.61000,2015-09-16T21:40:20.68400,-1.0,147.0495,-85.83,-83.65,138.38,160.7,https://data.lroc.im-ldi.com/lroc/view_lroc/LRO-L-LROC-2-EDR-V1.0/M1197078834LE,https://ode.rsl.wustl.edu/moon/indexproductpage.aspx?product_id=nac.m1197078834le&product_idGeo=31257187,https://ode.rsl.wustl.edu/moon/productfiles.aspx?product_id=nac.m1197078834le&product_idGeo=31257187,https://pds.lroc.im-ldi.com/data/LRO-L-LROC-2-EDR-V1.0/LROLRC_0025/DATA/ESM2/2015259/NAC/M1197078834LE.xml
nac.m1189895471le,2015-06-25T18:16:44.50800,2015-06-25T18:17:37.58300,-1.0,167.385,-86.64,-84.52,156.76,184.48,https://data.lroc.im-ldi.com/lroc/view_lroc/LRO-L-LROC-2-EDR-V1.0/M1189895471LE,https://ode.rsl.wustl.edu/moon/indexproductpage.aspx?product_id=nac.m1189895471le&product_idGeo=31281929,https://ode.rsl.wustl.edu/moon/productfiles.aspx?product_id=nac.m1189895471le&product_idGeo=31281929,https://pds.lroc.im-ldi.com/data/LRO-L-LROC-2-EDR-V1.0/LROLRC_0024/DATA/ESM2/2015176/NAC/M1189895471LE.xml
nac.m1189902501le,2015-06-25T20:13:54.32800,2015-06-25T20:14:47.40200,-1.0,167.2909,-86.65,-84.57,156.38,184.77,https://data.lroc.im-ldi.com/lroc/view_lroc/LRO-L-LROC-2-EDR-V1.0/M1189902501LE,https://ode.rsl.wustl.edu/moon/indexproductpage.aspx?product_id=nac.m1189902501le&product_idGeo=31282041,https://ode.rsl.wustl.edu/moon/productfiles.aspx?product_id=nac.m1189902501le&product_idGeo=31282041,https://pds.lroc.im-ldi.com/data/LRO-L-LROC-2-EDR-V1.0/LROLRC_0024/DATA/ESM2/2015176/NAC/M1189902501LE.xml
nac.m1189902501re,2015-06-25T20:13:54.32800,2015-06-25T20:14:47.40200,-1.0,167.8163,-86.6,-84.54,156.87,185.19,https://data.lroc.im-ldi.com/lroc/view_lroc/LRO-L-LROC-2-EDR-V1.0/M1189902501RE,https://ode.rsl.wustl.edu/moon/indexproductpage.aspx?product_id=nac.m1189902501re&product_idGeo=31282044,https://ode.rsl.wustl.edu/moon/productfiles.aspx?product_id=nac.m1189902501re&product_idGeo=31282044,https://pds.lroc.im-ldi.com/data/LRO-L-LROC-2-EDR-V1.0/LROLRC_0024/DATA/ESM2/2015176/NAC/M1189902501RE.xml
nac.m1189909530le,2015-06-25T22:11:03.68500,2015-06-25T22:11:56.76000,-1.0,166.9314,-86.65,-84.6,155.83,184.62,https://data.lroc.im-ldi.com/lroc/view_lroc/LRO-L-LROC-2-EDR-V1.0/M1189909530LE,https://ode.rsl.wustl.edu/moon/indexproductpage.aspx?product_id=nac.m1189909530le&product_idGeo=31282152,https://ode.rsl.wustl.edu/moon/productfiles.aspx?product_id=nac.m1189909530le&product_idGeo=31282152,https://pds.lroc.im-ldi.com/data/LRO-L-LROC-2-EDR-V1.0/LROLRC_0024/DATA/ESM2/2015176/NAC/M1189909530LE.xml
nac.m1189909530re,2015-06-25T22:11:03.68500,2015-06-25T22:11:56.76000,-1.0,167.4486,-86.6,-84.56,156.32,185.03,https://data.lroc.im-ldi.com/lroc/view_lroc/LRO-L-LROC-2-EDR-V1.0/M1189909530RE,https://ode.rsl.wustl.edu/moon/indexproductpage.aspx?product_id=nac.m1189909530re&product_idGeo=31282155,https://ode.rsl.wustl.edu/moon/productfiles.aspx?product_id=nac.m1189909530re&product_idGeo=31282155,https://pds.lroc.im-ldi.com/data/LRO-L-LROC-2-EDR-V1.0/LROLRC_0024/DATA/ESM2/2015176/NAC/M1189909530RE.xml
nac.m1189916561le,2015-06-26T00:08:14.70100,2015-06-26T00:09:07.77500,-1.0,167.3947,-86.69,-84.69,155.8,185.79,https://data.lroc.im-ldi.com/lroc/view_lroc/LRO-L-LROC-2-EDR-V1.0/M1189916561LE,https://ode.rsl.wustl.edu/moon/indexproductpage.aspx?product_id=nac.m1189916561le&product_idGeo=31282652,https://ode.rsl.wustl.edu/moon/productfiles.aspx?product_id=nac.m1189916561le&product_idGeo=31282652,https://pds.lroc.im-ldi.com/data/LRO-L-LROC-2-EDR-V1.0/LROLRC_0024/DATA/ESM2/2015177/NAC/M1189916561LE.xml
nac.m1189916561re,2015-06-26T00:08:14.70100,2015-06-26T00:09:07.77500,-1.0,167.9149,-86.64,-84.66,156.3,186.17,https://data.lroc.im-ldi.com/lroc/view_lroc/LRO-L-LROC-2-EDR-V1.0/M1189916561RE,https://ode.rsl.wustl.edu/moon/indexproductpage.aspx?product_id=nac.m1189916561re&product_idGeo=31282655,https://ode.rsl.wustl.edu/moon/productfiles.aspx?product_id=nac.m1189916561re&product_idGeo=31282655,https://pds.lroc.im-ldi.com/data/LRO-L-LROC-2-EDR-V1.0/LROLRC_0024/DATA/ESM2/2015177/NAC/M1189916561RE.xml
nac.m1189923591le,2015-06-26T02:05:25.04800,2015-06-26T02:06:18.12300,-1.0,167.809,-86.7,-84.75,155.56,186.37,https://data.lroc.im-ldi.com/lroc/view_lroc/LRO-L-LROC-2-EDR-V1.0/M1189923591LE,https://ode.rsl.wustl.edu/moon/indexproductpage.aspx?product_id=nac.m1189923591le&product_idGeo=31282757,https://ode.rsl.wustl.edu/moon/productfiles.aspx?product_id=nac.m1189923591le&product_idGeo=31282757,https://pds.lroc.im-ldi.com/data/LRO-L-LROC-2-EDR-V1.0/LROLRC_0024/DATA/ESM2/2015177/NAC/M1189923591LE.xml
nac.m1189923591re,2015-06-26T02:05:25.04800,2015-06-26T02:06:18.12300,-1.0,168.0384,-86.65,-84.72,156.05,186.73,https://data.lroc.im-ldi.com/lroc/view_lroc/LRO-L-LROC-2-EDR-V1.0/M1189923591RE,https://ode.rsl.wustl.edu/moon/indexproductpage.aspx?product_id=nac.m1189923591re&product_idGeo=31282760,https://ode.rsl.wustl.edu/moon/productfiles.aspx?product_id=nac.m1189923591re&product_idGeo=31282760,https://pds.lroc.im-ldi.com/data/LRO-L-LROC-2-EDR-V1.0/LROLRC_0024/DATA/ESM2/2015177/NAC/M1189923591RE.xml
nac.m1189930622le,2015-06-26T04:02:35.73100,2015-06-26T04:03:28.80500,-1.0,168.0995,-86.72,-84.82,155.42,187.21,https://data.lroc.im-ldi.com/lroc/view_lroc/LRO-L-LROC-2-EDR-V1.0/M1189930622LE,https://ode.rsl.wustl.edu/moon/indexproductpage.aspx?product_id=nac.m1189930622le&product_idGeo=31282896,https://ode.rsl.wustl.edu/moon/productfiles.aspx?product_id=nac.m1189930622le&product_idGeo=31282896,https://pds.lroc.im-ldi.com/data/LRO-L-LROC-2-EDR-V1.0/LROLRC_0024/DATA/ESM2/2015177/NAC/M1189930622LE.xml
nac.m1189930622re,2015-06-26T04:02:35.73100,2015-06-26T04:03:28.80500,-1.0,168.3246,-86.67,-84.79,155.92,187.53,https://data.lroc.im-ldi.com/lroc/view_lroc/LRO-L-LROC-2-EDR-V1.0/M1189930622RE,https://ode.rsl.wustl.edu/moon/indexproductpage.aspx?product_id=nac.m1189930622re&product_idGeo=31282899,https://ode.rsl.wustl.edu/moon/productfiles.aspx?product_id=nac.m1189930622re&product_idGeo=31282899,https://pds.lroc.im-ldi.com/data/LRO-L-LROC-2-EDR-V1.0/LROLRC_0024/DATA/ESM2/2015177/NAC/M1189930622RE.xml
nac.m1189944682le,2015-06-26T07:56:55.95000,2015-06-26T07:57:49.02400,-1.0,167.7435,-86.73,-84.92,154.71,187.79,https://data.lroc.im-ldi.com/lroc/view_lroc/LRO-L-LROC-2-EDR-V1.0/M1189944682LE,https://ode.rsl.wustl.edu/moon/indexproductpage.aspx?product_id=nac.m1189944682le&product_idGeo=31283053,https://ode.rsl.wustl.edu/moon/productfiles.aspx?product_id=nac.m1189944682le&product_idGeo=31283053,https://pds.lroc.im-ldi.com/data/LRO-L-LROC-2-EDR-V1.0/LROLRC_0024/DATA/ESM2/2015177/NAC/M1189944682LE.xml
nac.m1189944682re,2015-06-26T07:56:55.95000,2015-06-26T07:57:49.02400,-1.0,168.4673,-86.68,-84.88,155.19,188.07,https://data.lroc.im-ldi.com/lroc/view_lroc/LRO-L-LROC-2-EDR-V1.0/M1189944682RE,https://ode.rsl.wustl.edu/moon/indexproductpage.aspx?product_id=nac.m1189944682re&product_idGeo=31283056,https://ode.rsl.wustl.edu/moon/productfiles.aspx?product_id=nac.m1189944682re&product_idGeo=31283056,https://pds.lroc.im-ldi.com/data/LRO-L-LROC-2-EDR-V1.0/LROLRC_0024/DATA/ESM2/2015177/NAC/M1189944682RE.xml
nac.m1209505937le,2016-02-07T17:37:50.69400,2016-02-07T17:38:43.76900,-1.0,160.7149,-85.4,-82.77,152.6,165.93,https://data.lroc.im-ldi.com/lroc/view_lroc/LRO-L-LROC-2-EDR-V1.0/M1209505937LE,https://ode.rsl.wustl.edu/moon/indexproductpage.aspx?product_id=nac.m1209505937le&product_idGeo=31283759,https://ode.rsl.wustl.edu/moon/productfiles.aspx?product_id=nac.m1209505937le&product_idGeo=31283759,https://pds.lroc.im-ldi.com/data/LRO-L-LROC-2-EDR-V1.0/LROLRC_0026/DATA/ESM2/2016038/NAC/M1209505937LE.xml
nac.m1209505937re,2016-02-07T17:37:50.69400,2016-02-07T17:38:43.76900,-1.0,160.2659,-85.38,-82.75,152.08,165.55,https://data.lroc.im-ldi.com/lroc/view_lroc/LRO-L-LROC-2-EDR-V1.0/M1209505937RE,https://ode.rsl.wustl.edu/moon/indexproductpage.aspx?product_id=nac.m1209505937re&product_idGeo=31283762,https://ode.rsl.wustl.edu/moon/productfiles.aspx?product_id=nac.m1209505937re&product_idGeo=31283762,https://pds.lroc.im-ldi.com/data/LRO-L-LROC-2-EDR-V1.0/LROLRC_0026/DATA/ESM2/2016038/NAC/M1209505937RE.xml
nac.m1209512985le,2016-02-07T19:35:18.55500,2016-02-07T19:36:11.62900,-1.0,162.722,-84.67,-81.97,156.47,166.91,https://data.lroc.im-ldi.com/lroc/view_lroc/LRO-L-LROC-2-EDR-V1.0/M1209512985LE,https://ode.rsl.wustl.edu/moon/indexproductpage.aspx?product_id=nac.m1209512985le&product_idGeo=31283907,https://ode.rsl.wustl.edu/moon/productfiles.aspx?product_id=nac.m1209512985le&product_idGeo=31283907,https://pds.lroc.im-ldi.com/data/LRO-L-LROC-2-EDR-V1.0/LROLRC_0026/DATA/ESM2/2016038/NAC/M1209512985LE.xml
nac.m1209512985re,2016-02-07T19:35:18.55500,2016-02-07T19:36:11.62900,-1.0,162.5276,-84.65,-81.96,156.0,166.56,https://data.lroc.im-ldi.com/lroc/view_lroc/LRO-L-LROC-2-EDR-V1.0/M1209512985RE,https://ode.rsl.wustl.edu/moon/indexproductpage.aspx?product_id=nac.m1209512985re&product_idGeo=31283910,https://ode.rsl.wustl.edu/moon/productfiles.aspx?product_id=nac.m1209512985re&product_idGeo=31283910,https://pds.lroc.im-ldi.com/data/LRO-L-LROC-2-EDR-V1.0/LROLRC_0026/DATA/ESM2/2016038/NAC/M1209512985RE.xml
nac.m1199336429le,2015-10-13T00:46:02.42300,2015-10-13T00:46:55.49700,-1.0,166.2314,-86.37,-84.34,155.45,182.82,https://data.lroc.im-ldi.com/lroc/view_lroc/LRO-L-LROC-2-EDR-V1.0/M1199336429LE,https://ode.rsl.wustl.edu/moon/indexproductpage.aspx?product_id=nac.m1199336429le&product_idGeo=31313265,https://ode.rsl.wustl.edu/moon/productfiles.aspx?product_id=nac.m1199336429le&product_idGeo=31313265,https://pds.lroc.im-ldi.com/data/LRO-L-LROC-2-EDR-V1.0/LROLRC_0025/DATA/ESM2/2015286/NAC/M1199336429LE.xml
nac.m1199336429re,2015-10-13T00:46:02.42300,2015-10-13T00:46:55.49700,-1.0,165.7451,-86.42,-84.38,154.99,182.43,https://data.lroc.im-ldi.com/lroc/view_lroc/LRO-L-LROC-2-EDR-V1.0/M1199336429RE,https://ode.rsl.wustl.edu/moon/indexproductpage.aspx?product_id=nac.m1199336429re&product_idGeo=31313268,https://ode.rsl.wustl.edu/moon/productfiles.aspx?product_id=nac.m1199336429re&product_idGeo=31313268,https://pds.lroc.im-ldi.com/data/LRO-L-LROC-2-EDR-V1.0/LROLRC_0025/DATA/ESM2/2015286/NAC/M1199336429RE.xml
nac.m1199350500le,2015-10-13T04:40:33.93700,2015-10-13T04:41:27.01100,-1.0,166.802,-86.43,-84.51,155.19,184.46,https://data.lroc.im-ldi.com/lroc/view_lroc/LRO-L-LROC-2-EDR-V1.0/M1199350500LE,https://ode.rsl.wustl.edu/moon/indexproductpage.aspx?product_id=nac.m1199350500le&product_idGeo=31313399,https://ode.rsl.wustl.edu/moon/productfiles.aspx?product_id=nac.m1199350500le&product_idGeo=31313399,https://pds.lroc.im-ldi.com/data/LRO-L-LROC-2-EDR-V1.0/LROLRC_0025/DATA/ESM2/2015286/NAC/M1199350500LE.xml
nac.m1199350500re,2015-10-13T04:40:33.93700,2015-10-13T04:41:27.01100,-1.0,166.3137,-86.49,-84.54,154.73,184.11,https://data.lroc.im-ldi.com/lroc/view_lroc/LRO-L-LROC-2-EDR-V1.0/M1199350500RE,https://ode.rsl.wustl.edu/moon/indexproductpage.aspx?product_id=nac.m1199350500re&product_idGeo=31313402,https://ode.rsl.wustl.edu/moon/productfiles.aspx?product_id=nac.m1199350500re&product_idGeo=31313402,https://pds.lroc.im-ldi.com/data/LRO-L-LROC-2-EDR-V1.0/LROLRC_0025/DATA/ESM2/2015286/NAC/M1199350500RE.xml
nac.m1199364571le,2015-10-13T08:35:04.73500,2015-10-13T08:35:57.80900,-1.0,166.9872,-86.47,-84.64,154.67,185.49,https://data.lroc.im-ldi.com/lroc/view_lroc/LRO-L-LROC-2-EDR-V1.0/M1199364571LE,https://ode.rsl.wustl.edu/moon/indexproductpage.aspx?product_id=nac.m1199364571le&product_idGeo=31313726,https://ode.rsl.wustl.edu/moon/productfiles.aspx?product_id=nac.m1199364571le&product_idGeo=31313726,https://pds.lroc.im-ldi.com/data/LRO-L-LROC-2-EDR-V1.0/LROLRC_0025/DATA/ESM2/2015286/NAC/M1199364571LE.xml
nac.m1199364571re,2015-10-13T08:35:04.73500,2015-10-13T08:35:57.80900,-1.0,166.5477,-86.52,-84.67,154.22,185.19,https://data.lroc.im-ldi.com/lroc/view_lroc/LRO-L-LROC-2-EDR-V1.0/M1199364571RE,https://ode.rsl.wustl.edu/moon/indexproductpage.aspx?product_id=nac.m1199364571re&product_idGeo=31313730,https://ode.rsl.wustl.edu/moon/productfiles.aspx?product_id=nac.m1199364571re&product_idGeo=31313730,https://pds.lroc.im-ldi.com/data/LRO-L-LROC-2-EDR-V1.0/LROLRC_0025/DATA/ESM2/2015286/NAC/M1199364571RE.xml
nac.m1199378641le,2015-10-13T12:29:34.78300,2015-10-13T12:30:27.85700,-1.0,166.7805,-86.49,-84.73,153.9,185.88,https://data.lroc.im-ldi.com/lroc/view_lroc/LRO-L-LROC-2-EDR-V1.0/M1199378641LE,https://ode.rsl.wustl.edu/moon/indexproductpage.aspx?product_id=nac.m1199378641le&product_idGeo=31313884,https://ode.rsl.wustl.edu/moon/productfiles.aspx?product_id=nac.m1199378641le&product_idGeo=31313884,https://pds.lroc.im-ldi.com/data/LRO-L-LROC-2-EDR-V1.0/LROLRC_0025/DATA/ESM2/2015286/NAC/M1199378641LE.xml
nac.m1199378641re,2015-10-13T12:29:34.78300,2015-10-13T12:30:27.85700,-1.0,166.1116,-86.54,-84.77,153.45,185.62,https://data.lroc.im-ldi.com/lroc/view_lroc/LRO-L-LROC-2-EDR-V1.0/M1199378641RE,https://ode.rsl.wustl.edu/moon/indexproductpage.aspx?product_id=nac.m1199378641re&product_idGeo=31313887,https://ode.rsl.wustl.edu/moon/productfiles.aspx?product_id=nac.m1199378641re&product_idGeo=31313887,https://pds.lroc.im-ldi.com/data/LRO-L-LROC-2-EDR-V1.0/LROLRC_0025/DATA/ESM2/2015286/NAC/M1199378641RE.xml
nac.m1199392711le,2015-10-13T16:24:04.87100,2015-10-13T16:24:57.94500,-1.0,166.7673,-86.49,-84.82,153.09,186.17,https://data.lroc.im-ldi.com/lroc/view_lroc/LRO-L-LROC-2-EDR-V1.0/M1199392711LE,https://ode.rsl.wustl.edu/moon/indexproductpage.aspx?product_id=nac.m1199392711le&product_idGeo=31314028,https://ode.rsl.wustl.edu/moon/productfiles.aspx?product_id=nac.m1199392711le&product_idGeo=31314028,https://pds.lroc.im-ldi.com/data/LRO-L-LROC-2-EDR-V1.0/LROLRC_0025/DATA/ESM2/2015286/NAC/M1199392711LE.xml
nac.m1199392711re,2015-10-13T16:24:04.87100,2015-10-13T16:24:57.94500,-1.0,166.1285,-86.54,-84.86,152.65,185.95,https://data.lroc.im-ldi.com/lroc/view_lroc/LRO-L-LROC-2-EDR-V1.0/M1199392711RE,https://ode.rsl.wustl.edu/moon/indexproductpage.aspx?product_id=nac.m1199392711re&product_idGeo=31314032,https://ode.rsl.wustl.edu/moon/productfiles.aspx?product_id=nac.m1199392711re&product_idGeo=31314032,https://pds.lroc.im-ldi.com/data/LRO-L-LROC-2-EDR-V1.0/LROLRC_0025/DATA/ESM2/2015286/NAC/M1199392711RE.xml
nac.m1199406787re,2015-10-13T20:18:40.35300,2015-10-13T20:19:33.42800,-1.0,169.3512,-86.61,-85.16,154.12,190.89,https://data.lroc.im-ldi.com/lroc/view_lroc/LRO-L-LROC-2-EDR-V1.0/M1199406787RE,https://ode.rsl.wustl.edu/moon/indexproductpage.aspx?product_id=nac.m1199406787re&product_idGeo=31314341,https://ode.rsl.wustl.edu/moon/productfiles.aspx?product_id=nac.m1199406787re&product_idGeo=31314341,https://pds.lroc.im-ldi.com/data/LRO-L-LROC-2-EDR-V1.0/LROLRC_0025/DATA/ESM2/2015286/NAC/M1199406787RE.xml
nac.m1199420839le,2015-10-14T00:12:52.67200,2015-10-14T00:13:45.74700,-1.0,158.6234,-86.31,-84.48,146.4,176.12,https://data.lroc.im-ldi.com/lroc/view_lroc/LRO-L-LROC-2-EDR-V1.0/M1199420839LE,https://ode.rsl.wustl.edu/moon/indexproductpage.aspx?product_id=nac.m1199420839le&product_idGeo=31315780,https://ode.rsl.wustl.edu/moon/productfiles.aspx?product_id=nac.m1199420839le&product_idGeo=31315780,https://pds.lroc.im-ldi.com/data/LRO-L-LROC-2-EDR-V1.0/LROLRC_0025/DATA/ESM2/2015287/NAC/M1199420839LE.xml
nac.m1199420839re,2015-10-14T00:12:52.67200,2015-10-14T00:13:45.74700,-1.0,157.9668,-86.36,-84.52,145.97,175.83,https://data.lroc.im-ldi.com/lroc/view_lroc/LRO-L-LROC-2-EDR-V1.0/M1199420839RE,https://ode.rsl.wustl.edu/moon/indexproductpage.aspx?product_id=nac.m1199420839re&product_idGeo=31315783,https://ode.rsl.wustl.edu/moon/productfiles.aspx?product_id=nac.m1199420839re&product_idGeo=31315783,https://pds.lroc.im-ldi.com/data/LRO-L-LROC-2-EDR-V1.0/LROLRC_0025/DATA/ESM2/2015287/NAC/M1199420839RE.xml
nac.m1192270916re,2015-07-23T06:07:29.21600,2015-07-23T06:08:22.29000,-1.0,148.7172,-84.6,-82.01,143.93,156.29,https://data.lroc.im-ldi.com/lroc/view_lroc/LRO-L-LROC-2-EDR-V1.0/M1192270916RE,https://ode.rsl.wustl.edu/moon/indexproductpage.aspx?product_id=nac.m1192270916re&product_idGeo=31343914,https://ode.rsl.wustl.edu/moon/productfiles.aspx?product_id=nac.m1192270916re&product_idGeo=31343914,https://pds.lroc.im-ldi.com/data/LRO-L-LROC-2-EDR-V1.0/LROLRC_0024/DATA/ESM2/2015204/NAC/M1192270916RE.xml
nac.m1192277951le,2015-07-23T08:04:45.02100,2015-07-23T08:05:38.09600,-1.0,149.5141,-84.93,-82.38,143.78,157.47,https://data.lroc.im-ldi.com/lroc/view_lroc/LRO-L-LROC-2-EDR-V1.0/M1192277951LE,https://ode.rsl.wustl.edu/moon/indexproductpage.aspx?product_id=nac.m1192277951le&product_idGeo=31344012,https://ode.rsl.wustl.edu/moon/productfiles.aspx?product_id=nac.m1192277951le&product_idGeo=31344012,https://pds.lroc.im-ldi.com/data/LRO-L-LROC-2-EDR-V1.0/LROLRC_0024/DATA/ESM2/2015204/NAC/M1192277951LE.xml
nac.m1192277951re,2015-07-23T08:04:45.02100,2015-07-23T08:05:38.09600,-1.0,149.4901,-84.9,-82.36,144.17,157.96,https://data.lroc.im-ldi.com/lroc/view_lroc/LRO-L-LROC-2-EDR-V1.0/M1192277951RE,https://ode.rsl.wustl.edu/moon/indexproductpage.aspx?product_id=nac.m1192277951re&product_idGeo=31344014,https://ode.rsl.wustl.edu/moon/productfiles.aspx?product_id=nac.m1192277951re&product_idGeo=31344014,https://pds.lroc.im-ldi.com/data/LRO-L-LROC-2-EDR-V1.0/LROLRC_0024/DATA/ESM2/2015204/NAC/M1192277951RE.xml
nac.m1192284983le,2015-07-23T10:01:56.51700,2015-07-23T10:02:49.59100,-1.0,149.1077,-85.04,-82.51,143.36,157.7,https://data.lroc.im-ldi.com/lroc/view_lroc/LRO-L-LROC-2-EDR-V1.0/M1192284983LE,https://ode.rsl.wustl.edu/moon/indexproductpage.aspx?product_id=nac.m1192284983le&product_idGeo=31344100,https://ode.rsl.wustl.edu/moon/productfiles.aspx?product_id=nac.m1192284983le&product_idGeo=31344100,https://pds.lroc.im-ldi.com/data/LRO-L-LROC-2-EDR-V1.0/LROLRC_0024/DATA/ESM2/2015204/NAC/M1192284983LE.xml
nac.m1192284983re,2015-07-23T10:01:56.51700,2015-07-23T10:02:49.59100,-1.0,149.5456,-85.0,-82.49,143.75,158.18,https://data.lroc.im-ldi.com/lroc/view_lroc/LRO-L-LROC-2-EDR-V1.0/M1192284983RE,https://ode.rsl.wustl.edu/moon/indexproductpage.aspx?product_id=nac.m1192284983re&product_idGeo=31344104,https://ode.rsl.wustl.edu/moon/productfiles.aspx?product_id=nac.m1192284983re&product_idGeo=31344104,https://pds.lroc.im-ldi.com/data/LRO-L-LROC-2-EDR-V1.0/LROLRC_0024/DATA/ESM2/2015204/NAC/M1192284983RE.xml
nac.m1192292037le,2015-07-23T11:59:30.48600,2015-07-23T12:00:23.56100,-1.0,156.0839,-86.02,-83.73,147.66,169.18,https://data.lroc.im-ldi.com/lroc/view_lroc/LRO-L-LROC-2-EDR-V1.0/M1192292037LE,https://ode.rsl.wustl.edu/moon/indexproductpage.aspx?product_id=nac.m1192292037le&product_idGeo=31344190,https://ode.rsl.wustl.edu/moon/productfiles.aspx?product_id=nac.m1192292037le&product_idGeo=31344190,https://pds.lroc.im-ldi.com/data/LRO-L-LROC-2-EDR-V1.0/LROLRC_0024/DATA/ESM2/2015204/NAC/M1192292037LE.xml
nac.m1192292037re,2015-07-23T11:59:30.48600,2015-07-23T12:00:23.56100,-1.0,156.8186,-85.97,-83.7,148.1,169.65,https://data.lroc.im-ldi.com/lroc/view_lroc/LRO-L-LROC-2-EDR-V1.0/M1192292037RE,https://ode.rsl.wustl.edu/moon/indexproductpage.aspx?product_id=nac.m1192292037re&product_idGeo=31344193,https://ode.rsl.wustl.edu/moon/productfiles.aspx?product_id=nac.m1192292037re&product_idGeo=31344193,https://pds.lroc.im-ldi.com/data/LRO-L-LROC-2-EDR-V1.0/LROLRC_0024/DATA/ESM2/2015204/NAC/M1192292037RE.xml
nac.m1192299066le,2015-07-23T13:56:39.82100,2015-07-23T13:57:32.89500,-1.0,155.4229,-86.02,-83.75,146.91,168.67,https://data.lroc.im-ldi.com/lroc/view_lroc/LRO-L-LROC-2-EDR-V1.0/M1192299066LE,https://ode.rsl.wustl.edu/moon/indexproductpage.aspx?product_id=nac.m1192299066le&product_idGeo=31344259,https://ode.rsl.wustl.edu/moon/productfiles.aspx?product_id=nac.m1192299066le&product_idGeo=31344259,https://pds.lroc.im-ldi.com/data/LRO-L-LROC-2-EDR-V1.0/LROLRC_0024/DATA/ESM2/2015204/NAC/M1192299066LE.xml
nac.m1192299066re,2015-07-23T13:56:39.82100,2015-07-23T13:57:32.89500,-1.0,155.9114,-85.98,-83.72,147.35,169.13,https://data.lroc.im-ldi.com/lroc/view_lroc/LRO-L-LROC-2-EDR-V1.0/M1192299066RE,https://ode.rsl.wustl.edu/moon/indexproductpage.aspx?product_id=nac.m1192299066re&product_idGeo=31344262,https://ode.rsl.wustl.edu/moon/productfiles.aspx?product_id=nac.m1192299066re&product_idGeo=31344262,https://pds.lroc.im-ldi.com/data/LRO-L-LROC-2-EDR-V1.0/LROLRC_0024/DATA/ESM2/2015204/NAC/M1192299066RE.xml
nac.m1192334190le,2015-07-23T23:42:04.01600,2015-07-23T23:42:57.09100,-1.0,144.5983,-85.19,-82.74,137.95,153.98,https://data.lroc.im-ldi.com/lroc/view_lroc/LRO-L-LROC-2-EDR-V1.0/M1192334190LE,https://ode.rsl.wustl.edu/moon/indexproductpage.aspx?product_id=nac.m1192334190le&product_idGeo=31344657,https://ode.rsl.wustl.edu/moon/productfiles.aspx?product_id=nac.m1192334190le&product_idGeo=31344657,https://pds.lroc.im-ldi.com/data/LRO-L-LROC-2-EDR-V1.0/LROLRC_0024/DATA/ESM2/2015204/NAC/M1192334190LE.xml
nac.m1192334190re,2015-07-23T23:42:04.01600,2015-07-23T23:42:57.09100,-1.0,144.5743,-85.16,-82.72,138.33,154.43,https://data.lroc.im-ldi.com/lroc/view_lroc/LRO-L-LROC-2-EDR-V1.0/M1192334190RE,https://ode.rsl.wustl.edu/moon/indexproductpage.aspx?product_id=nac.m1192334190re&product_idGeo=31344660,https://ode.rsl.wustl.edu/moon/productfiles.aspx?product_id=nac.m1192334190re&product_idGeo=31344660,https://pds.lroc.im-ldi.com/data/LRO-L-LROC-2-EDR-V1.0/LROLRC_0024/DATA/ESM2/2015204/NAC/M1192334190RE.xml
nac.m1211861968le,2016-03-06T00:05:01.08100,2016-03-06T00:05:54.15600,-1.0,160.7676,-85.26,-82.62,153.01,165.8,https://data.lroc.im-ldi.com/lroc/view_lroc/LRO-L-LROC-2-EDR-V1.0/M1211861968LE,https://ode.rsl.wustl.edu/moon/indexproductpage.aspx?product_id=nac.m1211861968le&product_idGeo=31349932,https://ode.rsl.wustl.edu/moon/productfiles.aspx?product_id=nac.m1211861968le&product_idGeo=31349932,https://pds.lroc.im-ldi.com/data/LRO-L-LROC-2-EDR-V1.0/LROLRC_0026/DATA/ESM2/2016066/NAC/M1211861968LE.xml
nac.m1211861968re,2016-03-06T00:05:01.08100,2016-03-06T00:05:54.15600,-1.0,160.1027,-85.23,-82.6,152.49,165.42,https://data.lroc.im-ldi.com/lroc/view_lroc/LRO-L-LROC-2-EDR-V1.0/M1211861968RE,https://ode.rsl.wustl.edu/moon/indexproductpage.aspx?product_id=nac.m1211861968re&product_idGeo=31349936,https://ode.rsl.wustl.edu/moon/productfiles.aspx?product_id=nac.m1211861968re&product_idGeo=31349936,https://pds.lroc.im-ldi.com/data/LRO-L-LROC-2-EDR-V1.0/LROLRC_0026/DATA/ESM2/2016066/NAC/M1211861968RE.xml
nac.m1211869001le,2016-03-06T02:02:15.00300,2016-03-06T02:03:08.07700,-1.0,159.9283,-85.19,-82.54,152.34,164.86,https://data.lroc.im-ldi.com/lroc/view_lroc/LRO-L-LROC-2-EDR-V1.0/M1211869001LE,https://ode.rsl.wustl.edu/moon/indexproductpage.aspx?product_id=nac.m1211869001le&product_idGeo=31350010,https://ode.rsl.wustl.edu/moon/productfiles.aspx?product_id=nac.m1211869001le&product_idGeo=31350010,https://pds.lroc.im-ldi.com/data/LRO-L-LROC-2-EDR-V1.0/LROLRC_0026/DATA/ESM2/2016066/NAC/M1211869001LE.xml
nac.m1211869001re,2016-03-06T02:02:15.00300,2016-03-06T02:03:08.07700,-1.0,159.2636,-85.16,-82.53,151.83,164.49,https://data.lroc.im-ldi.com/lroc/view_lroc/LRO-L-LROC-2-EDR-V1.0/M1211869001RE,https://ode.rsl.wustl.edu/moon/indexproductpage.aspx?product_id=nac.m1211869001re&product_idGeo=31350014,https://ode.rsl.wustl.edu/moon/productfiles.aspx?product_id=nac.m1211869001re&product_idGeo=31350014,https://pds.lroc.im-ldi.com/data/LRO-L-LROC-2-EDR-V1.0/LROLRC_0026/DATA/ESM2/2016066/NAC/M1211869001RE.xml
nac.m1202452140le,2015-11-18T02:14:33.15000,2015-11-18T02:14:55.00500,-1.0,151.3334,-85.97,-84.95,146.32,155.38,https://data.lroc.im-ldi.com/lroc/view_lroc/LRO-L-LROC-2-EDR-V1.0/M1202452140LE,https://ode.rsl.wustl.edu/moon/indexproductpage.aspx?product_id=nac.m1202452140le&product_idGeo=31387862,https://ode.rsl.wustl.edu/moon/productfiles.aspx?product_id=nac.m1202452140le&product_idGeo=31387862,https://pds.lroc.im-ldi.com/data/LRO-L-LROC-2-EDR-V1.0/LROLRC_0025/DATA/ESM2/2015322/NAC/M1202452140LE.xml
nac.m1202452140re,2015-11-18T02:14:33.15000,2015-11-18T02:14:55.00500,-1.0,152.1329,-86.0,-84.97,146.87,155.88,https://data.lroc.im-ldi.com/lroc/view_lroc/LRO-L-LROC-2-EDR-V1.0/M1202452140RE,https://ode.rsl.wustl.edu/moon/indexproductpage.aspx?product_id=nac.m1202452140re&product_idGeo=31387864,https://ode.rsl.wustl.edu/moon/productfiles.aspx?product_id=nac.m1202452140re&product_idGeo=31387864,https://pds.lroc.im-ldi.com/data/LRO-L-LROC-2-EDR-V1.0/LROLRC_0025/DATA/ESM2/2015322/NAC/M1202452140RE.xml
nac.m1202459173le,2015-11-18T04:11:46.95400,2015-11-18T04:12:07.76700,-1.0,150.5079,-85.9,-84.92,145.83,154.33,https://data.lroc.im-ldi.com/lroc/view_lroc/LRO-L-LROC-2-EDR-V1.0/M1202459173LE,https://ode.rsl.wustl.edu/moon/indexproductpage.aspx?product_id=nac.m1202459173le&product_idGeo=31388003,https://ode.rsl.wustl.edu/moon/productfiles.aspx?product_id=nac.m1202459173le&product_idGeo=31388003,https://pds.lroc.im-ldi.com/data/LRO-L-LROC-2-EDR-V1.0/LROLRC_0025/DATA/ESM2/2015322/NAC/M1202459173LE.xml
nac.m1202459173re,2015-11-18T04:11:46.95400,2015-11-18T04:12:07.76700,-1.0,151.0254,-85.93,-84.94,146.37,154.83,https://data.lroc.im-ldi.com/lroc/view_lroc/LRO-L-LROC-2-EDR-V1.0/M1202459173RE,https://ode.rsl.wustl.edu/moon/indexproductpage.aspx?product_id=nac.m1202459173re&product_idGeo=31388004,https://ode.rsl.wustl.edu/moon/productfiles.aspx?product_id=nac.m1202459173re&product_idGeo=31388004,https://pds.lroc.im-ldi.com/data/LRO-L-LROC-2-EDR-V1.0/LROLRC_0025/DATA/ESM2/2015322/NAC/M1202459173RE.xml
nac.m1202466213re,2015-11-18T06:09:06.27600,2015-11-18T06:09:36.45600,-1.0,153.7765,-85.61,-84.15,148.22,157.98,https://data.lroc.im-ldi.com/lroc/view_lroc/LRO-L-LROC-2-EDR-V1.0/M1202466213RE,https://ode.rsl.wustl.edu/moon/indexproductpage.aspx?product_id=nac.m1202466213re&product_idGeo=31388087,https://ode.rsl.wustl.edu/moon/productfiles.aspx?product_id=nac.m1202466213re&product_idGeo=31388087,https://pds.lroc.im-ldi.com/data/LRO-L-LROC-2-EDR-V1.0/LROLRC_0025/DATA/ESM2/2015322/NAC/M1202466213RE.xml
nac.m1194611275re,2015-08-19T08:13:28.37300,2015-08-19T08:14:21.44700,-1.0,164.4585,-86.39,-84.21,154.76,179.86,https://data.lroc.im-ldi.com/lroc/view_lroc/LRO-L-LROC-2-EDR-V1.0/M1194611275RE,https://ode.rsl.wustl.edu/moon/indexproductpage.aspx?product_id=nac.m1194611275re&product_idGeo=31395718,https://ode.rsl.wustl.edu/moon/productfiles.aspx?product_id=nac.m1194611275re&product_idGeo=31395718,https://pds.lroc.im-ldi.com/data/LRO-L-LROC-2-EDR-V1.0/LROLRC_0024/DATA/ESM2/2015231/NAC/M1194611275RE.xml
nac.m1194709669le,2015-08-20T11:33:22.23000,2015-08-20T11:33:58.65400,-1.0,146.6678,-85.34,-83.75,140.76,154.49,https://data.lroc.im-ldi.com/lroc/view_lroc/LRO-L-LROC-2-EDR-V1.0/M1194709669LE,https://ode.rsl.wustl.edu/moon/indexproductpage.aspx?product_id=nac.m1194709669le&product_idGeo=31397835,https://ode.rsl.wustl.edu/moon/productfiles.aspx?product_id=nac.m1194709669le&product_idGeo=31397835,https://pds.lroc.im-ldi.com/data/LRO-L-LROC-2-EDR-V1.0/LROLRC_0024/DATA/ESM2/2015232/NAC/M1194709669LE.xml
nac.m1194709669re,2015-08-20T11:33:22.23000,2015-08-20T11:33:58.65400,-1.0,146.2272,-85.38,-83.78,140.35,154.04,https://data.lroc.im-ldi.com/lroc/view_lroc/LRO-L-LROC-2-EDR-V1.0/M1194709669RE,https://ode.rsl.wustl.edu/moon/indexproductpage.aspx?product_id=nac.m1194709669re&product_idGeo=31397837,https://ode.rsl.wustl.edu/moon/productfiles.aspx?product_id=nac.m1194709669re&product_idGeo=31397837,https://pds.lroc.im-ldi.com/data/LRO-L-LROC-2-EDR-V1.0/LROLRC_0024/DATA/ESM2/2015232/NAC/M1194709669RE.xml
nac.m1194716703le,2015-08-20T13:30:36.85700,2015-08-20T13:31:11.19900,-1.0,147.7107,-85.47,-84.01,141.41,155.37,https://data.lroc.im-ldi.com/lroc/view_lroc/LRO-L-LROC-2-EDR-V1.0/M1194716703LE,https://ode.rsl.wustl.edu/moon/indexproductpage.aspx?product_id=nac.m1194716703le&product_idGeo=31397918,https://ode.rsl.wustl.edu/moon/productfiles.aspx?product_id=nac.m1194716703le&product_idGeo=31397918,https://pds.lroc.im-ldi.com/data/LRO-L-LROC-2-EDR-V1.0/LROLRC_0024/DATA/ESM2/2015232/NAC/M1194716703LE.xml
nac.m1194716703re,2015-08-20T13:30:36.85700,2015-08-20T13:31:11.19900,-1.0,146.7722,-85.52,-84.05,140.98,154.92,https://data.lroc.im-ldi.com/lroc/view_lroc/LRO-L-LROC-2-EDR-V1.0/M1194716703RE,https://ode.rsl.wustl.edu/moon/indexproductpage.aspx?product_id=nac.m1194716703re&product_idGeo=31397919,https://ode.rsl.wustl.edu/moon/productfiles.aspx?product_id=nac.m1194716703re&product_idGeo=31397919,https://pds.lroc.im-ldi.com/data/LRO-L-LROC-2-EDR-V1.0/LROLRC_0024/DATA/ESM2/2015232/NAC/M1194716703RE.xml
nac.m1194723735le,2015-08-20T15:27:48.12800,2015-08-20T15:28:22.47000,-1.0,147.4751,-85.56,-84.13,141.17,155.7,https://data.lroc.im-ldi.com/lroc/view_lroc/LRO-L-LROC-2-EDR-V1.0/M1194723735LE,https://ode.rsl.wustl.edu/moon/indexproductpage.aspx?product_id=nac.m1194723735le&product_idGeo=31398009,https://ode.rsl.wustl.edu/moon/productfiles.aspx?product_id=nac.m1194723735le&product_idGeo=31398009,https://pds.lroc.im-ldi.com/data/LRO-L-LROC-2-EDR-V1.0/LROLRC_0024/DATA/ESM2/2015232/NAC/M1194723735LE.xml
nac.m1204104676le,2015-12-07T05:16:49.26800,2015-12-07T05:17:32.97700,-1.0,166.8263,-86.36,-84.98,155.06,182.3,https://data.lroc.im-ldi.com/lroc/view_lroc/LRO-L-LROC-2-EDR-V1.0/M1204104676LE,https://ode.rsl.wustl.edu/moon/indexproductpage.aspx?product_id=nac.m1204104676le&product_idGeo=31416664,https://ode.rsl.wustl.edu/moon/productfiles.aspx?product_id=nac.m1204104676le&product_idGeo=31416664,https://pds.lroc.im-ldi.com/data/LRO-L-LROC-2-EDR-V1.0/LROLRC_0025/DATA/ESM2/2015341/NAC/M1204104676LE.xml
nac.m1204104676re,2015-12-07T05:16:49.26800,2015-12-07T05:17:32.97700,-1.0,166.2273,-86.41,-85.02,154.63,182.05,https://data.lroc.im-ldi.com/lroc/view_lroc/LRO-L-LROC-2-EDR-V1.0/M1204104676RE,https://ode.rsl.wustl.edu/moon/indexproductpage.aspx?product_id=nac.m1204104676re&product_idGeo=31416667,https://ode.rsl.wustl.edu/moon/productfiles.aspx?product_id=nac.m1204104676re&product_idGeo=31416667,https://pds.lroc.im-ldi.com/data/LRO-L-LROC-2-EDR-V1.0/LROLRC_0025/DATA/ESM2/2015341/NAC/M1204104676RE.xml
nac.m1204118745le,2015-12-07T09:11:18.81100,2015-12-07T09:12:03.56000,-1.0,166.5923,-86.4,-85.07,154.26,183.21,https://data.lroc.im-ldi.com/lroc/view_lroc/LRO-L-LROC-2-EDR-V1.0/M1204118745LE,https://ode.rsl.wustl.edu/moon/indexproductpage.aspx?product_id=nac.m1204118745le&product_idGeo=31416776,https://ode.rsl.wustl.edu/moon/productfiles.aspx?product_id=nac.m1204118745le&product_idGeo=31416776,https://pds.lroc.im-ldi.com/data/LRO-L-LROC-2-EDR-V1.0/LROLRC_0025/DATA/ESM2/2015341/NAC/M1204118745LE.xml
nac.m1204118745re,2015-12-07T09:11:18.81100,2015-12-07T09:12:03.56000,-1.0,166.4076,-86.45,-85.1,153.84,183.0,https://data.lroc.im-ldi.com/lroc/view_lroc/LRO-L-LROC-2-EDR-V1.0/M1204118745RE,https://ode.rsl.wustl.edu/moon/indexproductpage.aspx?product_id=nac.m1204118745re&product_idGeo=31416778,https://ode.rsl.wustl.edu/moon/productfiles.aspx?product_id=nac.m1204118745re&product_idGeo=31416778,https://pds.lroc.im-ldi.com/data/LRO-L-LROC-2-EDR-V1.0/LROLRC_0025/DATA/ESM2/2015341/NAC/M1204118745RE.xml
nac.m1204132814le,2015-12-07T13:05:47.43000,2015-12-07T13:06:32.17900,-1.0,165.6304,-86.41,-85.12,153.01,182.49,https://data.lroc.im-ldi.com/lroc/view_lroc/LRO-L-LROC-2-EDR-V1.0/M1204132814LE,https://ode.rsl.wustl.edu/moon/indexproductpage.aspx?product_id=nac.m1204132814le&product_idGeo=31416902,https://ode.rsl.wustl.edu/moon/productfiles.aspx?product_id=nac.m1204132814le&product_idGeo=31416902,https://pds.lroc.im-ldi.com/data/LRO-L-LROC-2-EDR-V1.0/LROLRC_0025/DATA/ESM2/2015341/NAC/M1204132814LE.xml
nac.m1204132814re,2015-12-07T13:05:47.43000,2015-12-07T13:06:32.17900,-1.0,165.2549,-86.46,-85.16,152.58,182.29,https://data.lroc.im-ldi.com/lroc/view_lroc/LRO-L-LROC-2-EDR-V1.0/M1204132814RE,https://ode.rsl.wustl.edu/moon/indexproductpage.aspx?product_id=nac.m1204132814re&product_idGeo=31416905,https://ode.rsl.wustl.edu/moon/productfiles.aspx?product_id=nac.m1204132814re&product_idGeo=31416905,https://pds.lroc.im-ldi.com/data/LRO-L-LROC-2-EDR-V1.0/LROLRC_0025/DATA/ESM2/2015341/NAC/M1204132814RE.xml
nac.m1204146884le,2015-12-07T17:00:17.25700,2015-12-07T17:01:03.04700,-1.0,165.8983,-86.44,-85.22,152.39,183.75,https://data.lroc.im-ldi.com/lroc/view_lroc/LRO-L-LROC-2-EDR-V1.0/M1204146884LE,https://ode.rsl.wustl.edu/moon/indexproductpage.aspx?product_id=nac.m1204146884le&product_idGeo=31417097,https://ode.rsl.wustl.edu/moon/productfiles.aspx?product_id=nac.m1204146884le&product_idGeo=31417097,https://pds.lroc.im-ldi.com/data/LRO-L-LROC-2-EDR-V1.0/LROLRC_0025/DATA/ESM2/2015341/NAC/M1204146884LE.xml
nac.m1204146884re,2015-12-07T17:00:17.25700,2015-12-07T17:01:03.04700,-1.0,165.5386,-86.5,-85.26,151.95,183.6,https://data.lroc.im-ldi.com/lroc/view_lroc/LRO-L-LROC-2-EDR-V1.0/M1204146884RE,https://ode.rsl.wustl.edu/moon/indexproductpage.aspx?product_id=nac.m1204146884re&product_idGeo=31417099,https://ode.rsl.wustl.edu/moon/productfiles.aspx?product_id=nac.m1204146884re&product_idGeo=31417099,https://pds.lroc.im-ldi.com/data/LRO-L-LROC-2-EDR-V1.0/LROLRC_0025/DATA/ESM2/2015341/NAC/M1204146884RE.xml
nac.m1204801056le,2015-12-15T06:43:10.01800,2015-12-15T06:44:03.09200,-1.0,158.8757,-85.67,-83.07,149.83,164.58,https://data.lroc.im-ldi.com/lroc/view_lroc/LRO-L-LROC-2-EDR-V1.0/M1204801056LE,https://ode.rsl.wustl.edu/moon/indexproductpage.aspx?product_id=nac.m1204801056le&product_idGeo=31434049,https://ode.rsl.wustl.edu/moon/productfiles.aspx?product_id=nac.m1204801056le&product_idGeo=31434049,https://pds.lroc.im-ldi.com/data/LRO-L-LROC-2-EDR-V1.0/LROLRC_0025/DATA/ESM2/2015349/NAC/M1204801056LE.xml
nac.m1204801056re,2015-12-15T06:43:10.01800,2015-12-15T06:44:03.09200,-1.0,159.3289,-85.69,-83.09,150.37,164.97,https://data.lroc.im-ldi.com/lroc/view_lroc/LRO-L-LROC-2-EDR-V1.0/M1204801056RE,https://ode.rsl.wustl.edu/moon/indexproductpage.aspx?product_id=nac.m1204801056re&product_idGeo=31434052,https://ode.rsl.wustl.edu/moon/productfiles.aspx?product_id=nac.m1204801056re&product_idGeo=31434052,https://pds.lroc.im-ldi.com/data/LRO-L-LROC-2-EDR-V1.0/LROLRC_0025/DATA/ESM2/2015349/NAC/M1204801056RE.xml
nac.m1204808083le,2015-12-15T08:40:16.93400,2015-12-15T08:41:10.00900,-1.0,156.2933,-85.89,-83.33,146.29,162.51,https://data.lroc.im-ldi.com/lroc/view_lroc/LRO-L-LROC-2-EDR-V1.0/M1204808083LE,https://ode.rsl.wustl.edu/moon/indexproductpage.aspx?product_id=nac.m1204808083le&product_idGeo=31434134,https://ode.rsl.wustl.edu/moon/productfiles.aspx?product_id=nac.m1204808083le&product_idGeo=31434134,https://pds.lroc.im-ldi.com/data/LRO-L-LROC-2-EDR-V1.0/LROLRC_0025/DATA/ESM2/2015349/NAC/M1204808083LE.xml
nac.m1204808083re,2015-12-15T08:40:16.93400,2015-12-15T08:41:10.00900,-1.0,156.5203,-85.92,-83.35,146.83,162.91,https://data.lroc.im-ldi.com/lroc/view_lroc/LRO-L-LROC-2-EDR-V1.0/M1204808083RE,https://ode.rsl.wustl.edu/moon/indexproductpage.aspx?product_id=nac.m1204808083re&product_idGeo=31434137,https://ode.rsl.wustl.edu/moon/productfiles.aspx?product_id=nac.m1204808083re&product_idGeo=31434137,https://pds.lroc.im-ldi.com/data/LRO-L-LROC-2-EDR-V1.0/LROLRC_0025/DATA/ESM2/2015349/NAC/M1204808083RE.xml
nac.m1204815117re,2015-12-15T10:37:30.50100,2015-12-15T10:38:23.57600,-1.0,155.7187,-85.86,-83.28,146.26,161.99,https://data.lroc.im-ldi.com/lroc/view_lroc/LRO-L-LROC-2-EDR-V1.0/M1204815117RE,https://ode.rsl.wustl.edu/moon/indexproductpage.aspx?product_id=nac.m1204815117re&product_idGeo=31434217,https://ode.rsl.wustl.edu/moon/productfiles.aspx?product_id=nac.m1204815117re&product_idGeo=31434217,https://pds.lroc.im-ldi.com/data/LRO-L-LROC-2-EDR-V1.0/LROLRC_0025/DATA/ESM2/2015349/NAC/M1204815117RE.xml
nac.m1196973335le,2015-09-15T16:21:08.55100,2015-09-15T16:21:33.52700,-1.0,158.7368,-85.27,-84.14,154.52,163.89,https://data.lroc.im-ldi.com/lroc/view_lroc/LRO-L-LROC-2-EDR-V1.0/M1196973335LE,https://ode.rsl.wustl.edu/moon/indexproductpage.aspx?product_id=nac.m1196973335le&product_idGeo=31442437,https://ode.rsl.wustl.edu/moon/productfiles.aspx?product_id=nac.m1196973335le&product_idGeo=31442437,https://pds.lroc.im-ldi.com/data/LRO-L-LROC-2-EDR-V1.0/LROLRC_0024/DATA/ESM2/2015258/NAC/M1196973335LE.xml
nac.m1196973335re,2015-09-15T16:21:08.55100,2015-09-15T16:21:33.52700,-1.0,158.2413,-85.3,-84.17,154.05,163.38,https://data.lroc.im-ldi.com/lroc/view_lroc/LRO-L-LROC-2-EDR-V1.0/M1196973335RE,https://ode.rsl.wustl.edu/moon/indexproductpage.aspx?product_id=nac.m1196973335re&product_idGeo=31442439,https://ode.rsl.wustl.edu/moon/productfiles.aspx?product_id=nac.m1196973335re&product_idGeo=31442439,https://pds.lroc.im-ldi.com/data/LRO-L-LROC-2-EDR-V1.0/LROLRC_0024/DATA/ESM2/2015258/NAC/M1196973335RE.xml
nac.m1196980362le,2015-09-15T18:18:16.00900,2015-09-15T18:19:09.08300,-1.0,160.6376,-86.07,-83.84,152.0,174.68,https://data.lroc.im-ldi.com/lroc/view_lroc/LRO-L-LROC-2-EDR-V1.0/M1196980362LE,https://ode.rsl.wustl.edu/moon/indexproductpage.aspx?product_id=nac.m1196980362le&product_idGeo=31442605,https://ode.rsl.wustl.edu/moon/productfiles.aspx?product_id=nac.m1196980362le&product_idGeo=31442605,https://pds.lroc.im-ldi.com/data/LRO-L-LROC-2-EDR-V1.0/LROLRC_0024/DATA/ESM2/2015258/NAC/M1196980362LE.xml
nac.m1196980362re,2015-09-15T18:18:16.00900,2015-09-15T18:19:09.08300,-1.0,160.4037,-86.12,-83.87,151.55,174.21,https://data.lroc.im-ldi.com/lroc/view_lroc/LRO-L-LROC-2-EDR-V1.0/M1196980362RE,https://ode.rsl.wustl.edu/moon/indexproductpage.aspx?product_id=nac.m1196980362re&product_idGeo=31442607,https://ode.rsl.wustl.edu/moon/productfiles.aspx?product_id=nac.m1196980362re&product_idGeo=31442607,https://pds.lroc.im-ldi.com/data/LRO-L-LROC-2-EDR-V1.0/LROLRC_0024/DATA/ESM2/2015258/NAC/M1196980362RE.xml
nac.m1183629393re,2015-04-14T05:42:06.97200,2015-04-14T05:42:51.72100,-1.0,145.5842,-87.11,-85.19,130.37,154.95,https://data.lroc.im-ldi.com/lroc/view_lroc/LRO-L-LROC-2-EDR-V1.0/M1183629393RE,https://ode.rsl.wustl.edu/moon/indexproductpage.aspx?product_id=nac.m1183629393re&product_idGeo=31481080,https://ode.rsl.wustl.edu/moon/productfiles.aspx?product_id=nac.m1183629393re&product_idGeo=31481080,https://pds.lroc.im-ldi.com/data/LRO-L-LROC-2-EDR-V1.0/LROLRC_0023/DATA/ESM2/2015104/NAC/M1183629393RE.xml
nac.m1183636503le,2015-04-14T07:40:36.08400,2015-04-14T07:41:11.46700,-1.0,146.8626,-86.88,-85.29,136.18,154.12,https://data.lroc.im-ldi.com/lroc/view_lroc/LRO-L-LROC-2-EDR-V1.0/M1183636503LE,https://ode.rsl.wustl.edu/moon/indexproductpage.aspx?product_id=nac.m1183636503le&product_idGeo=31481207,https://ode.rsl.wustl.edu/moon/productfiles.aspx?product_id=nac.m1183636503le&product_idGeo=31481207,https://pds.lroc.im-ldi.com/data/LRO-L-LROC-2-EDR-V1.0/LROLRC_0023/DATA/ESM2/2015104/NAC/M1183636503LE.xml
nac.m1183636503re,2015-04-14T07:40:36.08400,2015-04-14T07:41:11.46700,-1.0,145.9408,-86.82,-85.26,135.22,153.29,https://data.lroc.im-ldi.com/lroc/view_lroc/LRO-L-LROC-2-EDR-V1.0/M1183636503RE,https://ode.rsl.wustl.edu/moon/indexproductpage.aspx?product_id=nac.m1183636503re&product_idGeo=31481211,https://ode.rsl.wustl.edu/moon/productfiles.aspx?product_id=nac.m1183636503re&product_idGeo=31481211,https://pds.lroc.im-ldi.com/data/LRO-L-LROC-2-EDR-V1.0/LROLRC_0023/DATA/ESM2/2015104/NAC/M1183636503RE.xml
nac.m1183643604le,2015-04-14T09:38:57.08400,2015-04-14T09:39:38.71100,-1.0,146.959,-86.88,-85.01,134.77,154.72,https://data.lroc.im-ldi.com/lroc/view_lroc/LRO-L-LROC-2-EDR-V1.0/M1183643604LE,https://ode.rsl.wustl.edu/moon/indexproductpage.aspx?product_id=nac.m1183643604le&product_idGeo=31481316,https://ode.rsl.wustl.edu/moon/productfiles.aspx?product_id=nac.m1183643604le&product_idGeo=31481316,https://pds.lroc.im-ldi.com/data/LRO-L-LROC-2-EDR-V1.0/LROLRC_0023/DATA/ESM2/2015104/NAC/M1183643604LE.xml
nac.m1183643604re,2015-04-14T09:38:57.08400,2015-04-14T09:39:38.71100,-1.0,146.0498,-86.83,-84.97,133.82,153.93,https://data.lroc.im-ldi.com/lroc/view_lroc/LRO-L-LROC-2-EDR-V1.0/M1183643604RE,https://ode.rsl.wustl.edu/moon/indexproductpage.aspx?product_id=nac.m1183643604re&product_idGeo=31481319,https://ode.rsl.wustl.edu/moon/productfiles.aspx?product_id=nac.m1183643604re&product_idGeo=31481319,https://pds.lroc.im-ldi.com/data/LRO-L-LROC-2-EDR-V1.0/LROLRC_0023/DATA/ESM2/2015104/NAC/M1183643604RE.xml
nac.m1183650705le,2015-04-14T11:37:18.08500,2015-04-14T11:38:08.03700,-1.0,147.4024,-86.89,-84.62,133.36,155.65,https://data.lroc.im-ldi.com/lroc/view_lroc/LRO-L-LROC-2-EDR-V1.0/M1183650705LE,https://ode.rsl.wustl.edu/moon/indexproductpage.aspx?product_id=nac.m1183650705le&product_idGeo=31481409,https://ode.rsl.wustl.edu/moon/productfiles.aspx?product_id=nac.m1183650705le&product_idGeo=31481409,https://pds.lroc.im-ldi.com/data/LRO-L-LROC-2-EDR-V1.0/LROLRC_0023/DATA/ESM2/2015104/NAC/M1183650705LE.xml
nac.m1187541060le,2015-05-29T12:16:33.62300,2015-05-29T12:17:26.69700,-1.0,162.8127,-86.37,-84.09,153.85,177.22,https://data.lroc.im-ldi.com/lroc/view_lroc/LRO-L-LROC-2-EDR-V1.0/M1187541060LE,https://ode.rsl.wustl.edu/moon/indexproductpage.aspx?product_id=nac.m1187541060le&product_idGeo=31595192,https://ode.rsl.wustl.edu/moon/productfiles.aspx?product_id=nac.m1187541060le&product_idGeo=31595192,https://pds.lroc.im-ldi.com/data/LRO-L-LROC-2-EDR-V1.0/LROLRC_0023/DATA/ESM2/2015149/NAC/M1187541060LE.xml
nac.m1187541060re,2015-05-29T12:16:33.62300,2015-05-29T12:17:26.69700,-1.0,163.6086,-86.32,-84.06,154.32,177.73,https://data.lroc.im-ldi.com/lroc/view_lroc/LRO-L-LROC-2-EDR-V1.0/M1187541060RE,https://ode.rsl.wustl.edu/moon/indexproductpage.aspx?product_id=nac.m1187541060re&product_idGeo=31595194,https://ode.rsl.wustl.edu/moon/productfiles.aspx?product_id=nac.m1187541060re&product_idGeo=31595194,https://pds.lroc.im-ldi.com/data/LRO-L-LROC-2-EDR-V1.0/LROLRC_0023/DATA/ESM2/2015149/NAC/M1187541060RE.xml
nac.m1187555122le,2015-05-29T16:10:55.99700,2015-05-29T16:11:49.07100,-1.0,163.6485,-86.5,-84.32,153.72,179.57,https://data.lroc.im-ldi.com/lroc/view_lroc/LRO-L-LROC-2-EDR-V1.0/M1187555122LE,https://ode.rsl.wustl.edu/moon/indexproductpage.aspx?product_id=nac.m1187555122le&product_idGeo=31595424,https://ode.rsl.wustl.edu/moon/productfiles.aspx?product_id=nac.m1187555122le&product_idGeo=31595424,https://pds.lroc.im-ldi.com/data/LRO-L-LROC-2-EDR-V1.0/LROLRC_0023/DATA/ESM2/2015149/NAC/M1187555122LE.xml
nac.m1187555122re,2015-05-29T16:10:55.99700,2015-05-29T16:11:49.07100,-1.0,164.1753,-86.45,-84.29,154.2,180.03,https://data.lroc.im-ldi.com/lroc/view_lroc/LRO-L-LROC-2-EDR-V1.0/M1187555122RE,https://ode.rsl.wustl.edu/moon/indexproductpage.aspx?product_id=nac.m1187555122re&product_idGeo=31595427,https://ode.rsl.wustl.edu/moon/productfiles.aspx?product_id=nac.m1187555122re&product_idGeo=31595427,https://pds.lroc.im-ldi.com/data/LRO-L-LROC-2-EDR-V1.0/LROLRC_0023/DATA/ESM2/2015149/NAC/M1187555122RE.xml
nac.m1187569182le,2015-05-29T20:05:15.41400,2015-05-29T20:06:08.48800,-1.0,163.1555,-86.52,-84.4,152.75,179.7,https://data.lroc.im-ldi.com/lroc/view_lroc/LRO-L-LROC-2-EDR-V1.0/M1187569182LE,https://ode.rsl.wustl.edu/moon/indexproductpage.aspx?product_id=nac.m1187569182le&product_idGeo=31595652,https://ode.rsl.wustl.edu/moon/productfiles.aspx?product_id=nac.m1187569182le&product_idGeo=31595652,https://pds.lroc.im-ldi.com/data/LRO-L-LROC-2-EDR-V1.0/LROLRC_0023/DATA/ESM2/2015149/NAC/M1187569182LE.xml
nac.m1187569182re,2015-05-29T20:05:15.41400,2015-05-29T20:06:08.48800,-1.0,163.3855,-86.48,-84.37,153.23,180.13,https://data.lroc.im-ldi.com/lroc/view_lroc/LRO-L-LROC-2-EDR-V1.0/M1187569182RE,https://ode.rsl.wustl.edu/moon/indexproductpage.aspx?product_id=nac.m1187569182re&product_idGeo=31595655,https://ode.rsl.wustl.edu/moon/productfiles.aspx?product_id=nac.m1187569182re&product_idGeo=31595655,https://pds.lroc.im-ldi.com/data/LRO-L-LROC-2-EDR-V1.0/LROLRC_0023/DATA/ESM2/2015149/NAC/M1187569182RE.xml
nac.m1187576212le,2015-05-29T22:02:25.40300,2015-05-29T22:03:18.47800,-1.0,163.0013,-86.54,-84.45,152.33,179.91,https://data.lroc.im-ldi.com/lroc/view_lroc/LRO-L-LROC-2-EDR-V1.0/M1187576212LE,https://ode.rsl.wustl.edu/moon/indexproductpage.aspx?product_id=nac.m1187576212le&product_idGeo=31595764,https://ode.rsl.wustl.edu/moon/productfiles.aspx?product_id=nac.m1187576212le&product_idGeo=31595764,https://pds.lroc.im-ldi.com/data/LRO-L-LROC-2-EDR-V1.0/LROLRC_0023/DATA/ESM2/2015149/NAC/M1187576212LE.xml
nac.m1187576212re,2015-05-29T22:02:25.40300,2015-05-29T22:03:18.47800,-1.0,163.5042,-86.49,-84.42,152.8,180.32,https://data.lroc.im-ldi.com/lroc/view_lroc/LRO-L-LROC-2-EDR-V1.0/M1187576212RE,https://ode.rsl.wustl.edu/moon/indexproductpage.aspx?product_id=nac.m1187576212re&product_idGeo=31595768,https://ode.rsl.wustl.edu/moon/productfiles.aspx?product_id=nac.m1187576212re&product_idGeo=31595768,https://pds.lroc.im-ldi.com/data/LRO-L-LROC-2-EDR-V1.0/LROLRC_0023/DATA/ESM2/2015149/NAC/M1187576212RE.xml
nac.m123573119le,2010-03-18T17:37:33.87000,2010-03-18T17:38:44.40300,-1.0,156.3213,-86.61,-82.85,155.22,159.86,https://data.lroc.im-ldi.com/lroc/view_lroc/LRO-L-LROC-2-EDR-V1.0/M123573119LE,https://ode.rsl.wustl.edu/moon/indexproductpage.aspx?product_id=nac.m123573119le&product_idGeo=38606221,https://ode.rsl.wustl.edu/moon/productfiles.aspx?product_id=nac.m123573119le&product_idGeo=38606221,https://pds.lroc.im-ldi.com/data/LRO-L-LROC-2-EDR-V1.0/LROLRC_0003/DATA/MAP/2010077/NAC/M123573119LE.xml
nac.m123573119re,2010-03-18T17:37:33.87000,2010-03-18T17:38:44.40300,-1.0,157.4789,-86.6,-82.84,155.79,161.01,https://data.lroc.im-ldi.com/lroc/view_lroc/LRO-L-LROC-2-EDR-V1.0/M123573119RE,https://ode.rsl.wustl.edu/moon/indexproductpage.aspx?product_id=nac.m123573119re&product_idGeo=38606227,https://ode.rsl.wustl.edu/moon/productfiles.aspx?product_id=nac.m123573119re&product_idGeo=38606227,https://pds.lroc.im-ldi.com/data/LRO-L-LROC-2-EDR-V1.0/LROLRC_0003/DATA/MAP/2010077/NAC/M123573119RE.xml
nac.m123586685le,2010-03-18T21:23:39.89200,2010-03-18T21:24:50.42400,-1.0,154.4062,-86.57,-82.81,152.99,157.37,https://data.lroc.im-ldi.com/lroc/view_lroc/LRO-L-LROC-2-EDR-V1.0/M123586685LE,https://ode.rsl.wustl.edu/moon/indexproductpage.aspx?product_id=nac.m123586685le&product_idGeo=38606620,https://ode.rsl.wustl.edu/moon/productfiles.aspx?product_id=nac.m123586685le&product_idGeo=38606620,https://pds.lroc.im-ldi.com/data/LRO-L-LROC-2-EDR-V1.0/LROLRC_0003/DATA/MAP/2010077/NAC/M123586685LE.xml
nac.m123586685re,2010-03-18T21:23:39.89200,2010-03-18T21:24:50.42400,-1.0,155.1694,-86.56,-82.8,153.56,158.51,https://data.lroc.im-ldi.com/lroc/view_lroc/LRO-L-LROC-2-EDR-V1.0/M123586685RE,https://ode.rsl.wustl.edu/moon/indexproductpage.aspx?product_id=nac.m123586685re&product_idGeo=38606627,https://ode.rsl.wustl.edu/moon/productfiles.aspx?product_id=nac.m123586685re&product_idGeo=38606627,https://pds.lroc.im-ldi.com/data/LRO-L-LROC-2-EDR-V1.0/LROLRC_0003/DATA/MAP/2010077/NAC/M123586685RE.xml
nac.m123607030re,2010-03-19T03:02:44.87300,2010-03-19T03:03:55.40600,-1.0,151.8606,-86.76,-83.0,150.28,155.26,https://data.lroc.im-ldi.com/lroc/view_lroc/LRO-L-LROC-2-EDR-V1.0/M123607030RE,https://ode.rsl.wustl.edu/moon/indexproductpage.aspx?product_id=nac.m123607030re&product_idGeo=38609120,https://ode.rsl.wustl.edu/moon/productfiles.aspx?product_id=nac.m123607030re&product_idGeo=38609120,https://pds.lroc.im-ldi.com/data/LRO-L-LROC-2-EDR-V1.0/LROLRC_0003/DATA/MAP/2010078/NAC/M123607030RE.xml
nac.m148311143re,2010-12-30T01:17:56.54600,2010-12-30T01:18:49.62000,-1.0,157.5245,-86.38,-83.6,156.77,158.38,https://data.lroc.im-ldi.com/lroc/view_lroc/LRO-L-LROC-2-EDR-V1.0/M148311143RE,https://ode.rsl.wustl.edu/moon/indexproductpage.aspx?product_id=nac.m148311143re&product_idGeo=38655096,https://ode.rsl.wustl.edu/moon/productfiles.aspx?product_id=nac.m148311143re&product_idGeo=38655096,https://pds.lroc.im-ldi.com/data/LRO-L-LROC-2-EDR-V1.0/LROLRC_0006/DATA/SCI/2010364/NAC/M148311143RE.xml
nac.m148324700le,2010-12-30T05:03:53.08600,2010-12-30T05:04:46.16100,-1.0,156.5159,-86.46,-83.68,155.79,157.81,https://data.lroc.im-ldi.com/lroc/view_lroc/LRO-L-LROC-2-EDR-V1.0/M148324700LE,https://ode.rsl.wustl.edu/moon/indexproductpage.aspx?product_id=nac.m148324700le&product_idGeo=38655532,https://ode.rsl.wustl.edu/moon/productfiles.aspx?product_id=nac.m148324700le&product_idGeo=38655532,https://pds.lroc.im-ldi.com/data/LRO-L-LROC-2-EDR-V1.0/LROLRC_0006/DATA/SCI/2010364/NAC/M148324700LE.xml
nac.m148324700re,2010-12-30T05:03:53.08600,2010-12-30T05:04:46.16100,-1.0,155.354,-86.47,-83.69,154.53,156.2,https://data.lroc.im-ldi.com/lroc/view_lroc/LRO-L-LROC-2-EDR-V1.0/M148324700RE,https://ode.rsl.wustl.edu/moon/indexproductpage.aspx?product_id=nac.m148324700re&product_idGeo=38655538,https://ode.rsl.wustl.edu/moon/productfiles.aspx?product_id=nac.m148324700re&product_idGeo=38655538,https://pds.lroc.im-ldi.com/data/LRO-L-LROC-2-EDR-V1.0/LROLRC_0006/DATA/SCI/2010364/NAC/M148324700RE.xml
nac.m148338257le,2010-12-30T08:49:50.28700,2010-12-30T08:50:43.36200,-1.0,154.5892,-86.58,-83.8,153.81,156.0,https://data.lroc.im-ldi.com/lroc/view_lroc/LRO-L-LROC-2-EDR-V1.0/M148338257LE,https://ode.rsl.wustl.edu/moon/indexproductpage.aspx?product_id=nac.m148338257le&product_idGeo=38656043,https://ode.rsl.wustl.edu/moon/productfiles.aspx?product_id=nac.m148338257le&product_idGeo=38656043,https://pds.lroc.im-ldi.com/data/LRO-L-LROC-2-EDR-V1.0/LROLRC_0006/DATA/SCI/2010364/NAC/M148338257LE.xml
nac.m148338257re,2010-12-30T08:49:50.28700,2010-12-30T08:50:43.36200,-1.0,153.4056,-86.59,-83.81,152.6,154.33,https://data.lroc.im-ldi.com/lroc/view_lroc/LRO-L-LROC-2-EDR-V1.0/M148338257RE,https://ode.rsl.wustl.edu/moon/indexproductpage.aspx?product_id=nac.m148338257re&product_idGeo=38656047,https://ode.rsl.wustl.edu/moon/productfiles.aspx?product_id=nac.m148338257re&product_idGeo=38656047,https://pds.lroc.im-ldi.com/data/LRO-L-LROC-2-EDR-V1.0/LROLRC_0006/DATA/SCI/2010364/NAC/M148338257RE.xml
nac.m148358600le,2010-12-30T14:28:53.66000,2010-12-30T14:29:46.73400,-1.0,151.401,-87.11,-84.33,151.08,154.09,https://data.lroc.im-ldi.com/lroc/view_lroc/LRO-L-LROC-2-EDR-V1.0/M148358600LE,https://ode.rsl.wustl.edu/moon/indexproductpage.aspx?product_id=nac.m148358600le&product_idGeo=38656766,https://ode.rsl.wustl.edu/moon/productfiles.aspx?product_id=nac.m148358600le&product_idGeo=38656766,https://pds.lroc.im-ldi.com/data/LRO-L-LROC-2-EDR-V1.0/LROLRC_0006/DATA/SCI/2010364/NAC/M148358600LE.xml
nac.m118856834le,2010-01-23T03:32:48.16000,2010-01-23T03:33:58.69300,-1.0,157.5335,-86.77,-83.01,155.37,160.88,https://data.lroc.im-ldi.com/lroc/view_lroc/LRO-L-LROC-2-EDR-V1.0/M118856834LE,https://ode.rsl.wustl.edu/moon/indexproductpage.aspx?product_id=nac.m118856834le&product_idGeo=38696430,https://ode.rsl.wustl.edu/moon/productfiles.aspx?product_id=nac.m118856834le&product_idGeo=38696430,https://pds.lroc.im-ldi.com/data/LRO-L-LROC-2-EDR-V1.0/LROLRC_0002/DATA/MAP/2010023/NAC/M118856834LE.xml
nac.m118856834re,2010-01-23T03:32:48.16000,2010-01-23T03:33:58.69300,-1.0,157.9125,-86.76,-83.0,155.96,162.09,https://data.lroc.im-ldi.com/lroc/view_lroc/LRO-L-LROC-2-EDR-V1.0/M118856834RE,https://ode.rsl.wustl.edu/moon/indexproductpage.aspx?product_id=nac.m118856834re&product_idGeo=38696435,https://ode.rsl.wustl.edu/moon/productfiles.aspx?product_id=nac.m118856834re&product_idGeo=38696435,https://pds.lroc.im-ldi.com/data/LRO-L-LROC-2-EDR-V1.0/LROLRC_0002/DATA/MAP/2010023/NAC/M118856834RE.xml
nac.m118870378le,2010-01-23T07:18:32.83100,2010-01-23T07:19:43.36400,-1.0,156.467,-87.99,-84.24,153.9,163.74,https://data.lroc.im-ldi.com/lroc/view_lroc/LRO-L-LROC-2-EDR-V1.0/M118870378LE,https://ode.rsl.wustl.edu/moon/indexproductpage.aspx?product_id=nac.m118870378le&product_idGeo=38697082,https://ode.rsl.wustl.edu/moon/productfiles.aspx?product_id=nac.m118870378le&product_idGeo=38697082,https://pds.lroc.im-ldi.com/data/LRO-L-LROC-2-EDR-V1.0/LROLRC_0002/DATA/MAP/2010023/NAC/M118870378LE.xml
nac.m118870378re,2010-01-23T07:18:32.83100,2010-01-23T07:19:43.36400,-1.0,157.495,-87.97,-84.23,154.6,165.61,https://data.lroc.im-ldi.com/lroc/view_lroc/LRO-L-LROC-2-EDR-V1.0/M118870378RE,https://ode.rsl.wustl.edu/moon/indexproductpage.aspx?product_id=nac.m118870378re&product_idGeo=38697086,https://ode.rsl.wustl.edu/moon/productfiles.aspx?product_id=nac.m118870378re&product_idGeo=38697086,https://pds.lroc.im-ldi.com/data/LRO-L-LROC-2-EDR-V1.0/LROLRC_0002/DATA/MAP/2010023/NAC/M118870378RE.xml
nac.m118877185le,2010-01-23T09:11:59.42100,2010-01-23T09:13:09.95400,-1.0,153.7124,-86.8,-83.04,152.06,157.29,https://data.lroc.im-ldi.com/lroc/view_lroc/LRO-L-LROC-2-EDR-V1.0/M118877185LE,https://ode.rsl.wustl.edu/moon/indexproductpage.aspx?product_id=nac.m118877185le&product_idGeo=38697245,https://ode.rsl.wustl.edu/moon/productfiles.aspx?product_id=nac.m118877185le&product_idGeo=38697245,https://pds.lroc.im-ldi.com/data/LRO-L-LROC-2-EDR-V1.0/LROLRC_0002/DATA/MAP/2010023/NAC/M118877185LE.xml
nac.m118877185re,2010-01-23T09:11:59.42100,2010-01-23T09:13:09.95400,-1.0,154.9069,-86.79,-83.03,152.64,158.51,https://data.lroc.im-ldi.com/lroc/view_lroc/LRO-L-LROC-2-EDR-V1.0/M118877185RE,https://ode.rsl.wustl.edu/moon/indexproductpage.aspx?product_id=nac.m118877185re&product_idGeo=38697250,https://ode.rsl.wustl.edu/moon/productfiles.aspx?product_id=nac.m118877185re&product_idGeo=38697250,https://pds.lroc.im-ldi.com/data/LRO-L-LROC-2-EDR-V1.0/LROLRC_0002/DATA/MAP/2010023/NAC/M118877185RE.xml
nac.m149491687le,2011-01-12T17:13:40.00000,2011-01-12T17:14:11.14000,-1.0,155.6623,-85.3,-83.64,155.03,156.13,https://data.lroc.im-ldi.com/lroc/view_lroc/LRO-L-LROC-2-EDR-V1.0/M149491687LE,https://ode.rsl.wustl.edu/moon/indexproductpage.aspx?product_id=nac.m149491687le&product_idGeo=38711478,https://ode.rsl.wustl.edu/moon/productfiles.aspx?product_id=nac.m149491687le&product_idGeo=38711478,https://pds.lroc.im-ldi.com/data/LRO-L-LROC-2-EDR-V1.0/LROLRC_0006/DATA/SCI/2011012/NAC/M149491687LE.xml
nac.m149491687re,2011-01-12T17:13:40.00000,2011-01-12T17:14:11.14000,-1.0,156.4001,-85.3,-83.64,155.9,156.79,https://data.lroc.im-ldi.com/lroc/view_lroc/LRO-L-LROC-2-EDR-V1.0/M149491687RE,https://ode.rsl.wustl.edu/moon/indexproductpage.aspx?product_id=nac.m149491687re&product_idGeo=38711481,https://ode.rsl.wustl.edu/moon/productfiles.aspx?product_id=nac.m149491687re&product_idGeo=38711481,https://pds.lroc.im-ldi.com/data/LRO-L-LROC-2-EDR-V1.0/LROLRC_0006/DATA/SCI/2011012/NAC/M149491687RE.xml
nac.m149505232le,2011-01-12T20:59:24.64300,2011-01-12T20:59:54.73300,-1.0,153.4781,-86.47,-84.86,152.63,154.06,https://data.lroc.im-ldi.com/lroc/view_lroc/LRO-L-LROC-2-EDR-V1.0/M149505232LE,https://ode.rsl.wustl.edu/moon/indexproductpage.aspx?product_id=nac.m149505232le&product_idGeo=38711922,https://ode.rsl.wustl.edu/moon/productfiles.aspx?product_id=nac.m149505232le&product_idGeo=38711922,https://pds.lroc.im-ldi.com/data/LRO-L-LROC-2-EDR-V1.0/LROLRC_0006/DATA/SCI/2011012/NAC/M149505232LE.xml
nac.m149505232re,2011-01-12T20:59:24.64300,2011-01-12T20:59:54.73300,-1.0,154.4094,-86.46,-84.86,153.77,154.94,https://data.lroc.im-ldi.com/lroc/view_lroc/LRO-L-LROC-2-EDR-V1.0/M149505232RE,https://ode.rsl.wustl.edu/moon/indexproductpage.aspx?product_id=nac.m149505232re&product_idGeo=38711927,https://ode.rsl.wustl.edu/moon/productfiles.aspx?product_id=nac.m149505232re&product_idGeo=38711927,https://pds.lroc.im-ldi.com/data/LRO-L-LROC-2-EDR-V1.0/LROLRC_0006/DATA/SCI/2011012/NAC/M149505232RE.xml
nac.m149518797re,2011-01-13T00:45:30.46300,2011-01-13T00:46:00.55400,-1.0,152.2886,-86.5,-84.89,151.63,152.81,https://data.lroc.im-ldi.com/lroc/view_lroc/LRO-L-LROC-2-EDR-V1.0/M149518797RE,https://ode.rsl.wustl.edu/moon/indexproductpage.aspx?product_id=nac.m149518797re&product_idGeo=38713320,https://ode.rsl.wustl.edu/moon/productfiles.aspx?product_id=nac.m149518797re&product_idGeo=38713320,https://pds.lroc.im-ldi.com/data/LRO-L-LROC-2-EDR-V1.0/LROLRC_0006/DATA/SCI/2011013/NAC/M149518797RE.xml
nac.m149545965le,2011-01-13T08:18:18.29500,2011-01-13T08:18:48.98700,-1.0,155.1429,-85.72,-83.93,153.79,157.06,https://data.lroc.im-ldi.com/lroc/view_lroc/LRO-L-LROC-2-EDR-V1.0/M149545965LE,https://ode.rsl.wustl.edu/moon/indexproductpage.aspx?product_id=nac.m149545965le&product_idGeo=38714560,https://ode.rsl.wustl.edu/moon/productfiles.aspx?product_id=nac.m149545965le&product_idGeo=38714560,https://pds.lroc.im-ldi.com/data/LRO-L-LROC-2-EDR-V1.0/LROLRC_0006/DATA/SCI/2011013/NAC/M149545965LE.xml
nac.m149545965re,2011-01-13T08:18:18.29500,2011-01-13T08:18:48.98700,-1.0,155.6609,-85.84,-84.03,154.19,157.77,https://data.lroc.im-ldi.com/lroc/view_lroc/LRO-L-LROC-2-EDR-V1.0/M149545965RE,https://ode.rsl.wustl.edu/moon/indexproductpage.aspx?product_id=nac.m149545965re&product_idGeo=38714566,https://ode.rsl.wustl.edu/moon/productfiles.aspx?product_id=nac.m149545965re&product_idGeo=38714566,https://pds.lroc.im-ldi.com/data/LRO-L-LROC-2-EDR-V1.0/LROLRC_0006/DATA/SCI/2011013/NAC/M149545965RE.xml
nac.m125935451le,2010-04-15T01:49:45.39800,2010-04-15T01:50:55.93100,-1.0,156.5022,-86.4,-82.64,154.99,159.58,https://data.lroc.im-ldi.com/lroc/view_lroc/LRO-L-LROC-2-EDR-V1.0/M125935451LE,https://ode.rsl.wustl.edu/moon/indexproductpage.aspx?product_id=nac.m125935451le&product_idGeo=38719143,https://ode.rsl.wustl.edu/moon/productfiles.aspx?product_id=nac.m125935451le&product_idGeo=38719143,https://pds.lroc.im-ldi.com/data/LRO-L-LROC-2-EDR-V1.0/LROLRC_0003/DATA/MAP/2010105/NAC/M125935451LE.xml
nac.m125935451re,2010-04-15T01:49:45.39800,2010-04-15T01:50:55.93100,-1.0,155.7585,-86.41,-82.64,154.43,158.45,https://data.lroc.im-ldi.com/lroc/view_lroc/LRO-L-LROC-2-EDR-V1.0/M125935451RE,https://ode.rsl.wustl.edu/moon/indexproductpage.aspx?product_id=nac.m125935451re&product_idGeo=38719147,https://ode.rsl.wustl.edu/moon/productfiles.aspx?product_id=nac.m125935451re&product_idGeo=38719147,https://pds.lroc.im-ldi.com/data/LRO-L-LROC-2-EDR-V1.0/LROLRC_0003/DATA/MAP/2010105/NAC/M125935451RE.xml
nac.m125942196le,2010-04-15T03:42:10.58900,2010-04-15T03:43:21.12200,-1.0,158.4551,-88.56,-84.82,155.24,169.84,https://data.lroc.im-ldi.com/lroc/view_lroc/LRO-L-LROC-2-EDR-V1.0/M125942196LE,https://ode.rsl.wustl.edu/moon/indexproductpage.aspx?product_id=nac.m125942196le&product_idGeo=38719300,https://ode.rsl.wustl.edu/moon/productfiles.aspx?product_id=nac.m125942196le&product_idGeo=38719300,https://pds.lroc.im-ldi.com/data/LRO-L-LROC-2-EDR-V1.0/LROLRC_0003/DATA/MAP/2010105/NAC/M125942196LE.xml
nac.m125942196re,2010-04-15T03:42:10.58900,2010-04-15T03:43:21.12200,-1.0,157.2334,-88.58,-84.83,154.45,167.21,https://data.lroc.im-ldi.com/lroc/view_lroc/LRO-L-LROC-2-EDR-V1.0/M125942196RE,https://ode.rsl.wustl.edu/moon/indexproductpage.aspx?product_id=nac.m125942196re&product_idGeo=38719304,https://ode.rsl.wustl.edu/moon/productfiles.aspx?product_id=nac.m125942196re&product_idGeo=38719304,https://pds.lroc.im-ldi.com/data/LRO-L-LROC-2-EDR-V1.0/LROLRC_0003/DATA/MAP/2010105/NAC/M125942196RE.xml
nac.m125949021le,2010-04-15T05:35:55.84000,2010-04-15T05:37:06.37200,-1.0,153.933,-86.51,-82.75,152.83,157.41,https://data.lroc.im-ldi.com/lroc/view_lroc/LRO-L-LROC-2-EDR-V1.0/M125949021LE,https://ode.rsl.wustl.edu/moon/indexproductpage.aspx?product_id=nac.m125949021le&product_idGeo=38719494,https://ode.rsl.wustl.edu/moon/productfiles.aspx?product_id=nac.m125949021le&product_idGeo=38719494,https://pds.lroc.im-ldi.com/data/LRO-L-LROC-2-EDR-V1.0/LROLRC_0003/DATA/MAP/2010105/NAC/M125949021LE.xml
nac.m125949021re,2010-04-15T05:35:55.84000,2010-04-15T05:37:06.37200,-1.0,153.1701,-86.52,-82.76,152.26,156.26,https://data.lroc.im-ldi.com/lroc/view_lroc/LRO-L-LROC-2-EDR-V1.0/M125949021RE,https://ode.rsl.wustl.edu/moon/indexproductpage.aspx?product_id=nac.m125949021re&product_idGeo=38719499,https://ode.rsl.wustl.edu/moon/productfiles.aspx?product_id=nac.m125949021re&product_idGeo=38719499,https://pds.lroc.im-ldi.com/data/LRO-L-LROC-2-EDR-V1.0/LROLRC_0003/DATA/MAP/2010105/NAC/M125949021RE.xml
nac.m125962591le,2010-04-15T09:22:06.04100,2010-04-15T09:23:16.57400,-1.0,152.1333,-86.66,-82.89,150.64,155.26,https://data.lroc.im-ldi.com/lroc/view_lroc/LRO-L-LROC-2-EDR-V1.0/M125962591LE,https://ode.rsl.wustl.edu/moon/indexproductpage.aspx?product_id=nac.m125962591le&product_idGeo=38719904,https://ode.rsl.wustl.edu/moon/productfiles.aspx?product_id=nac.m125962591le&product_idGeo=38719904,https://pds.lroc.im-ldi.com/data/LRO-L-LROC-2-EDR-V1.0/LROLRC_0003/DATA/MAP/2010105/NAC/M125962591LE.xml
nac.m134138715le,2010-07-19T00:30:48.70300,2010-07-19T00:31:31.92900,-1.0,156.9618,-85.98,-83.71,155.98,158.53,https://data.lroc.im-ldi.com/lroc/view_lroc/LRO-L-LROC-2-EDR-V1.0/M134138715LE,https://ode.rsl.wustl.edu/moon/indexproductpage.aspx?product_id=nac.m134138715le&product_idGeo=38727866,https://ode.rsl.wustl.edu/moon/productfiles.aspx?product_id=nac.m134138715le&product_idGeo=38727866,https://pds.lroc.im-ldi.com/data/LRO-L-LROC-2-EDR-V1.0/LROLRC_0004/DATA/MAP/2010200/NAC/M134138715LE.xml
nac.m134152284le,2010-07-19T04:16:57.56100,2010-07-19T04:17:41.68300,-1.0,155.8221,-86.18,-83.87,153.5,156.31,https://data.lroc.im-ldi.com/lroc/view_lroc/LRO-L-LROC-2-EDR-V1.0/M134152284LE,https://ode.rsl.wustl.edu/moon/indexproductpage.aspx?product_id=nac.m134152284le&product_idGeo=38728283,https://ode.rsl.wustl.edu/moon/productfiles.aspx?product_id=nac.m134152284le&product_idGeo=38728283,https://pds.lroc.im-ldi.com/data/LRO-L-LROC-2-EDR-V1.0/LROLRC_0004/DATA/MAP/2010200/NAC/M134152284LE.xml
nac.m134152284re,2010-07-19T04:16:57.56100,2010-07-19T04:17:41.68300,-1.0,156.3818,-86.18,-83.87,154.99,157.25,https://data.lroc.im-ldi.com/lroc/view_lroc/LRO-L-LROC-2-EDR-V1.0/M134152284RE,https://ode.rsl.wustl.edu/moon/indexproductpage.aspx?product_id=nac.m134152284re&product_idGeo=38728288,https://ode.rsl.wustl.edu/moon/productfiles.aspx?product_id=nac.m134152284re&product_idGeo=38728288,https://pds.lroc.im-ldi.com/data/LRO-L-LROC-2-EDR-V1.0/LROLRC_0004/DATA/MAP/2010200/NAC/M134152284RE.xml
nac.m134165850le,2010-07-19T08:03:03.16100,2010-07-19T08:03:47.73000,-1.0,153.0146,-86.2,-83.86,151.22,154.14,https://data.lroc.im-ldi.com/lroc/view_lroc/LRO-L-LROC-2-EDR-V1.0/M134165850LE,https://ode.rsl.wustl.edu/moon/indexproductpage.aspx?product_id=nac.m134165850le&product_idGeo=38728697,https://ode.rsl.wustl.edu/moon/productfiles.aspx?product_id=nac.m134165850le&product_idGeo=38728697,https://pds.lroc.im-ldi.com/data/LRO-L-LROC-2-EDR-V1.0/LROLRC_0004/DATA/MAP/2010200/NAC/M134165850LE.xml
nac.m134165850re,2010-07-19T08:03:03.16100,2010-07-19T08:03:47.73000,-1.0,154.7813,-86.2,-83.87,152.73,155.08,https://data.lroc.im-ldi.com/lroc/view_lroc/LRO-L-LROC-2-EDR-V1.0/M134165850RE,https://ode.rsl.wustl.edu/moon/indexproductpage.aspx?product_id=nac.m134165850re&product_idGeo=38728703,https://ode.rsl.wustl.edu/moon/productfiles.aspx?product_id=nac.m134165850re&product_idGeo=38728703,https://pds.lroc.im-ldi.com/data/LRO-L-LROC-2-EDR-V1.0/LROLRC_0004/DATA/MAP/2010200/NAC/M134165850RE.xml
nac.m134179415re,2010-07-19T11:49:08.61200,2010-07-19T11:49:53.18100,-1.0,152.7251,-86.2,-83.87,150.67,153.02,https://data.lroc.im-ldi.com/lroc/view_lroc/LRO-L-LROC-2-EDR-V1.0/M134179415RE,https://ode.rsl.wustl.edu/moon/indexproductpage.aspx?product_id=nac.m134179415re&product_idGeo=38729247,https://ode.rsl.wustl.edu/moon/productfiles.aspx?product_id=nac.m134179415re&product_idGeo=38729247,https://pds.lroc.im-ldi.com/data/LRO-L-LROC-2-EDR-V1.0/LROLRC_0004/DATA/MAP/2010200/NAC/M134179415RE.xml
nac.m108164243le,2009-09-21T09:22:57.33300,2009-09-21T09:24:07.86600,-1.0,155.1746,-87.68,-83.94,147.55,158.13,https://data.lroc.im-ldi.com/lroc/view_lroc/LRO-L-LROC-2-EDR-V1.0/M108164243LE,https://ode.rsl.wustl.edu/moon/indexproductpage.aspx?product_id=nac.m108164243le&product_idGeo=38750172,https://ode.rsl.wustl.edu/moon/productfiles.aspx?product_id=nac.m108164243le&product_idGeo=38750172,https://pds.lroc.im-ldi.com/data/LRO-L-LROC-2-EDR-V1.0/LROLRC_0001/DATA/MAP/2009264/NAC/M108164243LE.xml
nac.m108184604le,2009-09-21T15:02:17.66500,2009-09-21T15:03:28.19800,-1.0,152.0678,-87.55,-83.82,144.8,154.98,https://data.lroc.im-ldi.com/lroc/view_lroc/LRO-L-LROC-2-EDR-V1.0/M108184604LE,https://ode.rsl.wustl.edu/moon/indexproductpage.aspx?product_id=nac.m108184604le&product_idGeo=38750695,https://ode.rsl.wustl.edu/moon/productfiles.aspx?product_id=nac.m108184604le&product_idGeo=38750695,https://pds.lroc.im-ldi.com/data/LRO-L-LROC-2-EDR-V1.0/LROLRC_0001/DATA/MAP/2009264/NAC/M108184604LE.xml
nac.m108184604re,2009-09-21T15:02:17.66500,2009-09-21T15:03:28.19800,-1.0,153.0476,-87.56,-83.83,146.49,155.67,https://data.lroc.im-ldi.com/lroc/view_lroc/LRO-L-LROC-2-EDR-V1.0/M108184604RE,https://ode.rsl.wustl.edu/moon/indexproductpage.aspx?product_id=nac.m108184604re&product_idGeo=38750702,https://ode.rsl.wustl.edu/moon/productfiles.aspx?product_id=nac.m108184604re&product_idGeo=38750702,https://pds.lroc.im-ldi.com/data/LRO-L-LROC-2-EDR-V1.0/LROLRC_0001/DATA/MAP/2009264/NAC/M108184604RE.xml
nac.m150672090re,2011-01-26T09:07:03.31200,2011-01-26T09:07:56.38600,-1.0,157.6531,-86.62,-83.84,157.01,158.8,https://data.lroc.im-ldi.com/lroc/view_lroc/LRO-L-LROC-2-EDR-V1.0/M150672090RE,https://ode.rsl.wustl.edu/moon/indexproductpage.aspx?product_id=nac.m150672090re&product_idGeo=38783162,https://ode.rsl.wustl.edu/moon/productfiles.aspx?product_id=nac.m150672090re&product_idGeo=38783162,https://pds.lroc.im-ldi.com/data/LRO-L-LROC-2-EDR-V1.0/LROLRC_0006/DATA/SCI/2011026/NAC/M150672090RE.xml
nac.m150685650le,2011-01-26T12:53:03.21300,2011-01-26T12:53:56.28700,-1.0,156.6072,-86.29,-83.52,155.78,158.05,https://data.lroc.im-ldi.com/lroc/view_lroc/LRO-L-LROC-2-EDR-V1.0/M150685650LE,https://ode.rsl.wustl.edu/moon/indexproductpage.aspx?product_id=nac.m150685650le&product_idGeo=38783905,https://ode.rsl.wustl.edu/moon/productfiles.aspx?product_id=nac.m150685650le&product_idGeo=38783905,https://pds.lroc.im-ldi.com/data/LRO-L-LROC-2-EDR-V1.0/LROLRC_0006/DATA/SCI/2011026/NAC/M150685650LE.xml
nac.m150685650re,2011-01-26T12:53:03.21300,2011-01-26T12:53:56.28700,-1.0,155.4721,-86.3,-83.52,154.87,156.49,https://data.lroc.im-ldi.com/lroc/view_lroc/LRO-L-LROC-2-EDR-V1.0/M150685650RE,https://ode.rsl.wustl.edu/moon/indexproductpage.aspx?product_id=nac.m150685650re&product_idGeo=38783912,https://ode.rsl.wustl.edu/moon/productfiles.aspx?product_id=nac.m150685650re&product_idGeo=38783912,https://pds.lroc.im-ldi.com/data/LRO-L-LROC-2-EDR-V1.0/LROLRC_0006/DATA/SCI/2011026/NAC/M150685650RE.xml
nac.m150692453le,2011-01-26T14:46:26.21300,2011-01-26T14:47:19.28800,-1.0,155.3314,-87.34,-84.56,154.96,158.34,https://data.lroc.im-ldi.com/lroc/view_lroc/LRO-L-LROC-2-EDR-V1.0/M150692453LE,https://ode.rsl.wustl.edu/moon/indexproductpage.aspx?product_id=nac.m150692453le&product_idGeo=38784274,https://ode.rsl.wustl.edu/moon/productfiles.aspx?product_id=nac.m150692453le&product_idGeo=38784274,https://pds.lroc.im-ldi.com/data/LRO-L-LROC-2-EDR-V1.0/LROLRC_0006/DATA/SCI/2011026/NAC/M150692453LE.xml
nac.m150692453re,2011-01-26T14:46:26.21300,2011-01-26T14:47:19.28800,-1.0,154.6402,-87.34,-84.57,153.89,156.17,https://data.lroc.im-ldi.com/lroc/view_lroc/LRO-L-LROC-2-EDR-V1.0/M150692453RE,https://ode.rsl.wustl.edu/moon/indexproductpage.aspx?product_id=nac.m150692453re&product_idGeo=38784282,https://ode.rsl.wustl.edu/moon/productfiles.aspx?product_id=nac.m150692453re&product_idGeo=38784282,https://pds.lroc.im-ldi.com/data/LRO-L-LROC-2-EDR-V1.0/LROLRC_0006/DATA/SCI/2011026/NAC/M150692453RE.xml
nac.m150719572le,2011-01-26T22:18:25.10500,2011-01-26T22:19:18.18000,-1.0,151.4582,-86.59,-83.81,151.06,153.96,https://data.lroc.im-ldi.com/lroc/view_lroc/LRO-L-LROC-2-EDR-V1.0/M150719572LE,https://ode.rsl.wustl.edu/moon/indexproductpage.aspx?product_id=nac.m150719572le&product_idGeo=38785734,https://ode.rsl.wustl.edu/moon/productfiles.aspx?product_id=nac.m150719572le&product_idGeo=38785734,https://pds.lroc.im-ldi.com/data/LRO-L-LROC-2-EDR-V1.0/LROLRC_0006/DATA/SCI/2011026/NAC/M150719572LE.xml
nac.m121218344le,2010-02-19T11:31:18.08800,2010-02-19T11:32:28.62100,-1.0,156.3229,-86.51,-82.75,154.76,159.54,https://data.lroc.im-ldi.com/lroc/view_lroc/LRO-L-LROC-2-EDR-V1.0/M121218344LE,https://ode.rsl.wustl.edu/moon/indexproductpage.aspx?product_id=nac.m121218344le&product_idGeo=38797102,https://ode.rsl.wustl.edu/moon/productfiles.aspx?product_id=nac.m121218344le&product_idGeo=38797102,https://pds.lroc.im-ldi.com/data/LRO-L-LROC-2-EDR-V1.0/LROLRC_0002/DATA/MAP/2010050/NAC/M121218344LE.xml
nac.m121218344re,2010-02-19T11:31:18.08800,2010-02-19T11:32:28.62100,-1.0,157.0703,-86.5,-82.75,155.32,160.68,https://data.lroc.im-ldi.com/lroc/view_lroc/LRO-L-LROC-2-EDR-V1.0/M121218344RE,https://ode.rsl.wustl.edu/moon/indexproductpage.aspx?product_id=nac.m121218344re&product_idGeo=38797108,https://ode.rsl.wustl.edu/moon/productfiles.aspx?product_id=nac.m121218344re&product_idGeo=38797108,https://pds.lroc.im-ldi.com/data/LRO-L-LROC-2-EDR-V1.0/LROLRC_0002/DATA/MAP/2010050/NAC/M121218344RE.xml
nac.m121231907le,2010-02-19T15:17:21.67900,2010-02-19T15:18:32.21200,-1.0,154.1176,-86.58,-82.82,152.59,157.31,https://data.lroc.im-ldi.com/lroc/view_lroc/LRO-L-LROC-2-EDR-V1.0/M121231907LE,https://ode.rsl.wustl.edu/moon/indexproductpage.aspx?product_id=nac.m121231907le&product_idGeo=38797458,https://ode.rsl.wustl.edu/moon/productfiles.aspx?product_id=nac.m121231907le&product_idGeo=38797458,https://pds.lroc.im-ldi.com/data/LRO-L-LROC-2-EDR-V1.0/LROLRC_0002/DATA/MAP/2010050/NAC/M121231907LE.xml
nac.m121231907re,2010-02-19T15:17:21.67900,2010-02-19T15:18:32.21200,-1.0,154.885,-86.57,-82.81,153.16,158.46,https://data.lroc.im-ldi.com/lroc/view_lroc/LRO-L-LROC-2-EDR-V1.0/M121231907RE,https://ode.rsl.wustl.edu/moon/indexproductpage.aspx?product_id=nac.m121231907re&product_idGeo=38797465,https://ode.rsl.wustl.edu/moon/productfiles.aspx?product_id=nac.m121231907re&product_idGeo=38797465,https://pds.lroc.im-ldi.com/data/LRO-L-LROC-2-EDR-V1.0/LROLRC_0002/DATA/MAP/2010050/NAC/M121231907RE.xml
nac.m121238649le,2010-02-19T17:09:43.45900,2010-02-19T17:10:53.99200,-1.0,156.1056,-88.72,-84.99,152.81,168.89,https://data.lroc.im-ldi.com/lroc/view_lroc/LRO-L-LROC-2-EDR-V1.0/M121238649LE,https://ode.rsl.wustl.edu/moon/indexproductpage.aspx?product_id=nac.m121238649le&product_idGeo=38797658,https://ode.rsl.wustl.edu/moon/productfiles.aspx?product_id=nac.m121238649le&product_idGeo=38797658,https://pds.lroc.im-ldi.com/data/LRO-L-LROC-2-EDR-V1.0/LROLRC_0002/DATA/MAP/2010050/NAC/M121238649LE.xml
nac.m121238649re,2010-02-19T17:09:43.45900,2010-02-19T17:10:53.99200,-1.0,157.3799,-88.7,-84.98,153.62,171.68,https://data.lroc.im-ldi.com/lroc/view_lroc/LRO-L-LROC-2-EDR-V1.0/M121238649RE,https://ode.rsl.wustl.edu/moon/indexproductpage.aspx?product_id=nac.m121238649re&product_idGeo=38797665,https://ode.rsl.wustl.edu/moon/productfiles.aspx?product_id=nac.m121238649re&product_idGeo=38797665,https://pds.lroc.im-ldi.com/data/LRO-L-LROC-2-EDR-V1.0/LROLRC_0002/DATA/MAP/2010050/NAC/M121238649RE.xml
nac.m121245470le,2010-02-19T19:03:24.53900,2010-02-19T19:04:35.07200,-1.0,151.8958,-86.7,-82.94,150.39,155.09,https://data.lroc.im-ldi.com/lroc/view_lroc/LRO-L-LROC-2-EDR-V1.0/M121245470LE,https://ode.rsl.wustl.edu/moon/indexproductpage.aspx?product_id=nac.m121245470le&product_idGeo=38797835,https://ode.rsl.wustl.edu/moon/productfiles.aspx?product_id=nac.m121245470le&product_idGeo=38797835,https://pds.lroc.im-ldi.com/data/LRO-L-LROC-2-EDR-V1.0/LROLRC_0002/DATA/MAP/2010050/NAC/M121245470LE.xml
nac.m121245470re,2010-02-19T19:03:24.53900,2010-02-19T19:04:35.07200,-1.0,152.6765,-86.69,-82.94,150.97,156.3,https://data.lroc.im-ldi.com/lroc/view_lroc/LRO-L-LROC-2-EDR-V1.0/M121245470RE,https://ode.rsl.wustl.edu/moon/indexproductpage.aspx?product_id=nac.m121245470re&product_idGeo=38797842,https://ode.rsl.wustl.edu/moon/productfiles.aspx?product_id=nac.m121245470re&product_idGeo=38797842,https://pds.lroc.im-ldi.com/data/LRO-L-LROC-2-EDR-V1.0/LROLRC_0002/DATA/MAP/2010050/NAC/M121245470RE.xml
nac.m157762388le,2011-04-18T10:38:41.95800,2011-04-18T10:39:35.03300,-1.0,155.788,-87.62,-84.84,155.45,159.0,https://data.lroc.im-ldi.com/lroc/view_lroc/LRO-L-LROC-2-EDR-V1.0/M157762388LE,https://ode.rsl.wustl.edu/moon/indexproductpage.aspx?product_id=nac.m157762388le&product_idGeo=38834838,https://ode.rsl.wustl.edu/moon/productfiles.aspx?product_id=nac.m157762388le&product_idGeo=38834838,https://pds.lroc.im-ldi.com/data/LRO-L-LROC-2-EDR-V1.0/LROLRC_0007/DATA/SCI/2011108/NAC/M157762388LE.xml
nac.m157775945le,2011-04-18T14:24:38.89900,2011-04-18T14:25:31.97300,-1.0,154.719,-87.57,-84.8,153.54,157.24,https://data.lroc.im-ldi.com/lroc/view_lroc/LRO-L-LROC-2-EDR-V1.0/M157775945LE,https://ode.rsl.wustl.edu/moon/indexproductpage.aspx?product_id=nac.m157775945le&product_idGeo=38835171,https://ode.rsl.wustl.edu/moon/productfiles.aspx?product_id=nac.m157775945le&product_idGeo=38835171,https://pds.lroc.im-ldi.com/data/LRO-L-LROC-2-EDR-V1.0/LROLRC_0007/DATA/SCI/2011108/NAC/M157775945LE.xml
nac.m157775945re,2011-04-18T14:24:38.89900,2011-04-18T14:25:31.97300,-1.0,155.4457,-87.57,-84.79,154.65,159.57,https://data.lroc.im-ldi.com/lroc/view_lroc/LRO-L-LROC-2-EDR-V1.0/M157775945RE,https://ode.rsl.wustl.edu/moon/indexproductpage.aspx?product_id=nac.m157775945re&product_idGeo=38835176,https://ode.rsl.wustl.edu/moon/productfiles.aspx?product_id=nac.m157775945re&product_idGeo=38835176,https://pds.lroc.im-ldi.com/data/LRO-L-LROC-2-EDR-V1.0/LROLRC_0007/DATA/SCI/2011108/NAC/M157775945RE.xml
nac.m157789503le,2011-04-18T18:10:36.82100,2011-04-18T18:11:29.89500,-1.0,152.9843,-87.56,-84.78,151.7,155.69,https://data.lroc.im-ldi.com/lroc/view_lroc/LRO-L-LROC-2-EDR-V1.0/M157789503LE,https://ode.rsl.wustl.edu/moon/indexproductpage.aspx?product_id=nac.m157789503le&product_idGeo=38835511,https://ode.rsl.wustl.edu/moon/productfiles.aspx?product_id=nac.m157789503le&product_idGeo=38835511,https://pds.lroc.im-ldi.com/data/LRO-L-LROC-2-EDR-V1.0/LROLRC_0007/DATA/SCI/2011108/NAC/M157789503LE.xml
nac.m157789503re,2011-04-18T18:10:36.82100,2011-04-18T18:11:29.89500,-1.0,154.4835,-87.55,-84.77,152.81,158.01,https://data.lroc.im-ldi.com/lroc/view_lroc/LRO-L-LROC-2-EDR-V1.0/M157789503RE,https://ode.rsl.wustl.edu/moon/indexproductpage.aspx?product_id=nac.m157789503re&product_idGeo=38835515,https://ode.rsl.wustl.edu/moon/productfiles.aspx?product_id=nac.m157789503re&product_idGeo=38835515,https://pds.lroc.im-ldi.com/data/LRO-L-LROC-2-EDR-V1.0/LROLRC_0007/DATA/SCI/2011108/NAC/M157789503RE.xml
nac.m157803063re,2011-04-18T21:56:36.80200,2011-04-18T21:57:29.87700,-1.0,152.9193,-87.63,-84.86,151.08,156.89,https://data.lroc.im-ldi.com/lroc/view_lroc/LRO-L-LROC-2-EDR-V1.0/M157803063RE,https://ode.rsl.wustl.edu/moon/indexproductpage.aspx?product_id=nac.m157803063re&product_idGeo=38835785,https://ode.rsl.wustl.edu/moon/productfiles.aspx?product_id=nac.m157803063re&product_idGeo=38835785,https://pds.lroc.im-ldi.com/data/LRO-L-LROC-2-EDR-V1.0/LROLRC_0007/DATA/SCI/2011108/NAC/M157803063RE.xml
nac.m110528303le,2009-10-18T18:03:57.17100,2009-10-18T18:05:07.70300,-1.0,155.396,-87.92,-84.24,147.42,158.3,https://data.lroc.im-ldi.com/lroc/view_lroc/LRO-L-LROC-2-EDR-V1.0/M110528303LE,https://ode.rsl.wustl.edu/moon/indexproductpage.aspx?product_id=nac.m110528303le&product_idGeo=38848369,https://ode.rsl.wustl.edu/moon/productfiles.aspx?product_id=nac.m110528303le&product_idGeo=38848369,https://pds.lroc.im-ldi.com/data/LRO-L-LROC-2-EDR-V1.0/LROLRC_0001/DATA/MAP/2009291/NAC/M110528303LE.xml
nac.m110528303re,2009-10-18T18:03:57.17100,2009-10-18T18:05:07.70300,-1.0,154.0526,-87.9,-84.23,145.02,157.37,https://data.lroc.im-ldi.com/lroc/view_lroc/LRO-L-LROC-2-EDR-V1.0/M110528303RE,https://ode.rsl.wustl.edu/moon/indexproductpage.aspx?product_id=nac.m110528303re&product_idGeo=38848373,https://ode.rsl.wustl.edu/moon/productfiles.aspx?product_id=nac.m110528303re&product_idGeo=38848373,https://pds.lroc.im-ldi.com/data/LRO-L-LROC-2-EDR-V1.0/LROLRC_0001/DATA/MAP/2009291/NAC/M110528303RE.xml
nac.m110541897le,2009-10-18T21:50:30.50100,2009-10-18T21:51:41.03400,-1.0,149.6145,-88.86,-85.22,131.76,155.13,https://data.lroc.im-ldi.com/lroc/view_lroc/LRO-L-LROC-2-EDR-V1.0/M110541897LE,https://ode.rsl.wustl.edu/moon/indexproductpage.aspx?product_id=nac.m110541897le&product_idGeo=38848559,https://ode.rsl.wustl.edu/moon/productfiles.aspx?product_id=nac.m110541897le&product_idGeo=38848559,https://pds.lroc.im-ldi.com/data/LRO-L-LROC-2-EDR-V1.0/LROLRC_0001/DATA/MAP/2009291/NAC/M110541897LE.xml
nac.m110541897re,2009-10-18T21:50:30.50100,2009-10-18T21:51:41.03400,-1.0,148.7287,-88.82,-85.22,127.88,154.0,https://data.lroc.im-ldi.com/lroc/view_lroc/LRO-L-LROC-2-EDR-V1.0/M110541897RE,https://ode.rsl.wustl.edu/moon/indexproductpage.aspx?product_id=nac.m110541897re&product_idGeo=38848563,https://ode.rsl.wustl.edu/moon/productfiles.aspx?product_id=nac.m110541897re&product_idGeo=38848563,https://pds.lroc.im-ldi.com/data/LRO-L-LROC-2-EDR-V1.0/LROLRC_0001/DATA/MAP/2009291/NAC/M110541897RE.xml
nac.m110548664le,2009-10-18T23:43:17.68200,2009-10-18T23:44:28.21500,-1.0,152.156,-87.87,-84.19,144.26,155.1,https://data.lroc.im-ldi.com/lroc/view_lroc/LRO-L-LROC-2-EDR-V1.0/M110548664LE,https://ode.rsl.wustl.edu/moon/indexproductpage.aspx?product_id=nac.m110548664le&product_idGeo=38848662,https://ode.rsl.wustl.edu/moon/productfiles.aspx?product_id=nac.m110548664le&product_idGeo=38848662,https://pds.lroc.im-ldi.com/data/LRO-L-LROC-2-EDR-V1.0/LROLRC_0001/DATA/MAP/2009291/NAC/M110548664LE.xml
nac.m110548664re,2009-10-18T23:43:17.68200,2009-10-18T23:44:28.21500,-1.0,150.799,-87.84,-84.18,141.85,154.15,https://data.lroc.im-ldi.com/lroc/view_lroc/LRO-L-LROC-2-EDR-V1.0/M110548664RE,https://ode.rsl.wustl.edu/moon/indexproductpage.aspx?product_id=nac.m110548664re&product_idGeo=38848665,https://ode.rsl.wustl.edu/moon/productfiles.aspx?product_id=nac.m110548664re&product_idGeo=38848665,https://pds.lroc.im-ldi.com/data/LRO-L-LROC-2-EDR-V1.0/LROLRC_0001/DATA/MAP/2009291/NAC/M110548664RE.xml
nac.m160151105le,2011-05-16T02:10:38.36000,2011-05-16T02:11:31.43400,-1.0,154.5369,-88.08,-85.31,151.82,157.93,https://data.lroc.im-ldi.com/lroc/view_lroc/LRO-L-LROC-2-EDR-V1.0/M160151105LE,https://ode.rsl.wustl.edu/moon/indexproductpage.aspx?product_id=nac.m160151105le&product_idGeo=38883948,https://ode.rsl.wustl.edu/moon/productfiles.aspx?product_id=nac.m160151105le&product_idGeo=38883948,https://pds.lroc.im-ldi.com/data/LRO-L-LROC-2-EDR-V1.0/LROLRC_0007/DATA/SCI/2011136/NAC/M160151105LE.xml
nac.m160151105re,2011-05-16T02:10:38.36000,2011-05-16T02:11:31.43400,-1.0,155.3931,-88.07,-85.3,153.09,160.91,https://data.lroc.im-ldi.com/lroc/view_lroc/LRO-L-LROC-2-EDR-V1.0/M160151105RE,https://ode.rsl.wustl.edu/moon/indexproductpage.aspx?product_id=nac.m160151105re&product_idGeo=38883951,https://ode.rsl.wustl.edu/moon/productfiles.aspx?product_id=nac.m160151105re&product_idGeo=38883951,https://pds.lroc.im-ldi.com/data/LRO-L-LROC-2-EDR-V1.0/LROLRC_0007/DATA/SCI/2011136/NAC/M160151105RE.xml
nac.m112891331le,2009-11-15T02:27:44.61600,2009-11-15T02:28:55.14900,-1.0,154.9291,-88.12,-84.45,146.12,157.97,https://data.lroc.im-ldi.com/lroc/view_lroc/LRO-L-LROC-2-EDR-V1.0/M112891331LE,https://ode.rsl.wustl.edu/moon/indexproductpage.aspx?product_id=nac.m112891331le&product_idGeo=38889682,https://ode.rsl.wustl.edu/moon/productfiles.aspx?product_id=nac.m112891331le&product_idGeo=38889682,https://pds.lroc.im-ldi.com/data/LRO-L-LROC-2-EDR-V1.0/LROLRC_0001/DATA/MAP/2009319/NAC/M112891331LE.xml
nac.m112891331re,2009-11-15T02:27:44.61600,2009-11-15T02:28:55.14900,-1.0,153.4029,-88.09,-84.44,143.28,156.93,https://data.lroc.im-ldi.com/lroc/view_lroc/LRO-L-LROC-2-EDR-V1.0/M112891331RE,https://ode.rsl.wustl.edu/moon/indexproductpage.aspx?product_id=nac.m112891331re&product_idGeo=38889684,https://ode.rsl.wustl.edu/moon/productfiles.aspx?product_id=nac.m112891331re&product_idGeo=38889684,https://pds.lroc.im-ldi.com/data/LRO-L-LROC-2-EDR-V1.0/LROLRC_0001/DATA/MAP/2009319/NAC/M112891331RE.xml
nac.m112904920le,2009-11-15T06:14:13.53700,2009-11-15T06:15:24.07000,-1.0,151.796,-88.49,-84.84,139.54,155.44,https://data.lroc.im-ldi.com/lroc/view_lroc/LRO-L-LROC-2-EDR-V1.0/M112904920LE,https://ode.rsl.wustl.edu/moon/indexproductpage.aspx?product_id=nac.m112904920le&product_idGeo=38889903,https://ode.rsl.wustl.edu/moon/productfiles.aspx?product_id=nac.m112904920le&product_idGeo=38889903,https://pds.lroc.im-ldi.com/data/LRO-L-LROC-2-EDR-V1.0/LROLRC_0001/DATA/MAP/2009319/NAC/M112904920LE.xml
nac.m112904920re,2009-11-15T06:14:13.53700,2009-11-15T06:15:24.07000,-1.0,150.0643,-88.46,-84.83,136.09,154.31,https://data.lroc.im-ldi.com/lroc/view_lroc/LRO-L-LROC-2-EDR-V1.0/M112904920RE,https://ode.rsl.wustl.edu/moon/indexproductpage.aspx?product_id=nac.m112904920re&product_idGeo=38889905,https://ode.rsl.wustl.edu/moon/productfiles.aspx?product_id=nac.m112904920re&product_idGeo=38889905,https://pds.lroc.im-ldi.com/data/LRO-L-LROC-2-EDR-V1.0/LROLRC_0001/DATA/MAP/2009319/NAC/M112904920RE.xml
nac.m112911701le,2009-11-15T08:07:14.57800,2009-11-15T08:08:25.11100,-1.0,151.8101,-88.01,-84.34,143.42,154.81,https://data.lroc.im-ldi.com/lroc/view_lroc/LRO-L-LROC-2-EDR-V1.0/M112911701LE,https://ode.rsl.wustl.edu/moon/indexproductpage.aspx?product_id=nac.m112911701le&product_idGeo=38890006,https://ode.rsl.wustl.edu/moon/productfiles.aspx?product_id=nac.m112911701le&product_idGeo=38890006,https://pds.lroc.im-ldi.com/data/LRO-L-LROC-2-EDR-V1.0/LROLRC_0001/DATA/MAP/2009319/NAC/M112911701LE.xml
nac.m112911701re,2009-11-15T08:07:14.57800,2009-11-15T08:08:25.11100,-1.0,150.2771,-87.98,-84.33,140.66,153.76,https://data.lroc.im-ldi.com/lroc/view_lroc/LRO-L-LROC-2-EDR-V1.0/M112911701RE,https://ode.rsl.wustl.edu/moon/indexproductpage.aspx?product_id=nac.m112911701re&product_idGeo=38890008,https://ode.rsl.wustl.edu/moon/productfiles.aspx?product_id=nac.m112911701re&product_idGeo=38890008,https://pds.lroc.im-ldi.com/data/LRO-L-LROC-2-EDR-V1.0/LROLRC_0001/DATA/MAP/2009319/NAC/M112911701RE.xml
nac.m115246413re,2009-12-12T08:39:07.36200,2009-12-12T08:40:17.89400,-1.0,158.6224,-85.06,-81.36,156.36,159.93,https://data.lroc.im-ldi.com/lroc/view_lroc/LRO-L-LROC-2-EDR-V1.0/M115246413RE,https://ode.rsl.wustl.edu/moon/indexproductpage.aspx?product_id=nac.m115246413re&product_idGeo=38924868,https://ode.rsl.wustl.edu/moon/productfiles.aspx?product_id=nac.m115246413re&product_idGeo=38924868,https://pds.lroc.im-ldi.com/data/LRO-L-LROC-2-EDR-V1.0/LROLRC_0001/DATA/MAP/2009346/NAC/M115246413RE.xml
nac.m115253266re,2009-12-12T10:33:20.57200,2009-12-12T10:34:31.10500,-1.0,152.4555,-88.57,-84.92,138.31,156.53,https://data.lroc.im-ldi.com/lroc/view_lroc/LRO-L-LROC-2-EDR-V1.0/M115253266RE,https://ode.rsl.wustl.edu/moon/indexproductpage.aspx?product_id=nac.m115253266re&product_idGeo=38924920,https://ode.rsl.wustl.edu/moon/productfiles.aspx?product_id=nac.m115253266re&product_idGeo=38924920,https://pds.lroc.im-ldi.com/data/LRO-L-LROC-2-EDR-V1.0/LROLRC_0001/DATA/MAP/2009346/NAC/M115253266RE.xml
nac.m115260028le,2009-12-12T12:26:02.27200,2009-12-12T12:27:12.80500,-1.0,155.2362,-87.41,-83.72,149.99,157.43,https://data.lroc.im-ldi.com/lroc/view_lroc/LRO-L-LROC-2-EDR-V1.0/M115260028LE,https://ode.rsl.wustl.edu/moon/indexproductpage.aspx?product_id=nac.m115260028le&product_idGeo=38924965,https://ode.rsl.wustl.edu/moon/productfiles.aspx?product_id=nac.m115260028le&product_idGeo=38924965,https://pds.lroc.im-ldi.com/data/LRO-L-LROC-2-EDR-V1.0/LROLRC_0001/DATA/MAP/2009346/NAC/M115260028LE.xml
nac.m115260028re,2009-12-12T12:26:02.27200,2009-12-12T12:27:12.80500,-1.0,153.9695,-87.39,-83.71,147.88,156.52,https://data.lroc.im-ldi.com/lroc/view_lroc/LRO-L-LROC-2-EDR-V1.0/M115260028RE,https://ode.rsl.wustl.edu/moon/indexproductpage.aspx?product_id=nac.m115260028re&product_idGeo=38924966,https://ode.rsl.wustl.edu/moon/productfiles.aspx?product_id=nac.m115260028re&product_idGeo=38924966,https://pds.lroc.im-ldi.com/data/LRO-L-LROC-2-EDR-V1.0/LROLRC_0001/DATA/MAP/2009346/NAC/M115260028RE.xml
nac.m115266797le,2009-12-12T14:18:51.34300,2009-12-12T14:20:01.87500,-1.0,155.0664,-86.59,-82.9,151.52,156.79,https://data.lroc.im-ldi.com/lroc/view_lroc/LRO-L-LROC-2-EDR-V1.0/M115266797LE,https://ode.rsl.wustl.edu/moon/indexproductpage.aspx?product_id=nac.m115266797le&product_idGeo=38925013,https://ode.rsl.wustl.edu/moon/productfiles.aspx?product_id=nac.m115266797le&product_idGeo=38925013,https://pds.lroc.im-ldi.com/data/LRO-L-LROC-2-EDR-V1.0/LROLRC_0001/DATA/MAP/2009346/NAC/M115266797LE.xml
nac.m115266797re,2009-12-12T14:18:51.34300,2009-12-12T14:20:01.87500,-1.0,154.548,-86.58,-82.9,149.88,155.98,https://data.lroc.im-ldi.com/lroc/view_lroc/LRO-L-LROC-2-EDR-V1.0/M115266797RE,https://ode.rsl.wustl.edu/moon/indexproductpage.aspx?product_id=nac.m115266797re&product_idGeo=38925014,https://ode.rsl.wustl.edu/moon/productfiles.aspx?product_id=nac.m115266797re&product_idGeo=38925014,https://pds.lroc.im-ldi.com/data/LRO-L-LROC-2-EDR-V1.0/LROLRC_0001/DATA/MAP/2009346/NAC/M115266797RE.xml
nac.m115280382le,2009-12-12T18:05:16.57400,2009-12-12T18:06:27.10700,-1.0,151.928,-87.41,-83.73,146.51,154.19,https://data.lroc.im-ldi.com/lroc/view_lroc/LRO-L-LROC-2-EDR-V1.0/M115280382LE,https://ode.rsl.wustl.edu/moon/indexproductpage.aspx?product_id=nac.m115280382le&product_idGeo=38925105,https://ode.rsl.wustl.edu/moon/productfiles.aspx?product_id=nac.m115280382le&product_idGeo=38925105,https://pds.lroc.im-ldi.com/data/LRO-L-LROC-2-EDR-V1.0/LROLRC_0001/DATA/MAP/2009346/NAC/M115280382LE.xml
nac.m136499985le,2010-08-15T08:25:18.21800,2010-08-15T08:26:01.89200,-1.0,157.9616,-85.03,-82.74,156.87,158.71,https://data.lroc.im-ldi.com/lroc/view_lroc/LRO-L-LROC-2-EDR-V1.0/M136499985LE,https://ode.rsl.wustl.edu/moon/indexproductpage.aspx?product_id=nac.m136499985le&product_idGeo=38946684,https://ode.rsl.wustl.edu/moon/productfiles.aspx?product_id=nac.m136499985le&product_idGeo=38946684,https://pds.lroc.im-ldi.com/data/LRO-L-LROC-2-EDR-V1.0/LROLRC_0004/DATA/MAP/2010227/NAC/M136499985LE.xml
nac.m136506789le,2010-08-15T10:18:42.33900,2010-08-15T10:19:26.01300,-1.0,155.783,-86.15,-83.86,154.8,157.37,https://data.lroc.im-ldi.com/lroc/view_lroc/LRO-L-LROC-2-EDR-V1.0/M136506789LE,https://ode.rsl.wustl.edu/moon/indexproductpage.aspx?product_id=nac.m136506789le&product_idGeo=38946819,https://ode.rsl.wustl.edu/moon/productfiles.aspx?product_id=nac.m136506789le&product_idGeo=38946819,https://pds.lroc.im-ldi.com/data/LRO-L-LROC-2-EDR-V1.0/LROLRC_0004/DATA/MAP/2010227/NAC/M136506789LE.xml
nac.m136506789re,2010-08-15T10:18:42.33900,2010-08-15T10:19:26.01300,-1.0,156.9251,-86.15,-83.86,156.28,158.3,https://data.lroc.im-ldi.com/lroc/view_lroc/LRO-L-LROC-2-EDR-V1.0/M136506789RE,https://ode.rsl.wustl.edu/moon/indexproductpage.aspx?product_id=nac.m136506789re&product_idGeo=38946822,https://ode.rsl.wustl.edu/moon/productfiles.aspx?product_id=nac.m136506789re&product_idGeo=38946822,https://pds.lroc.im-ldi.com/data/LRO-L-LROC-2-EDR-V1.0/LROLRC_0004/DATA/MAP/2010227/NAC/M136506789RE.xml
nac.m136513553le,2010-08-15T12:11:26.55800,2010-08-15T12:12:10.67900,-1.0,155.7236,-85.21,-82.9,154.53,156.53,https://data.lroc.im-ldi.com/lroc/view_lroc/LRO-L-LROC-2-EDR-V1.0/M136513553LE,https://ode.rsl.wustl.edu/moon/indexproductpage.aspx?product_id=nac.m136513553le&product_idGeo=38946914,https://ode.rsl.wustl.edu/moon/productfiles.aspx?product_id=nac.m136513553le&product_idGeo=38946914,https://pds.lroc.im-ldi.com/data/LRO-L-LROC-2-EDR-V1.0/LROLRC_0004/DATA/MAP/2010227/NAC/M136513553LE.xml
nac.m136513553re,2010-08-15T12:11:26.55800,2010-08-15T12:12:10.67900,-1.0,156.6909,-85.21,-82.9,155.73,157.34,https://data.lroc.im-ldi.com/lroc/view_lroc/LRO-L-LROC-2-EDR-V1.0/M136513553RE,https://ode.rsl.wustl.edu/moon/indexproductpage.aspx?product_id=nac.m136513553re&product_idGeo=38946917,https://ode.rsl.wustl.edu/moon/productfiles.aspx?product_id=nac.m136513553re&product_idGeo=38946917,https://pds.lroc.im-ldi.com/data/LRO-L-LROC-2-EDR-V1.0/LROLRC_0004/DATA/MAP/2010227/NAC/M136513553RE.xml
nac.m136520354le,2010-08-15T14:04:47.86700,2010-08-15T14:05:32.43600,-1.0,154.1429,-86.21,-83.88,152.47,155.18,https://data.lroc.im-ldi.com/lroc/view_lroc/LRO-L-LROC-2-EDR-V1.0/M136520354LE,https://ode.rsl.wustl.edu/moon/indexproductpage.aspx?product_id=nac.m136520354le&product_idGeo=38947005,https://ode.rsl.wustl.edu/moon/productfiles.aspx?product_id=nac.m136520354le&product_idGeo=38947005,https://pds.lroc.im-ldi.com/data/LRO-L-LROC-2-EDR-V1.0/LROLRC_0004/DATA/MAP/2010227/NAC/M136520354LE.xml
nac.m136520354re,2010-08-15T14:04:47.86700,2010-08-15T14:05:32.43600,-1.0,155.9122,-86.22,-83.88,153.99,156.13,https://data.lroc.im-ldi.com/lroc/view_lroc/LRO-L-LROC-2-EDR-V1.0/M136520354RE,https://ode.rsl.wustl.edu/moon/indexproductpage.aspx?product_id=nac.m136520354re&product_idGeo=38947007,https://ode.rsl.wustl.edu/moon/productfiles.aspx?product_id=nac.m136520354re&product_idGeo=38947007,https://pds.lroc.im-ldi.com/data/LRO-L-LROC-2-EDR-V1.0/LROLRC_0004/DATA/MAP/2010227/NAC/M136520354RE.xml
nac.m136527120le,2010-08-15T15:57:33.04800,2010-08-15T15:58:17.61700,-1.0,153.506,-85.31,-82.97,152.25,154.35,https://data.lroc.im-ldi.com/lroc/view_lroc/LRO-L-LROC-2-EDR-V1.0/M136527120LE,https://ode.rsl.wustl.edu/moon/indexproductpage.aspx?product_id=nac.m136527120le&product_idGeo=38947170,https://ode.rsl.wustl.edu/moon/productfiles.aspx?product_id=nac.m136527120le&product_idGeo=38947170,https://pds.lroc.im-ldi.com/data/LRO-L-LROC-2-EDR-V1.0/LROLRC_0004/DATA/MAP/2010227/NAC/M136527120LE.xml
nac.m136527120re,2010-08-15T15:57:33.04800,2010-08-15T15:58:17.61700,-1.0,154.4986,-85.31,-82.98,153.48,155.18,https://data.lroc.im-ldi.com/lroc/view_lroc/LRO-L-LROC-2-EDR-V1.0/M136527120RE,https://ode.rsl.wustl.edu/moon/indexproductpage.aspx?product_id=nac.m136527120re&product_idGeo=38947172,https://ode.rsl.wustl.edu/moon/productfiles.aspx?product_id=nac.m136527120re&product_idGeo=38947172,https://pds.lroc.im-ldi.com/data/LRO-L-LROC-2-EDR-V1.0/LROLRC_0004/DATA/MAP/2010227/NAC/M136527120RE.xml
nac.m136533920le,2010-08-15T17:50:53.09800,2010-08-15T17:51:37.66700,-1.0,151.9974,-86.23,-83.89,150.3,153.06,https://data.lroc.im-ldi.com/lroc/view_lroc/LRO-L-LROC-2-EDR-V1.0/M136533920LE,https://ode.rsl.wustl.edu/moon/indexproductpage.aspx?product_id=nac.m136533920le&product_idGeo=38947239,https://ode.rsl.wustl.edu/moon/productfiles.aspx?product_id=nac.m136533920le&product_idGeo=38947239,https://pds.lroc.im-ldi.com/data/LRO-L-LROC-2-EDR-V1.0/LROLRC_0004/DATA/MAP/2010227/NAC/M136533920LE.xml
nac.m136533920re,2010-08-15T17:50:53.09800,2010-08-15T17:51:37.66700,-1.0,153.1767,-86.23,-83.9,151.83,154.01,https://data.lroc.im-ldi.com/lroc/view_lroc/LRO-L-LROC-2-EDR-V1.0/M136533920RE,https://ode.rsl.wustl.edu/moon/indexproductpage.aspx?product_id=nac.m136533920re&product_idGeo=38947241,https://ode.rsl.wustl.edu/moon/productfiles.aspx?product_id=nac.m136533920re&product_idGeo=38947241,https://pds.lroc.im-ldi.com/data/LRO-L-LROC-2-EDR-V1.0/LROLRC_0004/DATA/MAP/2010227/NAC/M136533920RE.xml
nac.m136540685re,2010-08-15T19:43:38.48900,2010-08-15T19:44:23.05800,-1.0,152.458,-85.34,-83.0,151.45,153.14,https://data.lroc.im-ldi.com/lroc/view_lroc/LRO-L-LROC-2-EDR-V1.0/M136540685RE,https://ode.rsl.wustl.edu/moon/indexproductpage.aspx?product_id=nac.m136540685re&product_idGeo=38947306,https://ode.rsl.wustl.edu/moon/productfiles.aspx?product_id=nac.m136540685re&product_idGeo=38947306,https://pds.lroc.im-ldi.com/data/LRO-L-LROC-2-EDR-V1.0/LROLRC_0004/DATA/MAP/2010227/NAC/M136540685RE.xml
nac.m141249622re,2010-10-09T07:45:55.33900,2010-10-09T07:46:39.90800,-1.0,152.9205,-87.6,-85.26,150.55,154.13,https://data.lroc.im-ldi.com/lroc/view_lroc/LRO-L-LROC-2-EDR-V1.0/M141249622RE,https://ode.rsl.wustl.edu/moon/indexproductpage.aspx?product_id=nac.m141249622re&product_idGeo=38948007,https://ode.rsl.wustl.edu/moon/productfiles.aspx?product_id=nac.m141249622re&product_idGeo=38948007,https://pds.lroc.im-ldi.com/data/LRO-L-LROC-2-EDR-V1.0/LROLRC_0005/DATA/SCI/2010282/NAC/M141249622RE.xml
nac.m141263189le,2010-10-09T11:32:02.78900,2010-10-09T11:32:47.80600,-1.0,152.6691,-87.61,-85.25,151.16,153.68,https://data.lroc.im-ldi.com/lroc/view_lroc/LRO-L-LROC-2-EDR-V1.0/M141263189LE,https://ode.rsl.wustl.edu/moon/indexproductpage.aspx?product_id=nac.m141263189le&product_idGeo=38948151,https://ode.rsl.wustl.edu/moon/productfiles.aspx?product_id=nac.m141263189le&product_idGeo=38948151,https://pds.lroc.im-ldi.com/data/LRO-L-LROC-2-EDR-V1.0/LROLRC_0005/DATA/SCI/2010282/NAC/M141263189LE.xml
nac.m153046755le,2011-02-22T20:44:48.90600,2011-02-22T20:45:41.98100,-1.0,156.5019,-87.56,-84.78,155.96,160.1,https://data.lroc.im-ldi.com/lroc/view_lroc/LRO-L-LROC-2-EDR-V1.0/M153046755LE,https://ode.rsl.wustl.edu/moon/indexproductpage.aspx?product_id=nac.m153046755le&product_idGeo=38960763,https://ode.rsl.wustl.edu/moon/productfiles.aspx?product_id=nac.m153046755le&product_idGeo=38960763,https://pds.lroc.im-ldi.com/data/LRO-L-LROC-2-EDR-V1.0/LROLRC_0006/DATA/SCI/2011053/NAC/M153046755LE.xml
nac.m153046755re,2011-02-22T20:44:48.90600,2011-02-22T20:45:41.98100,-1.0,156.5578,-87.56,-84.78,154.85,157.75,https://data.lroc.im-ldi.com/lroc/view_lroc/LRO-L-LROC-2-EDR-V1.0/M153046755RE,https://ode.rsl.wustl.edu/moon/indexproductpage.aspx?product_id=nac.m153046755re&product_idGeo=38960769,https://ode.rsl.wustl.edu/moon/productfiles.aspx?product_id=nac.m153046755re&product_idGeo=38960769,https://pds.lroc.im-ldi.com/data/LRO-L-LROC-2-EDR-V1.0/LROLRC_0006/DATA/SCI/2011053/NAC/M153046755RE.xml
nac.m153067100le,2011-02-23T02:23:53.21800,2011-02-23T02:24:46.29200,-1.0,154.3718,-87.39,-84.61,153.03,157.13,https://data.lroc.im-ldi.com/lroc/view_lroc/LRO-L-LROC-2-EDR-V1.0/M153067100LE,https://ode.rsl.wustl.edu/moon/indexproductpage.aspx?product_id=nac.m153067100le&product_idGeo=38964019,https://ode.rsl.wustl.edu/moon/productfiles.aspx?product_id=nac.m153067100le&product_idGeo=38964019,https://pds.lroc.im-ldi.com/data/LRO-L-LROC-2-EDR-V1.0/LROLRC_0006/DATA/SCI/2011054/NAC/M153067100LE.xml
nac.m153067100re,2011-02-23T02:23:53.21800,2011-02-23T02:24:46.29200,-1.0,152.9141,-87.39,-84.62,151.94,154.92,https://data.lroc.im-ldi.com/lroc/view_lroc/LRO-L-LROC-2-EDR-V1.0/M153067100RE,https://ode.rsl.wustl.edu/moon/indexproductpage.aspx?product_id=nac.m153067100re&product_idGeo=38964024,https://ode.rsl.wustl.edu/moon/productfiles.aspx?product_id=nac.m153067100re&product_idGeo=38964024,https://pds.lroc.im-ldi.com/data/LRO-L-LROC-2-EDR-V1.0/LROLRC_0006/DATA/SCI/2011054/NAC/M153067100RE.xml
nac.m179019838le,2011-12-20T11:29:31.20800,2011-12-20T11:30:24.28300,-1.0,157.2857,-85.79,-82.94,155.16,160.82,https://data.lroc.im-ldi.com/lroc/view_lroc/LRO-L-LROC-2-EDR-V1.0/M179019838LE,https://ode.rsl.wustl.edu/moon/indexproductpage.aspx?product_id=nac.m179019838le&product_idGeo=38977883,https://ode.rsl.wustl.edu/moon/productfiles.aspx?product_id=nac.m179019838le&product_idGeo=38977883,https://pds.lroc.im-ldi.com/data/LRO-L-LROC-2-EDR-V1.0/LROLRC_0010/DATA/SCI/2011354/NAC/M179019838LE.xml
nac.m179019838re,2011-12-20T11:29:31.20800,2011-12-20T11:30:24.28300,-1.0,156.4934,-85.81,-82.95,154.52,159.79,https://data.lroc.im-ldi.com/lroc/view_lroc/LRO-L-LROC-2-EDR-V1.0/M179019838RE,https://ode.rsl.wustl.edu/moon/indexproductpage.aspx?product_id=nac.m179019838re&product_idGeo=38977887,https://ode.rsl.wustl.edu/moon/productfiles.aspx?product_id=nac.m179019838re&product_idGeo=38977887,https://pds.lroc.im-ldi.com/data/LRO-L-LROC-2-EDR-V1.0/LROLRC_0010/DATA/SCI/2011354/NAC/M179019838RE.xml
nac.m180085149le,2012-01-01T19:24:42.56300,2012-01-01T19:25:35.63700,-1.0,158.2361,-84.66,-81.77,155.85,159.79,https://data.lroc.im-ldi.com/lroc/view_lroc/LRO-L-LROC-2-EDR-V1.0/M180085149LE,https://ode.rsl.wustl.edu/moon/indexproductpage.aspx?product_id=nac.m180085149le&product_idGeo=39020410,https://ode.rsl.wustl.edu/moon/productfiles.aspx?product_id=nac.m180085149le&product_idGeo=39020410,https://pds.lroc.im-ldi.com/data/LRO-L-LROC-2-EDR-V1.0/LROLRC_0010/DATA/SCI/2012001/NAC/M180085149LE.xml
nac.m180085149re,2012-01-01T19:24:42.56300,2012-01-01T19:25:35.63700,-1.0,158.7253,-84.67,-81.77,156.47,160.2,https://data.lroc.im-ldi.com/lroc/view_lroc/LRO-L-LROC-2-EDR-V1.0/M180085149RE,https://ode.rsl.wustl.edu/moon/indexproductpage.aspx?product_id=nac.m180085149re&product_idGeo=39020412,https://ode.rsl.wustl.edu/moon/productfiles.aspx?product_id=nac.m180085149re&product_idGeo=39020412,https://pds.lroc.im-ldi.com/data/LRO-L-LROC-2-EDR-V1.0/LROLRC_0010/DATA/SCI/2012001/NAC/M180085149RE.xml
nac.m180106563re,2012-01-02T01:21:37.01400,2012-01-02T01:22:30.08900,-1.0,153.1546,-86.11,-83.23,149.66,155.66,https://data.lroc.im-ldi.com/lroc/view_lroc/LRO-L-LROC-2-EDR-V1.0/M180106563RE,https://ode.rsl.wustl.edu/moon/indexproductpage.aspx?product_id=nac.m180106563re&product_idGeo=39021859,https://ode.rsl.wustl.edu/moon/productfiles.aspx?product_id=nac.m180106563re&product_idGeo=39021859,https://pds.lroc.im-ldi.com/data/LRO-L-LROC-2-EDR-V1.0/LROLRC_0010/DATA/SCI/2012002/NAC/M180106563RE.xml
nac.m154200640le,2011-03-08T05:16:13.40300,2011-03-08T05:16:44.99000,-1.0,155.9514,-84.95,-83.26,155.22,156.5,https://data.lroc.im-ldi.com/lroc/view_lroc/LRO-L-LROC-2-EDR-V1.0/M154200640LE,https://ode.rsl.wustl.edu/moon/indexproductpage.aspx?product_id=nac.m154200640le&product_idGeo=39028176,https://ode.rsl.wustl.edu/moon/productfiles.aspx?product_id=nac.m154200640le&product_idGeo=39028176,https://pds.lroc.im-ldi.com/data/LRO-L-LROC-2-EDR-V1.0/LROLRC_0006/DATA/SCI/2011067/NAC/M154200640LE.xml
nac.m154200640re,2011-03-08T05:16:13.40300,2011-03-08T05:16:44.99000,-1.0,156.6529,-84.95,-83.26,156.03,157.12,https://data.lroc.im-ldi.com/lroc/view_lroc/LRO-L-LROC-2-EDR-V1.0/M154200640RE,https://ode.rsl.wustl.edu/moon/indexproductpage.aspx?product_id=nac.m154200640re&product_idGeo=39028184,https://ode.rsl.wustl.edu/moon/productfiles.aspx?product_id=nac.m154200640re&product_idGeo=39028184,https://pds.lroc.im-ldi.com/data/LRO-L-LROC-2-EDR-V1.0/LROLRC_0006/DATA/SCI/2011067/NAC/M154200640RE.xml
nac.m154220987le,2011-03-08T10:55:19.65700,2011-03-08T10:55:31.69300,-1.0,152.7255,-85.43,-84.78,152.13,153.25,https://data.lroc.im-ldi.com/lroc/view_lroc/LRO-L-LROC-2-EDR-V1.0/M154220987LE,https://ode.rsl.wustl.edu/moon/indexproductpage.aspx?product_id=nac.m154220987le&product_idGeo=39029247,https://ode.rsl.wustl.edu/moon/productfiles.aspx?product_id=nac.m154220987le&product_idGeo=39029247,https://pds.lroc.im-ldi.com/data/LRO-L-LROC-2-EDR-V1.0/LROLRC_0006/DATA/SCI/2011067/NAC/M154220987LE.xml
nac.m154220987re,2011-03-08T10:55:19.65700,2011-03-08T10:55:31.69300,-1.0,153.5468,-85.43,-84.78,153.01,154.02,https://data.lroc.im-ldi.com/lroc/view_lroc/LRO-L-LROC-2-EDR-V1.0/M154220987RE,https://ode.rsl.wustl.edu/moon/indexproductpage.aspx?product_id=nac.m154220987re&product_idGeo=39029254,https://ode.rsl.wustl.edu/moon/productfiles.aspx?product_id=nac.m154220987re&product_idGeo=39029254,https://pds.lroc.im-ldi.com/data/LRO-L-LROC-2-EDR-V1.0/LROLRC_0006/DATA/SCI/2011067/NAC/M154220987RE.xml
nac.m164840040le,2011-07-09T08:39:33.27600,2011-07-09T08:39:37.64600,-1.0,156.9608,-84.7,-84.46,156.35,157.59,https://data.lroc.im-ldi.com/lroc/view_lroc/LRO-L-LROC-2-EDR-V1.0/M164840040LE,https://ode.rsl.wustl.edu/moon/indexproductpage.aspx?product_id=nac.m164840040le&product_idGeo=39047184,https://ode.rsl.wustl.edu/moon/productfiles.aspx?product_id=nac.m164840040le&product_idGeo=39047184,https://pds.lroc.im-ldi.com/data/LRO-L-LROC-2-EDR-V1.0/LROLRC_0008/DATA/SCI/2011190/NAC/M164840040LE.xml
nac.m164846823le,2011-07-09T10:32:36.65600,2011-07-09T10:32:41.02600,-1.0,155.9875,-84.68,-84.45,155.38,156.62,https://data.lroc.im-ldi.com/lroc/view_lroc/LRO-L-LROC-2-EDR-V1.0/M164846823LE,https://ode.rsl.wustl.edu/moon/indexproductpage.aspx?product_id=nac.m164846823le&product_idGeo=39047411,https://ode.rsl.wustl.edu/moon/productfiles.aspx?product_id=nac.m164846823le&product_idGeo=39047411,https://pds.lroc.im-ldi.com/data/LRO-L-LROC-2-EDR-V1.0/LROLRC_0008/DATA/SCI/2011190/NAC/M164846823LE.xml
nac.m164846823re,2011-07-09T10:32:36.65600,2011-07-09T10:32:41.02600,-1.0,157.0522,-84.67,-84.44,156.43,157.7,https://data.lroc.im-ldi.com/lroc/view_lroc/LRO-L-LROC-2-EDR-V1.0/M164846823RE,https://ode.rsl.wustl.edu/moon/indexproductpage.aspx?product_id=nac.m164846823re&product_idGeo=39047414,https://ode.rsl.wustl.edu/moon/productfiles.aspx?product_id=nac.m164846823re&product_idGeo=39047414,https://pds.lroc.im-ldi.com/data/LRO-L-LROC-2-EDR-V1.0/LROLRC_0008/DATA/SCI/2011190/NAC/M164846823RE.xml
nac.m164853607le,2011-07-09T12:25:40.46700,2011-07-09T12:25:44.83700,-1.0,155.1257,-84.68,-84.44,154.51,155.76,https://data.lroc.im-ldi.com/lroc/view_lroc/LRO-L-LROC-2-EDR-V1.0/M164853607LE,https://ode.rsl.wustl.edu/moon/indexproductpage.aspx?product_id=nac.m164853607le&product_idGeo=39047606,https://ode.rsl.wustl.edu/moon/productfiles.aspx?product_id=nac.m164853607le&product_idGeo=39047606,https://pds.lroc.im-ldi.com/data/LRO-L-LROC-2-EDR-V1.0/LROLRC_0008/DATA/SCI/2011190/NAC/M164853607LE.xml
nac.m164853607re,2011-07-09T12:25:40.46700,2011-07-09T12:25:44.83700,-1.0,156.1901,-84.67,-84.43,155.56,156.85,https://data.lroc.im-ldi.com/lroc/view_lroc/LRO-L-LROC-2-EDR-V1.0/M164853607RE,https://ode.rsl.wustl.edu/moon/indexproductpage.aspx?product_id=nac.m164853607re&product_idGeo=39047609,https://ode.rsl.wustl.edu/moon/productfiles.aspx?product_id=nac.m164853607re&product_idGeo=39047609,https://pds.lroc.im-ldi.com/data/LRO-L-LROC-2-EDR-V1.0/LROLRC_0008/DATA/SCI/2011190/NAC/M164853607RE.xml
nac.m164860390re,2011-07-09T14:18:43.57100,2011-07-09T14:18:48.86800,-1.0,155.2486,-84.67,-84.39,154.6,155.93,https://data.lroc.im-ldi.com/lroc/view_lroc/LRO-L-LROC-2-EDR-V1.0/M164860390RE,https://ode.rsl.wustl.edu/moon/indexproductpage.aspx?product_id=nac.m164860390re&product_idGeo=39047794,https://ode.rsl.wustl.edu/moon/productfiles.aspx?product_id=nac.m164860390re&product_idGeo=39047794,https://pds.lroc.im-ldi.com/data/LRO-L-LROC-2-EDR-V1.0/LROLRC_0008/DATA/SCI/2011190/NAC/M164860390RE.xml
nac.m138874673le,2010-09-11T20:03:26.09500,2010-09-11T20:04:09.76800,-1.0,155.5209,-87.23,-84.94,152.49,156.02,https://data.lroc.im-ldi.com/lroc/view_lroc/LRO-L-LROC-2-EDR-V1.0/M138874673LE,https://ode.rsl.wustl.edu/moon/indexproductpage.aspx?product_id=nac.m138874673le&product_idGeo=39098123,https://ode.rsl.wustl.edu/moon/productfiles.aspx?product_id=nac.m138874673le&product_idGeo=39098123,https://pds.lroc.im-ldi.com/data/LRO-L-LROC-2-EDR-V1.0/LROLRC_0004/DATA/MAP/2010254/NAC/M138874673LE.xml
nac.m138888235le,2010-09-11T23:49:28.07500,2010-09-11T23:50:12.19600,-1.0,152.5441,-87.25,-84.94,150.17,153.84,https://data.lroc.im-ldi.com/lroc/view_lroc/LRO-L-LROC-2-EDR-V1.0/M138888235LE,https://ode.rsl.wustl.edu/moon/indexproductpage.aspx?product_id=nac.m138888235le&product_idGeo=39098476,https://ode.rsl.wustl.edu/moon/productfiles.aspx?product_id=nac.m138888235le&product_idGeo=39098476,https://pds.lroc.im-ldi.com/data/LRO-L-LROC-2-EDR-V1.0/LROLRC_0004/DATA/MAP/2010254/NAC/M138888235LE.xml
nac.m138888235re,2010-09-11T23:49:28.07500,2010-09-11T23:50:12.19600,-1.0,154.0182,-87.25,-84.94,152.25,154.98,https://data.lroc.im-ldi.com/lroc/view_lroc/LRO-L-LROC-2-EDR-V1.0/M138888235RE,https://ode.rsl.wustl.edu/moon/indexproductpage.aspx?product_id=nac.m138888235re&product_idGeo=39098481,https://ode.rsl.wustl.edu/moon/productfiles.aspx?product_id=nac.m138888235re&product_idGeo=39098481,https://pds.lroc.im-ldi.com/data/LRO-L-LROC-2-EDR-V1.0/LROLRC_0004/DATA/MAP/2010254/NAC/M138888235RE.xml
nac.m138901796re,2010-09-12T03:35:29.78400,2010-09-12T03:36:14.35400,-1.0,152.0638,-87.27,-84.94,150.33,153.0,https://data.lroc.im-ldi.com/lroc/view_lroc/LRO-L-LROC-2-EDR-V1.0/M138901796RE,https://ode.rsl.wustl.edu/moon/indexproductpage.aspx?product_id=nac.m138901796re&product_idGeo=39100527,https://ode.rsl.wustl.edu/moon/productfiles.aspx?product_id=nac.m138901796re&product_idGeo=39100527,https://pds.lroc.im-ldi.com/data/LRO-L-LROC-2-EDR-V1.0/LROLRC_0004/DATA/MAP/2010255/NAC/M138901796RE.xml
nac.m182451140le,2012-01-29T04:37:53.84300,2012-01-29T04:38:46.91800,-1.0,154.2753,-86.15,-83.28,150.01,156.75,https://data.lroc.im-ldi.com/lroc/view_lroc/LRO-L-LROC-2-EDR-V1.0/M182451140LE,https://ode.rsl.wustl.edu/moon/indexproductpage.aspx?product_id=nac.m182451140le&product_idGeo=39120150,https://ode.rsl.wustl.edu/moon/productfiles.aspx?product_id=nac.m182451140le&product_idGeo=39120150,https://pds.lroc.im-ldi.com/data/LRO-L-LROC-2-EDR-V1.0/LROLRC_0010/DATA/SCI/2012029/NAC/M182451140LE.xml
nac.m182451140re,2012-01-29T04:37:53.84300,2012-01-29T04:38:46.91800,-1.0,154.5795,-86.16,-83.28,150.83,157.23,https://data.lroc.im-ldi.com/lroc/view_lroc/LRO-L-LROC-2-EDR-V1.0/M182451140RE,https://ode.rsl.wustl.edu/moon/indexproductpage.aspx?product_id=nac.m182451140re&product_idGeo=39120154,https://ode.rsl.wustl.edu/moon/productfiles.aspx?product_id=nac.m182451140re&product_idGeo=39120154,https://pds.lroc.im-ldi.com/data/LRO-L-LROC-2-EDR-V1.0/LROLRC_0010/DATA/SCI/2012029/NAC/M182451140RE.xml
nac.m182458253le,2012-01-29T06:36:26.51300,2012-01-29T06:37:19.58800,-1.0,148.0922,-87.94,-85.14,135.91,152.65,https://data.lroc.im-ldi.com/lroc/view_lroc/LRO-L-LROC-2-EDR-V1.0/M182458253LE,https://ode.rsl.wustl.edu/moon/indexproductpage.aspx?product_id=nac.m182458253le&product_idGeo=39120327,https://ode.rsl.wustl.edu/moon/productfiles.aspx?product_id=nac.m182458253le&product_idGeo=39120327,https://pds.lroc.im-ldi.com/data/LRO-L-LROC-2-EDR-V1.0/LROLRC_0010/DATA/SCI/2012029/NAC/M182458253LE.xml
nac.m182458253re,2012-01-29T06:36:26.51300,2012-01-29T06:37:19.58800,-1.0,149.0002,-87.96,-85.15,137.29,153.31,https://data.lroc.im-ldi.com/lroc/view_lroc/LRO-L-LROC-2-EDR-V1.0/M182458253RE,https://ode.rsl.wustl.edu/moon/indexproductpage.aspx?product_id=nac.m182458253re&product_idGeo=39120332,https://ode.rsl.wustl.edu/moon/productfiles.aspx?product_id=nac.m182458253re&product_idGeo=39120332,https://pds.lroc.im-ldi.com/data/LRO-L-LROC-2-EDR-V1.0/LROLRC_0010/DATA/SCI/2012029/NAC/M182458253RE.xml
nac.m1095538204le,2012-06-28T15:55:37.67400,2012-06-28T15:56:30.74900,-1.0,157.3149,-86.04,-83.21,154.58,161.97,https://data.lroc.im-ldi.com/lroc/view_lroc/LRO-L-LROC-2-EDR-V1.0/M1095538204LE,https://ode.rsl.wustl.edu/moon/indexproductpage.aspx?product_id=nac.m1095538204le&product_idGeo=39218501,https://ode.rsl.wustl.edu/moon/productfiles.aspx?product_id=nac.m1095538204le&product_idGeo=39218501,https://pds.lroc.im-ldi.com/data/LRO-L-LROC-2-EDR-V1.0/LROLRC_0012/DATA/SCI/2012180/NAC/M1095538204LE.xml
nac.m1095552492le,2012-06-28T19:53:45.39100,2012-06-28T19:54:38.46600,-1.0,155.7414,-85.99,-83.16,152.57,160.0,https://data.lroc.im-ldi.com/lroc/view_lroc/LRO-L-LROC-2-EDR-V1.0/M1095552492LE,https://ode.rsl.wustl.edu/moon/indexproductpage.aspx?product_id=nac.m1095552492le&product_idGeo=39219018,https://ode.rsl.wustl.edu/moon/productfiles.aspx?product_id=nac.m1095552492le&product_idGeo=39219018,https://pds.lroc.im-ldi.com/data/LRO-L-LROC-2-EDR-V1.0/LROLRC_0012/DATA/SCI/2012180/NAC/M1095552492LE.xml
nac.m1095552492re,2012-06-28T19:53:45.39100,2012-06-28T19:54:38.46600,-1.0,155.704,-85.97,-83.15,153.2,161.02,https://data.lroc.im-ldi.com/lroc/view_lroc/LRO-L-LROC-2-EDR-V1.0/M1095552492RE,https://ode.rsl.wustl.edu/moon/indexproductpage.aspx?product_id=nac.m1095552492re&product_idGeo=39219022,https://ode.rsl.wustl.edu/moon/productfiles.aspx?product_id=nac.m1095552492re&product_idGeo=39219022,https://pds.lroc.im-ldi.com/data/LRO-L-LROC-2-EDR-V1.0/LROLRC_0012/DATA/SCI/2012180/NAC/M1095552492RE.xml
nac.m1095566781le,2012-06-28T23:51:54.85100,2012-06-28T23:52:47.92600,-1.0,153.1516,-86.02,-83.2,150.7,158.42,https://data.lroc.im-ldi.com/lroc/view_lroc/LRO-L-LROC-2-EDR-V1.0/M1095566781LE,https://ode.rsl.wustl.edu/moon/indexproductpage.aspx?product_id=nac.m1095566781le&product_idGeo=39219478,https://ode.rsl.wustl.edu/moon/productfiles.aspx?product_id=nac.m1095566781le&product_idGeo=39219478,https://pds.lroc.im-ldi.com/data/LRO-L-LROC-2-EDR-V1.0/LROLRC_0012/DATA/SCI/2012180/NAC/M1095566781LE.xml
nac.m1095566781re,2012-06-28T23:51:54.85100,2012-06-28T23:52:47.92600,-1.0,154.3563,-85.99,-83.18,151.34,159.45,https://data.lroc.im-ldi.com/lroc/view_lroc/LRO-L-LROC-2-EDR-V1.0/M1095566781RE,https://ode.rsl.wustl.edu/moon/indexproductpage.aspx?product_id=nac.m1095566781re&product_idGeo=39219484,https://ode.rsl.wustl.edu/moon/productfiles.aspx?product_id=nac.m1095566781re&product_idGeo=39219484,https://pds.lroc.im-ldi.com/data/LRO-L-LROC-2-EDR-V1.0/LROLRC_0012/DATA/SCI/2012180/NAC/M1095566781RE.xml
nac.m1095581071le,2012-06-29T03:50:04.47800,2012-06-29T03:50:57.55300,-1.0,151.9209,-86.05,-83.24,148.92,157.02,https://data.lroc.im-ldi.com/lroc/view_lroc/LRO-L-LROC-2-EDR-V1.0/M1095581071LE,https://ode.rsl.wustl.edu/moon/indexproductpage.aspx?product_id=nac.m1095581071le&product_idGeo=39222027,https://ode.rsl.wustl.edu/moon/productfiles.aspx?product_id=nac.m1095581071le&product_idGeo=39222027,https://pds.lroc.im-ldi.com/data/LRO-L-LROC-2-EDR-V1.0/LROLRC_0012/DATA/SCI/2012181/NAC/M1095581071LE.xml
nac.m1095581071re,2012-06-29T03:50:04.47800,2012-06-29T03:50:57.55300,-1.0,152.2942,-86.03,-83.22,149.55,158.04,https://data.lroc.im-ldi.com/lroc/view_lroc/LRO-L-LROC-2-EDR-V1.0/M1095581071RE,https://ode.rsl.wustl.edu/moon/indexproductpage.aspx?product_id=nac.m1095581071re&product_idGeo=39222033,https://ode.rsl.wustl.edu/moon/productfiles.aspx?product_id=nac.m1095581071re&product_idGeo=39222033,https://pds.lroc.im-ldi.com/data/LRO-L-LROC-2-EDR-V1.0/LROLRC_0012/DATA/SCI/2012181/NAC/M1095581071RE.xml
nac.m1095595361le,2012-06-29T07:48:14.07300,2012-06-29T07:49:07.14800,-1.0,150.7463,-86.08,-83.27,147.19,155.69,https://data.lroc.im-ldi.com/lroc/view_lroc/LRO-L-LROC-2-EDR-V1.0/M1095595361LE,https://ode.rsl.wustl.edu/moon/indexproductpage.aspx?product_id=nac.m1095595361le&product_idGeo=39222551,https://ode.rsl.wustl.edu/moon/productfiles.aspx?product_id=nac.m1095595361le&product_idGeo=39222551,https://pds.lroc.im-ldi.com/data/LRO-L-LROC-2-EDR-V1.0/LROLRC_0012/DATA/SCI/2012181/NAC/M1095595361LE.xml
nac.m1095595361re,2012-06-29T07:48:14.07300,2012-06-29T07:49:07.14800,-1.0,150.7089,-86.06,-83.26,147.82,156.7,https://data.lroc.im-ldi.com/lroc/view_lroc/LRO-L-LROC-2-EDR-V1.0/M1095595361RE,https://ode.rsl.wustl.edu/moon/indexproductpage.aspx?product_id=nac.m1095595361re&product_idGeo=39222554,https://ode.rsl.wustl.edu/moon/productfiles.aspx?product_id=nac.m1095595361re&product_idGeo=39222554,https://pds.lroc.im-ldi.com/data/LRO-L-LROC-2-EDR-V1.0/LROLRC_0012/DATA/SCI/2012181/NAC/M1095595361RE.xml
nac.m172176125re,2011-10-02T06:27:38.40700,2011-10-02T06:28:18.50000,-1.0,147.8119,-84.72,-82.35,136.96,163.08,https://data.lroc.im-ldi.com/lroc/view_lroc/LRO-L-LROC-2-EDR-V1.0/M172176125RE,https://ode.rsl.wustl.edu/moon/indexproductpage.aspx?product_id=nac.m172176125re&product_idGeo=39232964,https://ode.rsl.wustl.edu/moon/productfiles.aspx?product_id=nac.m172176125re&product_idGeo=39232964,https://pds.lroc.im-ldi.com/data/LRO-L-LROC-2-EDR-V1.0/LROLRC_0009/DATA/SCI/2011275/NAC/M172176125RE.xml
nac.m184788559le,2012-02-25T05:54:52.50400,2012-02-25T05:55:45.57800,-1.0,155.6023,-86.7,-83.85,149.82,158.72,https://data.lroc.im-ldi.com/lroc/view_lroc/LRO-L-LROC-2-EDR-V1.0/M184788559LE,https://ode.rsl.wustl.edu/moon/indexproductpage.aspx?product_id=nac.m184788559le&product_idGeo=39236715,https://ode.rsl.wustl.edu/moon/productfiles.aspx?product_id=nac.m184788559le&product_idGeo=39236715,https://pds.lroc.im-ldi.com/data/LRO-L-LROC-2-EDR-V1.0/LROLRC_0010/DATA/SCI/2012056/NAC/M184788559LE.xml
nac.m184802854le,2012-02-25T09:53:07.69400,2012-02-25T09:54:00.76800,-1.0,153.5575,-86.67,-83.81,147.93,156.61,https://data.lroc.im-ldi.com/lroc/view_lroc/LRO-L-LROC-2-EDR-V1.0/M184802854LE,https://ode.rsl.wustl.edu/moon/indexproductpage.aspx?product_id=nac.m184802854le&product_idGeo=39237205,https://ode.rsl.wustl.edu/moon/productfiles.aspx?product_id=nac.m184802854le&product_idGeo=39237205,https://pds.lroc.im-ldi.com/data/LRO-L-LROC-2-EDR-V1.0/LROLRC_0010/DATA/SCI/2012056/NAC/M184802854LE.xml
nac.m184802854re,2012-02-25T09:53:07.69400,2012-02-25T09:54:00.76800,-1.0,153.886,-86.68,-83.82,148.87,157.14,https://data.lroc.im-ldi.com/lroc/view_lroc/LRO-L-LROC-2-EDR-V1.0/M184802854RE,https://ode.rsl.wustl.edu/moon/indexproductpage.aspx?product_id=nac.m184802854re&product_idGeo=39237212,https://ode.rsl.wustl.edu/moon/productfiles.aspx?product_id=nac.m184802854re&product_idGeo=39237212,https://pds.lroc.im-ldi.com/data/LRO-L-LROC-2-EDR-V1.0/LROLRC_0010/DATA/SCI/2012056/NAC/M184802854RE.xml
nac.m184817150re,2012-02-25T13:51:23.24700,2012-02-25T13:52:16.32100,-1.0,151.9304,-86.61,-83.74,147.11,155.08,https://data.lroc.im-ldi.com/lroc/view_lroc/LRO-L-LROC-2-EDR-V1.0/M184817150RE,https://ode.rsl.wustl.edu/moon/indexproductpage.aspx?product_id=nac.m184817150re&product_idGeo=39237721,https://ode.rsl.wustl.edu/moon/productfiles.aspx?product_id=nac.m184817150re&product_idGeo=39237721,https://pds.lroc.im-ldi.com/data/LRO-L-LROC-2-EDR-V1.0/LROLRC_0010/DATA/SCI/2012056/NAC/M184817150RE.xml
nac.m189506369le,2012-04-19T20:25:02.51300,2012-04-19T20:25:55.58800,-1.0,155.0149,-86.75,-83.9,149.09,158.2,https://data.lroc.im-ldi.com/lroc/view_lroc/LRO-L-LROC-2-EDR-V1.0/M189506369LE,https://ode.rsl.wustl.edu/moon/indexproductpage.aspx?product_id=nac.m189506369le&product_idGeo=39314653,https://ode.rsl.wustl.edu/moon/productfiles.aspx?product_id=nac.m189506369le&product_idGeo=39314653,https://pds.lroc.im-ldi.com/data/LRO-L-LROC-2-EDR-V1.0/LROLRC_0011/DATA/SCI/2012110/NAC/M189506369LE.xml
nac.m189506369re,2012-04-19T20:25:02.51300,2012-04-19T20:25:55.58800,-1.0,154.3174,-86.73,-83.89,148.13,157.66,https://data.lroc.im-ldi.com/lroc/view_lroc/LRO-L-LROC-2-EDR-V1.0/M189506369RE,https://ode.rsl.wustl.edu/moon/indexproductpage.aspx?product_id=nac.m189506369re&product_idGeo=39314658,https://ode.rsl.wustl.edu/moon/productfiles.aspx?product_id=nac.m189506369re&product_idGeo=39314658,https://pds.lroc.im-ldi.com/data/LRO-L-LROC-2-EDR-V1.0/LROLRC_0011/DATA/SCI/2012110/NAC/M189506369RE.xml
nac.m189520664le,2012-04-20T00:23:17.82400,2012-04-20T00:24:10.89900,-1.0,152.8851,-86.72,-83.86,147.06,156.02,https://data.lroc.im-ldi.com/lroc/view_lroc/LRO-L-LROC-2-EDR-V1.0/M189520664LE,https://ode.rsl.wustl.edu/moon/indexproductpage.aspx?product_id=nac.m189520664le&product_idGeo=39317556,https://ode.rsl.wustl.edu/moon/productfiles.aspx?product_id=nac.m189520664le&product_idGeo=39317556,https://pds.lroc.im-ldi.com/data/LRO-L-LROC-2-EDR-V1.0/LROLRC_0011/DATA/SCI/2012111/NAC/M189520664LE.xml
nac.m189520664re,2012-04-20T00:23:17.82400,2012-04-20T00:24:10.89900,-1.0,152.2045,-86.7,-83.85,146.13,155.5,https://data.lroc.im-ldi.com/lroc/view_lroc/LRO-L-LROC-2-EDR-V1.0/M189520664RE,https://ode.rsl.wustl.edu/moon/indexproductpage.aspx?product_id=nac.m189520664re&product_idGeo=39317561,https://ode.rsl.wustl.edu/moon/productfiles.aspx?product_id=nac.m189520664re&product_idGeo=39317561,https://pds.lroc.im-ldi.com/data/LRO-L-LROC-2-EDR-V1.0/LROLRC_0011/DATA/SCI/2012111/NAC/M189520664RE.xml
nac.m1097896130le,2012-07-25T22:54:23.18300,2012-07-25T22:55:16.25800,-1.0,156.9434,-85.75,-82.92,154.37,161.19,https://data.lroc.im-ldi.com/lroc/view_lroc/LRO-L-LROC-2-EDR-V1.0/M1097896130LE,https://ode.rsl.wustl.edu/moon/indexproductpage.aspx?product_id=nac.m1097896130le&product_idGeo=39339530,https://ode.rsl.wustl.edu/moon/productfiles.aspx?product_id=nac.m1097896130le&product_idGeo=39339530,https://pds.lroc.im-ldi.com/data/LRO-L-LROC-2-EDR-V1.0/LROLRC_0012/DATA/SCI/2012207/NAC/M1097896130LE.xml
nac.m1097910433le,2012-07-26T02:52:46.92400,2012-07-26T02:53:09.81900,-1.0,155.4261,-84.95,-83.72,153.55,156.86,https://data.lroc.im-ldi.com/lroc/view_lroc/LRO-L-LROC-2-EDR-V1.0/M1097910433LE,https://ode.rsl.wustl.edu/moon/indexproductpage.aspx?product_id=nac.m1097910433le&product_idGeo=39340313,https://ode.rsl.wustl.edu/moon/productfiles.aspx?product_id=nac.m1097910433le&product_idGeo=39340313,https://pds.lroc.im-ldi.com/data/LRO-L-LROC-2-EDR-V1.0/LROLRC_0012/DATA/SCI/2012208/NAC/M1097910433LE.xml
nac.m1097910433re,2012-07-26T02:52:46.92400,2012-07-26T02:53:09.81900,-1.0,155.7878,-84.93,-83.71,154.24,157.7,https://data.lroc.im-ldi.com/lroc/view_lroc/LRO-L-LROC-2-EDR-V1.0/M1097910433RE,https://ode.rsl.wustl.edu/moon/indexproductpage.aspx?product_id=nac.m1097910433re&product_idGeo=39340315,https://ode.rsl.wustl.edu/moon/productfiles.aspx?product_id=nac.m1097910433re&product_idGeo=39340315,https://pds.lroc.im-ldi.com/data/LRO-L-LROC-2-EDR-V1.0/LROLRC_0012/DATA/SCI/2012208/NAC/M1097910433RE.xml
nac.m1097917599le,2012-07-26T04:52:12.80900,2012-07-26T04:53:05.88400,-1.0,160.2079,-87.6,-84.86,154.89,171.43,https://data.lroc.im-ldi.com/lroc/view_lroc/LRO-L-LROC-2-EDR-V1.0/M1097917599LE,https://ode.rsl.wustl.edu/moon/indexproductpage.aspx?product_id=nac.m1097917599le&product_idGeo=39340470,https://ode.rsl.wustl.edu/moon/productfiles.aspx?product_id=nac.m1097917599le&product_idGeo=39340470,https://pds.lroc.im-ldi.com/data/LRO-L-LROC-2-EDR-V1.0/LROLRC_0012/DATA/SCI/2012208/NAC/M1097917599LE.xml
nac.m1097917599re,2012-07-26T04:52:12.80900,2012-07-26T04:53:05.88400,-1.0,161.3057,-87.56,-84.84,155.71,172.94,https://data.lroc.im-ldi.com/lroc/view_lroc/LRO-L-LROC-2-EDR-V1.0/M1097917599RE,https://ode.rsl.wustl.edu/moon/indexproductpage.aspx?product_id=nac.m1097917599re&product_idGeo=39340473,https://ode.rsl.wustl.edu/moon/productfiles.aspx?product_id=nac.m1097917599re&product_idGeo=39340473,https://pds.lroc.im-ldi.com/data/LRO-L-LROC-2-EDR-V1.0/LROLRC_0012/DATA/SCI/2012208/NAC/M1097917599RE.xml
nac.m1097924693le,2012-07-26T06:50:26.27600,2012-07-26T06:51:19.35000,-1.0,151.7489,-84.98,-82.15,149.57,155.14,https://data.lroc.im-ldi.com/lroc/view_lroc/LRO-L-LROC-2-EDR-V1.0/M1097924693LE,https://ode.rsl.wustl.edu/moon/indexproductpage.aspx?product_id=nac.m1097924693le&product_idGeo=39340601,https://ode.rsl.wustl.edu/moon/productfiles.aspx?product_id=nac.m1097924693le&product_idGeo=39340601,https://pds.lroc.im-ldi.com/data/LRO-L-LROC-2-EDR-V1.0/LROLRC_0012/DATA/SCI/2012208/NAC/M1097924693LE.xml
nac.m1097924693re,2012-07-26T06:50:26.27600,2012-07-26T06:51:19.35000,-1.0,152.4131,-84.96,-82.13,150.12,155.97,https://data.lroc.im-ldi.com/lroc/view_lroc/LRO-L-LROC-2-EDR-V1.0/M1097924693RE,https://ode.rsl.wustl.edu/moon/indexproductpage.aspx?product_id=nac.m1097924693re&product_idGeo=39340604,https://ode.rsl.wustl.edu/moon/productfiles.aspx?product_id=nac.m1097924693re&product_idGeo=39340604,https://pds.lroc.im-ldi.com/data/LRO-L-LROC-2-EDR-V1.0/LROLRC_0012/DATA/SCI/2012208/NAC/M1097924693RE.xml
nac.m1097931889le,2012-07-26T08:50:22.45100,2012-07-26T08:51:15.52500,-1.0,158.7462,-87.62,-84.89,153.19,170.49,https://data.lroc.im-ldi.com/lroc/view_lroc/LRO-L-LROC-2-EDR-V1.0/M1097931889LE,https://ode.rsl.wustl.edu/moon/indexproductpage.aspx?product_id=nac.m1097931889le&product_idGeo=39340742,https://ode.rsl.wustl.edu/moon/productfiles.aspx?product_id=nac.m1097931889le&product_idGeo=39340742,https://pds.lroc.im-ldi.com/data/LRO-L-LROC-2-EDR-V1.0/LROLRC_0012/DATA/SCI/2012208/NAC/M1097931889LE.xml
nac.m1097931889re,2012-07-26T08:50:22.45100,2012-07-26T08:51:15.52500,-1.0,159.8327,-87.58,-84.87,154.01,171.98,https://data.lroc.im-ldi.com/lroc/view_lroc/LRO-L-LROC-2-EDR-V1.0/M1097931889RE,https://ode.rsl.wustl.edu/moon/indexproductpage.aspx?product_id=nac.m1097931889re&product_idGeo=39340744,https://ode.rsl.wustl.edu/moon/productfiles.aspx?product_id=nac.m1097931889re&product_idGeo=39340744,https://pds.lroc.im-ldi.com/data/LRO-L-LROC-2-EDR-V1.0/LROLRC_0012/DATA/SCI/2012208/NAC/M1097931889RE.xml
nac.m1097939012re,2012-07-26T10:49:05.76800,2012-07-26T10:49:28.66300,-1.0,152.2358,-84.98,-83.75,150.6,154.26,https://data.lroc.im-ldi.com/lroc/view_lroc/LRO-L-LROC-2-EDR-V1.0/M1097939012RE,https://ode.rsl.wustl.edu/moon/indexproductpage.aspx?product_id=nac.m1097939012re&product_idGeo=39340879,https://ode.rsl.wustl.edu/moon/productfiles.aspx?product_id=nac.m1097939012re&product_idGeo=39340879,https://pds.lroc.im-ldi.com/data/LRO-L-LROC-2-EDR-V1.0/LROLRC_0012/DATA/SCI/2012208/NAC/M1097939012RE.xml
nac.m1097946178le,2012-07-26T12:48:31.62700,2012-07-26T12:49:24.70200,-1.0,157.2681,-87.64,-84.9,151.52,169.5,https://data.lroc.im-ldi.com/lroc/view_lroc/LRO-L-LROC-2-EDR-V1.0/M1097946178LE,https://ode.rsl.wustl.edu/moon/indexproductpage.aspx?product_id=nac.m1097946178le&product_idGeo=39341044,https://ode.rsl.wustl.edu/moon/productfiles.aspx?product_id=nac.m1097946178le&product_idGeo=39341044,https://pds.lroc.im-ldi.com/data/LRO-L-LROC-2-EDR-V1.0/LROLRC_0012/DATA/SCI/2012208/NAC/M1097946178LE.xml
nac.m1097946178re,2012-07-26T12:48:31.62700,2012-07-26T12:49:24.70200,-1.0,158.3426,-87.6,-84.88,152.33,170.96,https://data.lroc.im-ldi.com/lroc/view_lroc/LRO-L-LROC-2-EDR-V1.0/M1097946178RE,https://ode.rsl.wustl.edu/moon/indexproductpage.aspx?product_id=nac.m1097946178re&product_idGeo=39341048,https://ode.rsl.wustl.edu/moon/productfiles.aspx?product_id=nac.m1097946178re&product_idGeo=39341048,https://pds.lroc.im-ldi.com/data/LRO-L-LROC-2-EDR-V1.0/LROLRC_0012/DATA/SCI/2012208/NAC/M1097946178RE.xml
nac.m1097960468re,2012-07-26T16:46:41.58800,2012-07-26T16:47:34.66300,-1.0,157.705,-87.61,-84.92,150.83,170.41,https://data.lroc.im-ldi.com/lroc/view_lroc/LRO-L-LROC-2-EDR-V1.0/M1097960468RE,https://ode.rsl.wustl.edu/moon/indexproductpage.aspx?product_id=nac.m1097960468re&product_idGeo=39341348,https://ode.rsl.wustl.edu/moon/productfiles.aspx?product_id=nac.m1097960468re&product_idGeo=39341348,https://pds.lroc.im-ldi.com/data/LRO-L-LROC-2-EDR-V1.0/LROLRC_0012/DATA/SCI/2012208/NAC/M1097960468RE.xml
nac.m174293906re,2011-10-26T18:44:00.00500,2011-10-26T18:44:53.08000,-1.0,158.1789,-87.64,-84.88,155.45,164.04,https://data.lroc.im-ldi.com/lroc/view_lroc/LRO-L-LROC-2-EDR-V1.0/M174293906RE,https://ode.rsl.wustl.edu/moon/indexproductpage.aspx?product_id=nac.m174293906re&product_idGeo=39344134,https://ode.rsl.wustl.edu/moon/productfiles.aspx?product_id=nac.m174293906re&product_idGeo=39344134,https://pds.lroc.im-ldi.com/data/LRO-L-LROC-2-EDR-V1.0/LROLRC_0009/DATA/SCI/2011299/NAC/M174293906RE.xml
nac.m174300692le,2011-10-26T20:37:06.01500,2011-10-26T20:37:59.08900,-1.0,158.0663,-87.62,-84.87,155.68,165.64,https://data.lroc.im-ldi.com/lroc/view_lroc/LRO-L-LROC-2-EDR-V1.0/M174300692LE,https://ode.rsl.wustl.edu/moon/indexproductpage.aspx?product_id=nac.m174300692le&product_idGeo=39344334,https://ode.rsl.wustl.edu/moon/productfiles.aspx?product_id=nac.m174300692le&product_idGeo=39344334,https://pds.lroc.im-ldi.com/data/LRO-L-LROC-2-EDR-V1.0/LROLRC_0009/DATA/SCI/2011299/NAC/M174300692LE.xml
nac.m174300692re,2011-10-26T20:37:06.01500,2011-10-26T20:37:59.08900,-1.0,157.3328,-87.64,-84.88,154.55,163.31,https://data.lroc.im-ldi.com/lroc/view_lroc/LRO-L-LROC-2-EDR-V1.0/M174300692RE,https://ode.rsl.wustl.edu/moon/indexproductpage.aspx?product_id=nac.m174300692re&product_idGeo=39344338,https://ode.rsl.wustl.edu/moon/productfiles.aspx?product_id=nac.m174300692re&product_idGeo=39344338,https://pds.lroc.im-ldi.com/data/LRO-L-LROC-2-EDR-V1.0/LROLRC_0009/DATA/SCI/2011299/NAC/M174300692RE.xml
nac.m174307478le,2011-10-26T22:30:12.02000,2011-10-26T22:31:05.09500,-1.0,158.0419,-87.61,-84.86,154.8,164.92,https://data.lroc.im-ldi.com/lroc/view_lroc/LRO-L-LROC-2-EDR-V1.0/M174307478LE,https://ode.rsl.wustl.edu/moon/indexproductpage.aspx?product_id=nac.m174307478le&product_idGeo=39344523,https://ode.rsl.wustl.edu/moon/productfiles.aspx?product_id=nac.m174307478le&product_idGeo=39344523,https://pds.lroc.im-ldi.com/data/LRO-L-LROC-2-EDR-V1.0/LROLRC_0009/DATA/SCI/2011299/NAC/M174307478LE.xml
nac.m174307478re,2011-10-26T22:30:12.02000,2011-10-26T22:31:05.09500,-1.0,157.3162,-87.63,-84.87,153.67,162.61,https://data.lroc.im-ldi.com/lroc/view_lroc/LRO-L-LROC-2-EDR-V1.0/M174307478RE,https://ode.rsl.wustl.edu/moon/indexproductpage.aspx?product_id=nac.m174307478re&product_idGeo=39344528,https://ode.rsl.wustl.edu/moon/productfiles.aspx?product_id=nac.m174307478re&product_idGeo=39344528,https://pds.lroc.im-ldi.com/data/LRO-L-LROC-2-EDR-V1.0/LROLRC_0009/DATA/SCI/2011299/NAC/M174307478RE.xml
nac.m174314265le,2011-10-27T00:23:18.39000,2011-10-27T00:24:11.46500,-1.0,157.2786,-87.61,-84.86,153.96,164.32,https://data.lroc.im-ldi.com/lroc/view_lroc/LRO-L-LROC-2-EDR-V1.0/M174314265LE,https://ode.rsl.wustl.edu/moon/indexproductpage.aspx?product_id=nac.m174314265le&product_idGeo=39346625,https://ode.rsl.wustl.edu/moon/productfiles.aspx?product_id=nac.m174314265le&product_idGeo=39346625,https://pds.lroc.im-ldi.com/data/LRO-L-LROC-2-EDR-V1.0/LROLRC_0009/DATA/SCI/2011300/NAC/M174314265LE.xml
nac.m174314265re,2011-10-27T00:23:18.39000,2011-10-27T00:24:11.46500,-1.0,155.7543,-87.63,-84.88,152.83,162.01,https://data.lroc.im-ldi.com/lroc/view_lroc/LRO-L-LROC-2-EDR-V1.0/M174314265RE,https://ode.rsl.wustl.edu/moon/indexproductpage.aspx?product_id=nac.m174314265re&product_idGeo=39346634,https://ode.rsl.wustl.edu/moon/productfiles.aspx?product_id=nac.m174314265re&product_idGeo=39346634,https://pds.lroc.im-ldi.com/data/LRO-L-LROC-2-EDR-V1.0/LROLRC_0009/DATA/SCI/2011300/NAC/M174314265RE.xml
nac.m174321051le,2011-10-27T02:16:25.05300,2011-10-27T02:17:18.12700,-1.0,156.5478,-87.61,-84.86,153.14,163.76,https://data.lroc.im-ldi.com/lroc/view_lroc/LRO-L-LROC-2-EDR-V1.0/M174321051LE,https://ode.rsl.wustl.edu/moon/indexproductpage.aspx?product_id=nac.m174321051le&product_idGeo=39346840,https://ode.rsl.wustl.edu/moon/productfiles.aspx?product_id=nac.m174321051le&product_idGeo=39346840,https://pds.lroc.im-ldi.com/data/LRO-L-LROC-2-EDR-V1.0/LROLRC_0009/DATA/SCI/2011300/NAC/M174321051LE.xml
nac.m174321051re,2011-10-27T02:16:25.05300,2011-10-27T02:17:18.12700,-1.0,155.0331,-87.64,-84.88,152.02,161.47,https://data.lroc.im-ldi.com/lroc/view_lroc/LRO-L-LROC-2-EDR-V1.0/M174321051RE,https://ode.rsl.wustl.edu/moon/indexproductpage.aspx?product_id=nac.m174321051re&product_idGeo=39346845,https://ode.rsl.wustl.edu/moon/productfiles.aspx?product_id=nac.m174321051re&product_idGeo=39346845,https://pds.lroc.im-ldi.com/data/LRO-L-LROC-2-EDR-V1.0/LROLRC_0009/DATA/SCI/2011300/NAC/M174321051RE.xml
nac.m174327838le,2011-10-27T04:09:31.74600,2011-10-27T04:10:24.82100,-1.0,155.8017,-87.6,-84.86,152.32,163.16,https://data.lroc.im-ldi.com/lroc/view_lroc/LRO-L-LROC-2-EDR-V1.0/M174327838LE,https://ode.rsl.wustl.edu/moon/indexproductpage.aspx?product_id=nac.m174327838le&product_idGeo=39347044,https://ode.rsl.wustl.edu/moon/productfiles.aspx?product_id=nac.m174327838le&product_idGeo=39347044,https://pds.lroc.im-ldi.com/data/LRO-L-LROC-2-EDR-V1.0/LROLRC_0009/DATA/SCI/2011300/NAC/M174327838LE.xml
nac.m174327838re,2011-10-27T04:09:31.74600,2011-10-27T04:10:24.82100,-1.0,154.2981,-87.63,-84.87,151.2,160.89,https://data.lroc.im-ldi.com/lroc/view_lroc/LRO-L-LROC-2-EDR-V1.0/M174327838RE,https://ode.rsl.wustl.edu/moon/indexproductpage.aspx?product_id=nac.m174327838re&product_idGeo=39347048,https://ode.rsl.wustl.edu/moon/productfiles.aspx?product_id=nac.m174327838re&product_idGeo=39347048,https://pds.lroc.im-ldi.com/data/LRO-L-LROC-2-EDR-V1.0/LROLRC_0009/DATA/SCI/2011300/NAC/M174327838RE.xml
nac.m174334625le,2011-10-27T06:02:38.72900,2011-10-27T06:03:31.80300,-1.0,155.0717,-87.6,-84.86,151.51,162.6,https://data.lroc.im-ldi.com/lroc/view_lroc/LRO-L-LROC-2-EDR-V1.0/M174334625LE,https://ode.rsl.wustl.edu/moon/indexproductpage.aspx?product_id=nac.m174334625le&product_idGeo=39347266,https://ode.rsl.wustl.edu/moon/productfiles.aspx?product_id=nac.m174334625le&product_idGeo=39347266,https://pds.lroc.im-ldi.com/data/LRO-L-LROC-2-EDR-V1.0/LROLRC_0009/DATA/SCI/2011300/NAC/M174334625LE.xml
nac.m174341412le,2011-10-27T07:55:45.73700,2011-10-27T07:56:38.81200,-1.0,155.0844,-87.59,-84.85,150.67,161.98,https://data.lroc.im-ldi.com/lroc/view_lroc/LRO-L-LROC-2-EDR-V1.0/M174341412LE,https://ode.rsl.wustl.edu/moon/indexproductpage.aspx?product_id=nac.m174341412le&product_idGeo=39347442,https://ode.rsl.wustl.edu/moon/productfiles.aspx?product_id=nac.m174341412le&product_idGeo=39347442,https://pds.lroc.im-ldi.com/data/LRO-L-LROC-2-EDR-V1.0/LROLRC_0009/DATA/SCI/2011300/NAC/M174341412LE.xml
nac.m1102618557re,2012-09-18T14:41:30.91800,2012-09-18T14:42:06.30100,-1.0,156.0879,-85.06,-83.17,154.15,158.75,https://data.lroc.im-ldi.com/lroc/view_lroc/LRO-L-LROC-2-EDR-V1.0/M1102618557RE,https://ode.rsl.wustl.edu/moon/indexproductpage.aspx?product_id=nac.m1102618557re&product_idGeo=39388281,https://ode.rsl.wustl.edu/moon/productfiles.aspx?product_id=nac.m1102618557re&product_idGeo=39388281,https://pds.lroc.im-ldi.com/data/LRO-L-LROC-2-EDR-V1.0/LROLRC_0013/DATA/ESM/2012262/NAC/M1102618557RE.xml
nac.m1102625683le,2012-09-18T16:40:16.10800,2012-09-18T16:41:09.18200,-1.0,155.0181,-85.09,-82.26,152.59,158.82,https://data.lroc.im-ldi.com/lroc/view_lroc/LRO-L-LROC-2-EDR-V1.0/M1102625683LE,https://ode.rsl.wustl.edu/moon/indexproductpage.aspx?product_id=nac.m1102625683le&product_idGeo=39388431,https://ode.rsl.wustl.edu/moon/productfiles.aspx?product_id=nac.m1102625683le&product_idGeo=39388431,https://pds.lroc.im-ldi.com/data/LRO-L-LROC-2-EDR-V1.0/LROLRC_0013/DATA/ESM/2012262/NAC/M1102625683LE.xml
nac.m1102625683re,2012-09-18T16:40:16.10800,2012-09-18T16:41:09.18200,-1.0,154.0056,-85.11,-82.28,152.04,157.98,https://data.lroc.im-ldi.com/lroc/view_lroc/LRO-L-LROC-2-EDR-V1.0/M1102625683RE,https://ode.rsl.wustl.edu/moon/indexproductpage.aspx?product_id=nac.m1102625683re&product_idGeo=39388435,https://ode.rsl.wustl.edu/moon/productfiles.aspx?product_id=nac.m1102625683re&product_idGeo=39388435,https://pds.lroc.im-ldi.com/data/LRO-L-LROC-2-EDR-V1.0/LROLRC_0013/DATA/ESM/2012262/NAC/M1102625683RE.xml
nac.m1102632839le,2012-09-18T18:39:32.88400,2012-09-18T18:40:19.71500,-1.0,155.3606,-85.53,-83.05,152.68,159.5,https://data.lroc.im-ldi.com/lroc/view_lroc/LRO-L-LROC-2-EDR-V1.0/M1102632839LE,https://ode.rsl.wustl.edu/moon/indexproductpage.aspx?product_id=nac.m1102632839le&product_idGeo=39388630,https://ode.rsl.wustl.edu/moon/productfiles.aspx?product_id=nac.m1102632839le&product_idGeo=39388630,https://pds.lroc.im-ldi.com/data/LRO-L-LROC-2-EDR-V1.0/LROLRC_0013/DATA/ESM/2012262/NAC/M1102632839LE.xml
nac.m1102632839re,2012-09-18T18:39:32.88400,2012-09-18T18:40:19.71500,-1.0,154.6336,-85.55,-83.06,152.07,158.59,https://data.lroc.im-ldi.com/lroc/view_lroc/LRO-L-LROC-2-EDR-V1.0/M1102632839RE,https://ode.rsl.wustl.edu/moon/indexproductpage.aspx?product_id=nac.m1102632839re&product_idGeo=39388635,https://ode.rsl.wustl.edu/moon/productfiles.aspx?product_id=nac.m1102632839re&product_idGeo=39388635,https://pds.lroc.im-ldi.com/data/LRO-L-LROC-2-EDR-V1.0/LROLRC_0013/DATA/ESM/2012262/NAC/M1102632839RE.xml
nac.m1102639981le,2012-09-18T20:38:34.52600,2012-09-18T20:39:10.95000,-1.0,153.77,-84.97,-83.02,151.69,156.64,https://data.lroc.im-ldi.com/lroc/view_lroc/LRO-L-LROC-2-EDR-V1.0/M1102639981LE,https://ode.rsl.wustl.edu/moon/indexproductpage.aspx?product_id=nac.m1102639981le&product_idGeo=39388825,https://ode.rsl.wustl.edu/moon/productfiles.aspx?product_id=nac.m1102639981le&product_idGeo=39388825,https://pds.lroc.im-ldi.com/data/LRO-L-LROC-2-EDR-V1.0/LROLRC_0013/DATA/ESM/2012262/NAC/M1102639981LE.xml
nac.m1102639981re,2012-09-18T20:38:34.52600,2012-09-18T20:39:10.95000,-1.0,153.0771,-84.99,-83.04,151.09,155.82,https://data.lroc.im-ldi.com/lroc/view_lroc/LRO-L-LROC-2-EDR-V1.0/M1102639981RE,https://ode.rsl.wustl.edu/moon/indexproductpage.aspx?product_id=nac.m1102639981re&product_idGeo=39388831,https://ode.rsl.wustl.edu/moon/productfiles.aspx?product_id=nac.m1102639981re&product_idGeo=39388831,https://pds.lroc.im-ldi.com/data/LRO-L-LROC-2-EDR-V1.0/LROLRC_0013/DATA/ESM/2012262/NAC/M1102639981RE.xml
nac.m1102647095le,2012-09-18T22:37:32.92100,2012-09-18T22:38:22.77000,-1.0,153.2065,-85.47,-82.83,150.45,157.54,https://data.lroc.im-ldi.com/lroc/view_lroc/LRO-L-LROC-2-EDR-V1.0/M1102647095LE,https://ode.rsl.wustl.edu/moon/indexproductpage.aspx?product_id=nac.m1102647095le&product_idGeo=39389010,https://ode.rsl.wustl.edu/moon/productfiles.aspx?product_id=nac.m1102647095le&product_idGeo=39389010,https://pds.lroc.im-ldi.com/data/LRO-L-LROC-2-EDR-V1.0/LROLRC_0013/DATA/ESM/2012262/NAC/M1102647095LE.xml
nac.m1102647095re,2012-09-18T22:37:32.92100,2012-09-18T22:38:22.77000,-1.0,152.5039,-85.5,-82.84,149.87,156.65,https://data.lroc.im-ldi.com/lroc/view_lroc/LRO-L-LROC-2-EDR-V1.0/M1102647095RE,https://ode.rsl.wustl.edu/moon/indexproductpage.aspx?product_id=nac.m1102647095re&product_idGeo=39389014,https://ode.rsl.wustl.edu/moon/productfiles.aspx?product_id=nac.m1102647095re&product_idGeo=39389014,https://pds.lroc.im-ldi.com/data/LRO-L-LROC-2-EDR-V1.0/LROLRC_0013/DATA/ESM/2012262/NAC/M1102647095RE.xml
nac.m1102654236le,2012-09-19T00:36:33.83700,2012-09-19T00:37:23.68500,-1.0,152.1751,-85.41,-82.77,149.43,156.47,https://data.lroc.im-ldi.com/lroc/view_lroc/LRO-L-LROC-2-EDR-V1.0/M1102654236LE,https://ode.rsl.wustl.edu/moon/indexproductpage.aspx?product_id=nac.m1102654236le&product_idGeo=39391148,https://ode.rsl.wustl.edu/moon/productfiles.aspx?product_id=nac.m1102654236le&product_idGeo=39391148,https://pds.lroc.im-ldi.com/data/LRO-L-LROC-2-EDR-V1.0/LROLRC_0013/DATA/ESM/2012263/NAC/M1102654236LE.xml
nac.m1102654236re,2012-09-19T00:36:33.83700,2012-09-19T00:37:23.68500,-1.0,151.4761,-85.44,-82.78,148.85,155.6,https://data.lroc.im-ldi.com/lroc/view_lroc/LRO-L-LROC-2-EDR-V1.0/M1102654236RE,https://ode.rsl.wustl.edu/moon/indexproductpage.aspx?product_id=nac.m1102654236re&product_idGeo=39391153,https://ode.rsl.wustl.edu/moon/productfiles.aspx?product_id=nac.m1102654236re&product_idGeo=39391153,https://pds.lroc.im-ldi.com/data/LRO-L-LROC-2-EDR-V1.0/LROLRC_0013/DATA/ESM/2012263/NAC/M1102654236RE.xml
nac.m1102661379le,2012-09-19T02:35:36.08400,2012-09-19T02:36:25.93200,-1.0,151.3244,-85.42,-82.78,148.53,155.7,https://data.lroc.im-ldi.com/lroc/view_lroc/LRO-L-LROC-2-EDR-V1.0/M1102661379LE,https://ode.rsl.wustl.edu/moon/indexproductpage.aspx?product_id=nac.m1102661379le&product_idGeo=39391331,https://ode.rsl.wustl.edu/moon/productfiles.aspx?product_id=nac.m1102661379le&product_idGeo=39391331,https://pds.lroc.im-ldi.com/data/LRO-L-LROC-2-EDR-V1.0/LROLRC_0013/DATA/ESM/2012263/NAC/M1102661379LE.xml
nac.m1102661379re,2012-09-19T02:35:36.08400,2012-09-19T02:36:25.93200,-1.0,150.9974,-85.44,-82.79,147.96,154.83,https://data.lroc.im-ldi.com/lroc/view_lroc/LRO-L-LROC-2-EDR-V1.0/M1102661379RE,https://ode.rsl.wustl.edu/moon/indexproductpage.aspx?product_id=nac.m1102661379re&product_idGeo=39391337,https://ode.rsl.wustl.edu/moon/productfiles.aspx?product_id=nac.m1102661379re&product_idGeo=39391337,https://pds.lroc.im-ldi.com/data/LRO-L-LROC-2-EDR-V1.0/LROLRC_0013/DATA/ESM/2012263/NAC/M1102661379RE.xml
nac.m1102668521le,2012-09-19T04:34:38.38300,2012-09-19T04:35:28.23200,-1.0,150.5076,-85.43,-82.79,147.66,154.97,https://data.lroc.im-ldi.com/lroc/view_lroc/LRO-L-LROC-2-EDR-V1.0/M1102668521LE,https://ode.rsl.wustl.edu/moon/indexproductpage.aspx?product_id=nac.m1102668521le&product_idGeo=39391487,https://ode.rsl.wustl.edu/moon/productfiles.aspx?product_id=nac.m1102668521le&product_idGeo=39391487,https://pds.lroc.im-ldi.com/data/LRO-L-LROC-2-EDR-V1.0/LROLRC_0013/DATA/ESM/2012263/NAC/M1102668521LE.xml
nac.m1102668521re,2012-09-19T04:34:38.38300,2012-09-19T04:35:28.23200,-1.0,149.822,-85.45,-82.81,147.09,154.11,https://data.lroc.im-ldi.com/lroc/view_lroc/LRO-L-LROC-2-EDR-V1.0/M1102668521RE,https://ode.rsl.wustl.edu/moon/indexproductpage.aspx?product_id=nac.m1102668521re&product_idGeo=39391490,https://ode.rsl.wustl.edu/moon/productfiles.aspx?product_id=nac.m1102668521re&product_idGeo=39391490,https://pds.lroc.im-ldi.com/data/LRO-L-LROC-2-EDR-V1.0/LROLRC_0013/DATA/ESM/2012263/NAC/M1102668521RE.xml
nac.m1102675663le,2012-09-19T06:33:40.88800,2012-09-19T06:34:30.73600,-1.0,149.3779,-85.45,-82.81,146.82,154.31,https://data.lroc.im-ldi.com/lroc/view_lroc/LRO-L-LROC-2-EDR-V1.0/M1102675663LE,https://ode.rsl.wustl.edu/moon/indexproductpage.aspx?product_id=nac.m1102675663le&product_idGeo=39391650,https://ode.rsl.wustl.edu/moon/productfiles.aspx?product_id=nac.m1102675663le&product_idGeo=39391650,https://pds.lroc.im-ldi.com/data/LRO-L-LROC-2-EDR-V1.0/LROLRC_0013/DATA/ESM/2012263/NAC/M1102675663LE.xml
nac.m1102675663re,2012-09-19T06:33:40.88800,2012-09-19T06:34:30.73600,-1.0,149.4118,-85.47,-82.82,146.26,153.45,https://data.lroc.im-ldi.com/lroc/view_lroc/LRO-L-LROC-2-EDR-V1.0/M1102675663RE,https://ode.rsl.wustl.edu/moon/indexproductpage.aspx?product_id=nac.m1102675663re&product_idGeo=39391654,https://ode.rsl.wustl.edu/moon/productfiles.aspx?product_id=nac.m1102675663re&product_idGeo=39391654,https://pds.lroc.im-ldi.com/data/LRO-L-LROC-2-EDR-V1.0/LROLRC_0013/DATA/ESM/2012263/NAC/M1102675663RE.xml
nac.m1102682806le,2012-09-19T08:32:43.44500,2012-09-19T08:33:33.29400,-1.0,148.9895,-85.46,-82.82,146.01,153.67,https://data.lroc.im-ldi.com/lroc/view_lroc/LRO-L-LROC-2-EDR-V1.0/M1102682806LE,https://ode.rsl.wustl.edu/moon/indexproductpage.aspx?product_id=nac.m1102682806le&product_idGeo=39391821,https://ode.rsl.wustl.edu/moon/productfiles.aspx?product_id=nac.m1102682806le&product_idGeo=39391821,https://pds.lroc.im-ldi.com/data/LRO-L-LROC-2-EDR-V1.0/LROLRC_0013/DATA/ESM/2012263/NAC/M1102682806LE.xml
nac.m191851002re,2012-05-16T23:42:15.84900,2012-05-16T23:43:08.92400,-1.0,156.5144,-86.52,-83.68,150.29,159.43,https://data.lroc.im-ldi.com/lroc/view_lroc/LRO-L-LROC-2-EDR-V1.0/M191851002RE,https://ode.rsl.wustl.edu/moon/indexproductpage.aspx?product_id=nac.m191851002re&product_idGeo=39399683,https://ode.rsl.wustl.edu/moon/productfiles.aspx?product_id=nac.m191851002re&product_idGeo=39399683,https://pds.lroc.im-ldi.com/data/LRO-L-LROC-2-EDR-V1.0/LROLRC_0011/DATA/SCI/2012137/NAC/M191851002RE.xml
nac.m191865285le,2012-05-17T03:40:19.04200,2012-05-17T03:41:12.11600,-1.0,153.0691,-87.15,-84.32,144.91,156.62,https://data.lroc.im-ldi.com/lroc/view_lroc/LRO-L-LROC-2-EDR-V1.0/M191865285LE,https://ode.rsl.wustl.edu/moon/indexproductpage.aspx?product_id=nac.m191865285le&product_idGeo=39401614,https://ode.rsl.wustl.edu/moon/productfiles.aspx?product_id=nac.m191865285le&product_idGeo=39401614,https://pds.lroc.im-ldi.com/data/LRO-L-LROC-2-EDR-V1.0/LROLRC_0011/DATA/SCI/2012138/NAC/M191865285LE.xml
nac.m191865285re,2012-05-17T03:40:19.04200,2012-05-17T03:41:12.11600,-1.0,152.3194,-87.13,-84.31,143.85,156.05,https://data.lroc.im-ldi.com/lroc/view_lroc/LRO-L-LROC-2-EDR-V1.0/M191865285RE,https://ode.rsl.wustl.edu/moon/indexproductpage.aspx?product_id=nac.m191865285re&product_idGeo=39401619,https://ode.rsl.wustl.edu/moon/productfiles.aspx?product_id=nac.m191865285re&product_idGeo=39401619,https://pds.lroc.im-ldi.com/data/LRO-L-LROC-2-EDR-V1.0/LROLRC_0011/DATA/SCI/2012138/NAC/M191865285RE.xml
nac.m191879580le,2012-05-17T07:38:33.86000,2012-05-17T07:39:26.93500,-1.0,150.9125,-87.15,-84.32,142.8,154.45,https://data.lroc.im-ldi.com/lroc/view_lroc/LRO-L-LROC-2-EDR-V1.0/M191879580LE,https://ode.rsl.wustl.edu/moon/indexproductpage.aspx?product_id=nac.m191879580le&product_idGeo=39401968,https://ode.rsl.wustl.edu/moon/productfiles.aspx?product_id=nac.m191879580le&product_idGeo=39401968,https://pds.lroc.im-ldi.com/data/LRO-L-LROC-2-EDR-V1.0/LROLRC_0011/DATA/SCI/2012138/NAC/M191879580LE.xml
nac.m1100261183le,2012-08-22T07:51:56.73300,2012-08-22T07:52:49.80800,-1.0,155.18,-85.24,-82.4,152.88,158.81,https://data.lroc.im-ldi.com/lroc/view_lroc/LRO-L-LROC-2-EDR-V1.0/M1100261183LE,https://ode.rsl.wustl.edu/moon/indexproductpage.aspx?product_id=nac.m1100261183le&product_idGeo=39418173,https://ode.rsl.wustl.edu/moon/productfiles.aspx?product_id=nac.m1100261183le&product_idGeo=39418173,https://pds.lroc.im-ldi.com/data/LRO-L-LROC-2-EDR-V1.0/LROLRC_0012/DATA/SCI/2012235/NAC/M1100261183LE.xml
nac.m1100261183re,2012-08-22T07:51:56.73300,2012-08-22T07:52:49.80800,-1.0,155.8674,-85.22,-82.39,153.45,159.69,https://data.lroc.im-ldi.com/lroc/view_lroc/LRO-L-LROC-2-EDR-V1.0/M1100261183RE,https://ode.rsl.wustl.edu/moon/indexproductpage.aspx?product_id=nac.m1100261183re&product_idGeo=39418178,https://ode.rsl.wustl.edu/moon/productfiles.aspx?product_id=nac.m1100261183re&product_idGeo=39418178,https://pds.lroc.im-ldi.com/data/LRO-L-LROC-2-EDR-V1.0/LROLRC_0012/DATA/SCI/2012235/NAC/M1100261183RE.xml
nac.m1100275502le,2012-08-22T11:50:35.13000,2012-08-22T11:51:28.20400,-1.0,157.0587,-86.78,-83.98,153.21,164.17,https://data.lroc.im-ldi.com/lroc/view_lroc/LRO-L-LROC-2-EDR-V1.0/M1100275502LE,https://ode.rsl.wustl.edu/moon/indexproductpage.aspx?product_id=nac.m1100275502le&product_idGeo=39418452,https://ode.rsl.wustl.edu/moon/productfiles.aspx?product_id=nac.m1100275502le&product_idGeo=39418452,https://pds.lroc.im-ldi.com/data/LRO-L-LROC-2-EDR-V1.0/LROLRC_0012/DATA/SCI/2012235/NAC/M1100275502LE.xml
nac.m1100275502re,2012-08-22T11:50:35.13000,2012-08-22T11:51:28.20400,-1.0,157.96,-86.75,-83.97,153.92,165.38,https://data.lroc.im-ldi.com/lroc/view_lroc/LRO-L-LROC-2-EDR-V1.0/M1100275502RE,https://ode.rsl.wustl.edu/moon/indexproductpage.aspx?product_id=nac.m1100275502re&product_idGeo=39418456,https://ode.rsl.wustl.edu/moon/productfiles.aspx?product_id=nac.m1100275502re&product_idGeo=39418456,https://pds.lroc.im-ldi.com/data/LRO-L-LROC-2-EDR-V1.0/LROLRC_0012/DATA/SCI/2012235/NAC/M1100275502RE.xml
nac.m1100282609le,2012-08-22T13:49:13.75900,2012-08-22T13:50:02.33500,-1.0,152.5043,-85.2,-82.61,150.21,156.02,https://data.lroc.im-ldi.com/lroc/view_lroc/LRO-L-LROC-2-EDR-V1.0/M1100282609LE,https://ode.rsl.wustl.edu/moon/indexproductpage.aspx?product_id=nac.m1100282609le&product_idGeo=39418586,https://ode.rsl.wustl.edu/moon/productfiles.aspx?product_id=nac.m1100282609le&product_idGeo=39418586,https://pds.lroc.im-ldi.com/data/LRO-L-LROC-2-EDR-V1.0/LROLRC_0012/DATA/SCI/2012235/NAC/M1100282609LE.xml
nac.m1100282609re,2012-08-22T13:49:13.75900,2012-08-22T13:50:02.33500,-1.0,153.2018,-85.18,-82.6,150.79,156.88,https://data.lroc.im-ldi.com/lroc/view_lroc/LRO-L-LROC-2-EDR-V1.0/M1100282609RE,https://ode.rsl.wustl.edu/moon/indexproductpage.aspx?product_id=nac.m1100282609re&product_idGeo=39418590,https://ode.rsl.wustl.edu/moon/productfiles.aspx?product_id=nac.m1100282609re&product_idGeo=39418590,https://pds.lroc.im-ldi.com/data/LRO-L-LROC-2-EDR-V1.0/LROLRC_0012/DATA/SCI/2012235/NAC/M1100282609RE.xml
nac.m1100296899le,2012-08-22T17:47:23.24600,2012-08-22T17:48:11.82200,-1.0,150.7438,-85.24,-82.65,148.36,154.4,https://data.lroc.im-ldi.com/lroc/view_lroc/LRO-L-LROC-2-EDR-V1.0/M1100296899LE,https://ode.rsl.wustl.edu/moon/indexproductpage.aspx?product_id=nac.m1100296899le&product_idGeo=39418831,https://ode.rsl.wustl.edu/moon/productfiles.aspx?product_id=nac.m1100296899le&product_idGeo=39418831,https://pds.lroc.im-ldi.com/data/LRO-L-LROC-2-EDR-V1.0/LROLRC_0012/DATA/SCI/2012235/NAC/M1100296899LE.xml
nac.m1100296899re,2012-08-22T17:47:23.24600,2012-08-22T17:48:11.82200,-1.0,151.4396,-85.21,-82.63,148.94,155.26,https://data.lroc.im-ldi.com/lroc/view_lroc/LRO-L-LROC-2-EDR-V1.0/M1100296899RE,https://ode.rsl.wustl.edu/moon/indexproductpage.aspx?product_id=nac.m1100296899re&product_idGeo=39418835,https://ode.rsl.wustl.edu/moon/productfiles.aspx?product_id=nac.m1100296899re&product_idGeo=39418835,https://pds.lroc.im-ldi.com/data/LRO-L-LROC-2-EDR-V1.0/LROLRC_0012/DATA/SCI/2012235/NAC/M1100296899RE.xml
nac.m1100311188le,2012-08-22T21:45:32.89100,2012-08-22T21:46:21.46700,-1.0,149.1069,-85.27,-82.69,146.61,152.94,https://data.lroc.im-ldi.com/lroc/view_lroc/LRO-L-LROC-2-EDR-V1.0/M1100311188LE,https://ode.rsl.wustl.edu/moon/indexproductpage.aspx?product_id=nac.m1100311188le&product_idGeo=39419136,https://ode.rsl.wustl.edu/moon/productfiles.aspx?product_id=nac.m1100311188le&product_idGeo=39419136,https://pds.lroc.im-ldi.com/data/LRO-L-LROC-2-EDR-V1.0/LROLRC_0012/DATA/SCI/2012235/NAC/M1100311188LE.xml
nac.m1100311188re,2012-08-22T21:45:32.89100,2012-08-22T21:46:21.46700,-1.0,150.147,-85.25,-82.67,147.18,153.78,https://data.lroc.im-ldi.com/lroc/view_lroc/LRO-L-LROC-2-EDR-V1.0/M1100311188RE,https://ode.rsl.wustl.edu/moon/indexproductpage.aspx?product_id=nac.m1100311188re&product_idGeo=39419141,https://ode.rsl.wustl.edu/moon/productfiles.aspx?product_id=nac.m1100311188re&product_idGeo=39419141,https://pds.lroc.im-ldi.com/data/LRO-L-LROC-2-EDR-V1.0/LROLRC_0012/DATA/SCI/2012235/NAC/M1100311188RE.xml
nac.m1100325478re,2012-08-23T01:43:43.07300,2012-08-23T01:44:31.64900,-1.0,148.2739,-85.3,-82.73,145.53,152.49,https://data.lroc.im-ldi.com/lroc/view_lroc/LRO-L-LROC-2-EDR-V1.0/M1100325478RE,https://ode.rsl.wustl.edu/moon/indexproductpage.aspx?product_id=nac.m1100325478re&product_idGeo=39421482,https://ode.rsl.wustl.edu/moon/productfiles.aspx?product_id=nac.m1100325478re&product_idGeo=39421482,https://pds.lroc.im-ldi.com/data/LRO-L-LROC-2-EDR-V1.0/LROLRC_0012/DATA/SCI/2012236/NAC/M1100325478RE.xml
nac.m176671567le,2011-11-23T07:11:40.67100,2011-11-23T07:12:33.74600,-1.0,155.7888,-86.79,-84.02,153.31,160.37,https://data.lroc.im-ldi.com/lroc/view_lroc/LRO-L-LROC-2-EDR-V1.0/M176671567LE,https://ode.rsl.wustl.edu/moon/indexproductpage.aspx?product_id=nac.m176671567le&product_idGeo=39439924,https://ode.rsl.wustl.edu/moon/productfiles.aspx?product_id=nac.m176671567le&product_idGeo=39439924,https://pds.lroc.im-ldi.com/data/LRO-L-LROC-2-EDR-V1.0/LROLRC_0009/DATA/SCI/2011327/NAC/M176671567LE.xml
nac.m176671567re,2011-11-23T07:11:40.67100,2011-11-23T07:12:33.74600,-1.0,154.6478,-86.81,-84.04,152.43,158.76,https://data.lroc.im-ldi.com/lroc/view_lroc/LRO-L-LROC-2-EDR-V1.0/M176671567RE,https://ode.rsl.wustl.edu/moon/indexproductpage.aspx?product_id=nac.m176671567re&product_idGeo=39439934,https://ode.rsl.wustl.edu/moon/productfiles.aspx?product_id=nac.m176671567re&product_idGeo=39439934,https://pds.lroc.im-ldi.com/data/LRO-L-LROC-2-EDR-V1.0/LROLRC_0009/DATA/SCI/2011327/NAC/M176671567RE.xml
nac.m176685081le,2011-11-23T10:56:54.41600,2011-11-23T10:57:47.49100,-1.0,156.4115,-87.88,-85.14,153.16,166.27,https://data.lroc.im-ldi.com/lroc/view_lroc/LRO-L-LROC-2-EDR-V1.0/M176685081LE,https://ode.rsl.wustl.edu/moon/indexproductpage.aspx?product_id=nac.m176685081le&product_idGeo=39440754,https://ode.rsl.wustl.edu/moon/productfiles.aspx?product_id=nac.m176685081le&product_idGeo=39440754,https://pds.lroc.im-ldi.com/data/LRO-L-LROC-2-EDR-V1.0/LROLRC_0009/DATA/SCI/2011327/NAC/M176685081LE.xml
nac.m176685081re,2011-11-23T10:56:54.41600,2011-11-23T10:57:47.49100,-1.0,155.6958,-87.91,-85.15,152.08,163.97,https://data.lroc.im-ldi.com/lroc/view_lroc/LRO-L-LROC-2-EDR-V1.0/M176685081RE,https://ode.rsl.wustl.edu/moon/indexproductpage.aspx?product_id=nac.m176685081re&product_idGeo=39440763,https://ode.rsl.wustl.edu/moon/productfiles.aspx?product_id=nac.m176685081re&product_idGeo=39440763,https://pds.lroc.im-ldi.com/data/LRO-L-LROC-2-EDR-V1.0/LROLRC_0009/DATA/SCI/2011327/NAC/M176685081RE.xml
nac.m176691776le,2011-11-23T12:48:29.31300,2011-11-23T12:49:22.38800,-1.0,151.0257,-85.23,-82.45,149.37,153.64,https://data.lroc.im-ldi.com/lroc/view_lroc/LRO-L-LROC-2-EDR-V1.0/M176691776LE,https://ode.rsl.wustl.edu/moon/indexproductpage.aspx?product_id=nac.m176691776le&product_idGeo=39441169,https://ode.rsl.wustl.edu/moon/productfiles.aspx?product_id=nac.m176691776le&product_idGeo=39441169,https://pds.lroc.im-ldi.com/data/LRO-L-LROC-2-EDR-V1.0/LROLRC_0009/DATA/SCI/2011327/NAC/M176691776LE.xml
nac.m176691776re,2011-11-23T12:48:29.31300,2011-11-23T12:49:22.38800,-1.0,150.6196,-85.24,-82.46,148.67,152.56,https://data.lroc.im-ldi.com/lroc/view_lroc/LRO-L-LROC-2-EDR-V1.0/M176691776RE,https://ode.rsl.wustl.edu/moon/indexproductpage.aspx?product_id=nac.m176691776re&product_idGeo=39441176,https://ode.rsl.wustl.edu/moon/productfiles.aspx?product_id=nac.m176691776re&product_idGeo=39441176,https://pds.lroc.im-ldi.com/data/LRO-L-LROC-2-EDR-V1.0/LROLRC_0009/DATA/SCI/2011327/NAC/M176691776RE.xml
nac.m1126212738le,2013-06-18T16:37:51.13100,2013-06-18T16:38:44.20600,-1.0,160.4111,-86.8,-84.1,155.16,169.96,https://data.lroc.im-ldi.com/lroc/view_lroc/LRO-L-LROC-2-EDR-V1.0/M1126212738LE,https://ode.rsl.wustl.edu/moon/indexproductpage.aspx?product_id=nac.m1126212738le&product_idGeo=39450337,https://ode.rsl.wustl.edu/moon/productfiles.aspx?product_id=nac.m1126212738le&product_idGeo=39450337,https://pds.lroc.im-ldi.com/data/LRO-L-LROC-2-EDR-V1.0/LROLRC_0016/DATA/ESM/2013169/NAC/M1126212738LE.xml
nac.m1126219828le,2013-06-18T18:36:25.36000,2013-06-18T18:36:50.28400,-1.0,157.324,-85.59,-84.29,154.79,160.57,https://data.lroc.im-ldi.com/lroc/view_lroc/LRO-L-LROC-2-EDR-V1.0/M1126219828LE,https://ode.rsl.wustl.edu/moon/indexproductpage.aspx?product_id=nac.m1126219828le&product_idGeo=39450597,https://ode.rsl.wustl.edu/moon/productfiles.aspx?product_id=nac.m1126219828le&product_idGeo=39450597,https://pds.lroc.im-ldi.com/data/LRO-L-LROC-2-EDR-V1.0/LROLRC_0016/DATA/ESM/2013169/NAC/M1126219828LE.xml
nac.m1126219828re,2013-06-18T18:36:25.36000,2013-06-18T18:36:50.28400,-1.0,158.1489,-85.56,-84.27,155.54,161.48,https://data.lroc.im-ldi.com/lroc/view_lroc/LRO-L-LROC-2-EDR-V1.0/M1126219828RE,https://ode.rsl.wustl.edu/moon/indexproductpage.aspx?product_id=nac.m1126219828re&product_idGeo=39450602,https://ode.rsl.wustl.edu/moon/productfiles.aspx?product_id=nac.m1126219828re&product_idGeo=39450602,https://pds.lroc.im-ldi.com/data/LRO-L-LROC-2-EDR-V1.0/LROLRC_0016/DATA/ESM/2013169/NAC/M1126219828RE.xml
nac.m1126226939le,2013-06-18T20:34:56.48000,2013-06-18T20:35:21.40400,-1.0,156.6044,-85.62,-84.32,154.02,159.92,https://data.lroc.im-ldi.com/lroc/view_lroc/LRO-L-LROC-2-EDR-V1.0/M1126226939LE,https://ode.rsl.wustl.edu/moon/indexproductpage.aspx?product_id=nac.m1126226939le&product_idGeo=39450842,https://ode.rsl.wustl.edu/moon/productfiles.aspx?product_id=nac.m1126226939le&product_idGeo=39450842,https://pds.lroc.im-ldi.com/data/LRO-L-LROC-2-EDR-V1.0/LROLRC_0016/DATA/ESM/2013169/NAC/M1126226939LE.xml
nac.m1126226939re,2013-06-18T20:34:56.48000,2013-06-18T20:35:21.40400,-1.0,157.4218,-85.59,-84.29,154.77,160.82,https://data.lroc.im-ldi.com/lroc/view_lroc/LRO-L-LROC-2-EDR-V1.0/M1126226939RE,https://ode.rsl.wustl.edu/moon/indexproductpage.aspx?product_id=nac.m1126226939re&product_idGeo=39450849,https://ode.rsl.wustl.edu/moon/productfiles.aspx?product_id=nac.m1126226939re&product_idGeo=39450849,https://pds.lroc.im-ldi.com/data/LRO-L-LROC-2-EDR-V1.0/LROLRC_0016/DATA/ESM/2013169/NAC/M1126226939RE.xml
nac.m1126234074le,2013-06-18T22:33:27.21600,2013-06-18T22:34:20.29100,-1.0,159.1452,-86.98,-84.32,153.22,170.14,https://data.lroc.im-ldi.com/lroc/view_lroc/LRO-L-LROC-2-EDR-V1.0/M1126234074LE,https://ode.rsl.wustl.edu/moon/indexproductpage.aspx?product_id=nac.m1126234074le&product_idGeo=39451105,https://ode.rsl.wustl.edu/moon/productfiles.aspx?product_id=nac.m1126234074le&product_idGeo=39451105,https://pds.lroc.im-ldi.com/data/LRO-L-LROC-2-EDR-V1.0/LROLRC_0016/DATA/ESM/2013169/NAC/M1126234074LE.xml
nac.m1126234074re,2013-06-18T22:33:27.21600,2013-06-18T22:34:20.29100,-1.0,160.0708,-86.94,-84.29,153.96,171.29,https://data.lroc.im-ldi.com/lroc/view_lroc/LRO-L-LROC-2-EDR-V1.0/M1126234074RE,https://ode.rsl.wustl.edu/moon/indexproductpage.aspx?product_id=nac.m1126234074re&product_idGeo=39451111,https://ode.rsl.wustl.edu/moon/productfiles.aspx?product_id=nac.m1126234074re&product_idGeo=39451111,https://pds.lroc.im-ldi.com/data/LRO-L-LROC-2-EDR-V1.0/LROLRC_0016/DATA/ESM/2013169/NAC/M1126234074RE.xml
nac.m1126248267le,2013-06-19T02:30:00.39100,2013-06-19T02:30:53.46600,-1.0,151.7613,-85.6,-82.84,148.04,157.76,https://data.lroc.im-ldi.com/lroc/view_lroc/LRO-L-LROC-2-EDR-V1.0/M1126248267LE,https://ode.rsl.wustl.edu/moon/indexproductpage.aspx?product_id=nac.m1126248267le&product_idGeo=39453027,https://ode.rsl.wustl.edu/moon/productfiles.aspx?product_id=nac.m1126248267le&product_idGeo=39453027,https://pds.lroc.im-ldi.com/data/LRO-L-LROC-2-EDR-V1.0/LROLRC_0016/DATA/ESM/2013170/NAC/M1126248267LE.xml
nac.m1126248267re,2013-06-19T02:30:00.39100,2013-06-19T02:30:53.46600,-1.0,152.463,-85.57,-82.82,148.62,158.63,https://data.lroc.im-ldi.com/lroc/view_lroc/LRO-L-LROC-2-EDR-V1.0/M1126248267RE,https://ode.rsl.wustl.edu/moon/indexproductpage.aspx?product_id=nac.m1126248267re&product_idGeo=39453037,https://ode.rsl.wustl.edu/moon/productfiles.aspx?product_id=nac.m1126248267re&product_idGeo=39453037,https://pds.lroc.im-ldi.com/data/LRO-L-LROC-2-EDR-V1.0/LROLRC_0016/DATA/ESM/2013170/NAC/M1126248267RE.xml
nac.m1126255376le,2013-06-19T04:28:29.70000,2013-06-19T04:29:22.77500,-1.0,150.7495,-85.51,-82.75,147.05,156.65,https://data.lroc.im-ldi.com/lroc/view_lroc/LRO-L-LROC-2-EDR-V1.0/M1126255376LE,https://ode.rsl.wustl.edu/moon/indexproductpage.aspx?product_id=nac.m1126255376le&product_idGeo=39453425,https://ode.rsl.wustl.edu/moon/productfiles.aspx?product_id=nac.m1126255376le&product_idGeo=39453425,https://pds.lroc.im-ldi.com/data/LRO-L-LROC-2-EDR-V1.0/LROLRC_0016/DATA/ESM/2013170/NAC/M1126255376LE.xml
nac.m1126255376re,2013-06-19T04:28:29.70000,2013-06-19T04:29:22.77500,-1.0,151.4381,-85.48,-82.73,147.63,157.5,https://data.lroc.im-ldi.com/lroc/view_lroc/LRO-L-LROC-2-EDR-V1.0/M1126255376RE,https://ode.rsl.wustl.edu/moon/indexproductpage.aspx?product_id=nac.m1126255376re&product_idGeo=39453434,https://ode.rsl.wustl.edu/moon/productfiles.aspx?product_id=nac.m1126255376re&product_idGeo=39453434,https://pds.lroc.im-ldi.com/data/LRO-L-LROC-2-EDR-V1.0/LROLRC_0016/DATA/ESM/2013170/NAC/M1126255376RE.xml
nac.m1126276711le,2013-06-19T10:24:04.52000,2013-06-19T10:24:57.59500,-1.0,148.6824,-85.56,-82.82,144.73,155.02,https://data.lroc.im-ldi.com/lroc/view_lroc/LRO-L-LROC-2-EDR-V1.0/M1126276711LE,https://ode.rsl.wustl.edu/moon/indexproductpage.aspx?product_id=nac.m1126276711le&product_idGeo=39454374,https://ode.rsl.wustl.edu/moon/productfiles.aspx?product_id=nac.m1126276711le&product_idGeo=39454374,https://pds.lroc.im-ldi.com/data/LRO-L-LROC-2-EDR-V1.0/LROLRC_0016/DATA/ESM/2013170/NAC/M1126276711LE.xml
nac.m1126276711re,2013-06-19T10:24:04.52000,2013-06-19T10:24:57.59500,-1.0,149.364,-85.53,-82.79,145.3,155.84,https://data.lroc.im-ldi.com/lroc/view_lroc/LRO-L-LROC-2-EDR-V1.0/M1126276711RE,https://ode.rsl.wustl.edu/moon/indexproductpage.aspx?product_id=nac.m1126276711re&product_idGeo=39454381,https://ode.rsl.wustl.edu/moon/productfiles.aspx?product_id=nac.m1126276711re&product_idGeo=39454381,https://pds.lroc.im-ldi.com/data/LRO-L-LROC-2-EDR-V1.0/LROLRC_0016/DATA/ESM/2013170/NAC/M1126276711RE.xml
nac.m1126298084re,2013-06-19T16:20:17.12000,2013-06-19T16:21:10.19500,-1.0,157.4247,-87.2,-84.72,149.06,172.92,https://data.lroc.im-ldi.com/lroc/view_lroc/LRO-L-LROC-2-EDR-V1.0/M1126298084RE,https://ode.rsl.wustl.edu/moon/indexproductpage.aspx?product_id=nac.m1126298084re&product_idGeo=39455189,https://ode.rsl.wustl.edu/moon/productfiles.aspx?product_id=nac.m1126298084re&product_idGeo=39455189,https://pds.lroc.im-ldi.com/data/LRO-L-LROC-2-EDR-V1.0/LROLRC_0016/DATA/ESM/2013170/NAC/M1126298084RE.xml
nac.m1110688840le,2012-12-21T00:26:13.17900,2012-12-21T00:27:06.25300,-1.0,156.2601,-86.32,-83.52,149.65,160.04,https://data.lroc.im-ldi.com/lroc/view_lroc/LRO-L-LROC-2-EDR-V1.0/M1110688840LE,https://ode.rsl.wustl.edu/moon/indexproductpage.aspx?product_id=nac.m1110688840le&product_idGeo=39467648,https://ode.rsl.wustl.edu/moon/productfiles.aspx?product_id=nac.m1110688840le&product_idGeo=39467648,https://pds.lroc.im-ldi.com/data/LRO-L-LROC-2-EDR-V1.0/LROLRC_0014/DATA/ESM/2012356/NAC/M1110688840LE.xml
nac.m1110695919le,2012-12-21T02:24:12.24900,2012-12-21T02:25:05.32400,-1.0,150.6023,-87.44,-84.73,138.08,156.12,https://data.lroc.im-ldi.com/lroc/view_lroc/LRO-L-LROC-2-EDR-V1.0/M1110695919LE,https://ode.rsl.wustl.edu/moon/indexproductpage.aspx?product_id=nac.m1110695919le&product_idGeo=39468272,https://ode.rsl.wustl.edu/moon/productfiles.aspx?product_id=nac.m1110695919le&product_idGeo=39468272,https://pds.lroc.im-ldi.com/data/LRO-L-LROC-2-EDR-V1.0/LROLRC_0014/DATA/ESM/2012356/NAC/M1110695919LE.xml
nac.m1110695919re,2012-12-21T02:24:12.24900,2012-12-21T02:25:05.32400,-1.0,151.0028,-87.47,-84.74,139.2,156.75,https://data.lroc.im-ldi.com/lroc/view_lroc/LRO-L-LROC-2-EDR-V1.0/M1110695919RE,https://ode.rsl.wustl.edu/moon/indexproductpage.aspx?product_id=nac.m1110695919re&product_idGeo=39468281,https://ode.rsl.wustl.edu/moon/productfiles.aspx?product_id=nac.m1110695919re&product_idGeo=39468281,https://pds.lroc.im-ldi.com/data/LRO-L-LROC-2-EDR-V1.0/LROLRC_0014/DATA/ESM/2012356/NAC/M1110695919RE.xml
nac.m1110703040le,2012-12-21T04:22:53.37300,2012-12-21T04:23:46.44700,-1.0,153.5237,-86.49,-83.7,146.4,157.52,https://data.lroc.im-ldi.com/lroc/view_lroc/LRO-L-LROC-2-EDR-V1.0/M1110703040LE,https://ode.rsl.wustl.edu/moon/indexproductpage.aspx?product_id=nac.m1110703040le&product_idGeo=39468708,https://ode.rsl.wustl.edu/moon/productfiles.aspx?product_id=nac.m1110703040le&product_idGeo=39468708,https://pds.lroc.im-ldi.com/data/LRO-L-LROC-2-EDR-V1.0/LROLRC_0014/DATA/ESM/2012356/NAC/M1110703040LE.xml
nac.m1110703040re,2012-12-21T04:22:53.37300,2012-12-21T04:23:46.44700,-1.0,154.1894,-86.51,-83.71,147.28,158.05,https://data.lroc.im-ldi.com/lroc/view_lroc/LRO-L-LROC-2-EDR-V1.0/M1110703040RE,https://ode.rsl.wustl.edu/moon/indexproductpage.aspx?product_id=nac.m1110703040re&product_idGeo=39468716,https://ode.rsl.wustl.edu/moon/productfiles.aspx?product_id=nac.m1110703040re&product_idGeo=39468716,https://pds.lroc.im-ldi.com/data/LRO-L-LROC-2-EDR-V1.0/LROLRC_0014/DATA/ESM/2012356/NAC/M1110703040RE.xml
nac.m1110710134re,2012-12-21T06:21:07.47700,2012-12-21T06:22:00.55200,-1.0,151.2987,-86.89,-84.11,143.29,156.13,https://data.lroc.im-ldi.com/lroc/view_lroc/LRO-L-LROC-2-EDR-V1.0/M1110710134RE,https://ode.rsl.wustl.edu/moon/indexproductpage.aspx?product_id=nac.m1110710134re&product_idGeo=39469086,https://ode.rsl.wustl.edu/moon/productfiles.aspx?product_id=nac.m1110710134re&product_idGeo=39469086,https://pds.lroc.im-ldi.com/data/LRO-L-LROC-2-EDR-V1.0/LROLRC_0014/DATA/ESM/2012356/NAC/M1110710134RE.xml
nac.m1104990069le,2012-10-16T01:27:06.52400,2012-10-16T01:27:56.37300,-1.0,156.1618,-85.92,-83.29,153.39,161.74,https://data.lroc.im-ldi.com/lroc/view_lroc/LRO-L-LROC-2-EDR-V1.0/M1104990069LE,https://ode.rsl.wustl.edu/moon/indexproductpage.aspx?product_id=nac.m1104990069le&product_idGeo=39520724,https://ode.rsl.wustl.edu/moon/productfiles.aspx?product_id=nac.m1104990069le&product_idGeo=39520724,https://pds.lroc.im-ldi.com/data/LRO-L-LROC-2-EDR-V1.0/LROLRC_0013/DATA/ESM/2012290/NAC/M1104990069LE.xml
nac.m1104990069re,2012-10-16T01:27:06.52400,2012-10-16T01:27:56.37300,-1.0,156.1932,-85.94,-83.3,152.76,160.76,https://data.lroc.im-ldi.com/lroc/view_lroc/LRO-L-LROC-2-EDR-V1.0/M1104990069RE,https://ode.rsl.wustl.edu/moon/indexproductpage.aspx?product_id=nac.m1104990069re&product_idGeo=39520732,https://ode.rsl.wustl.edu/moon/productfiles.aspx?product_id=nac.m1104990069re&product_idGeo=39520732,https://pds.lroc.im-ldi.com/data/LRO-L-LROC-2-EDR-V1.0/LROLRC_0013/DATA/ESM/2012290/NAC/M1104990069RE.xml
nac.m1105011537le,2012-10-16T07:24:30.31700,2012-10-16T07:25:07.78100,-1.0,155.9752,-86.11,-84.15,152.33,160.32,https://data.lroc.im-ldi.com/lroc/view_lroc/LRO-L-LROC-2-EDR-V1.0/M1105011537LE,https://ode.rsl.wustl.edu/moon/indexproductpage.aspx?product_id=nac.m1105011537le&product_idGeo=39521966,https://ode.rsl.wustl.edu/moon/productfiles.aspx?product_id=nac.m1105011537le&product_idGeo=39521966,https://pds.lroc.im-ldi.com/data/LRO-L-LROC-2-EDR-V1.0/LROLRC_0013/DATA/ESM/2012290/NAC/M1105011537LE.xml
nac.m1105011537re,2012-10-16T07:24:30.31700,2012-10-16T07:25:07.78100,-1.0,154.2646,-86.14,-84.17,151.62,159.31,https://data.lroc.im-ldi.com/lroc/view_lroc/LRO-L-LROC-2-EDR-V1.0/M1105011537RE,https://ode.rsl.wustl.edu/moon/indexproductpage.aspx?product_id=nac.m1105011537re&product_idGeo=39521974,https://ode.rsl.wustl.edu/moon/productfiles.aspx?product_id=nac.m1105011537re&product_idGeo=39521974,https://pds.lroc.im-ldi.com/data/LRO-L-LROC-2-EDR-V1.0/LROLRC_0013/DATA/ESM/2012290/NAC/M1105011537RE.xml
nac.m1105018671le,2012-10-16T09:23:24.49100,2012-10-16T09:24:17.56600,-1.0,154.6166,-86.48,-83.71,150.49,161.92,https://data.lroc.im-ldi.com/lroc/view_lroc/LRO-L-LROC-2-EDR-V1.0/M1105018671LE,https://ode.rsl.wustl.edu/moon/indexproductpage.aspx?product_id=nac.m1105018671le&product_idGeo=39522244,https://ode.rsl.wustl.edu/moon/productfiles.aspx?product_id=nac.m1105018671le&product_idGeo=39522244,https://pds.lroc.im-ldi.com/data/LRO-L-LROC-2-EDR-V1.0/LROLRC_0013/DATA/ESM/2012290/NAC/M1105018671LE.xml
nac.m1105018671re,2012-10-16T09:23:24.49100,2012-10-16T09:24:17.56600,-1.0,153.3657,-86.51,-83.73,149.84,160.84,https://data.lroc.im-ldi.com/lroc/view_lroc/LRO-L-LROC-2-EDR-V1.0/M1105018671RE,https://ode.rsl.wustl.edu/moon/indexproductpage.aspx?product_id=nac.m1105018671re&product_idGeo=39522252,https://ode.rsl.wustl.edu/moon/productfiles.aspx?product_id=nac.m1105018671re&product_idGeo=39522252,https://pds.lroc.im-ldi.com/data/LRO-L-LROC-2-EDR-V1.0/LROLRC_0013/DATA/ESM/2012290/NAC/M1105018671RE.xml
nac.m177733469le,2011-12-05T14:10:02.77400,2011-12-05T14:10:55.84800,-1.0,156.464,-85.97,-83.16,153.63,158.76,https://data.lroc.im-ldi.com/lroc/view_lroc/LRO-L-LROC-2-EDR-V1.0/M177733469LE,https://ode.rsl.wustl.edu/moon/indexproductpage.aspx?product_id=nac.m177733469le&product_idGeo=39522817,https://ode.rsl.wustl.edu/moon/productfiles.aspx?product_id=nac.m177733469le&product_idGeo=39522817,https://pds.lroc.im-ldi.com/data/LRO-L-LROC-2-EDR-V1.0/LROLRC_0009/DATA/SCI/2011339/NAC/M177733469LE.xml
nac.m177740237le,2011-12-05T16:02:50.22500,2011-12-05T16:03:43.30000,-1.0,155.7752,-86.07,-83.25,152.47,157.71,https://data.lroc.im-ldi.com/lroc/view_lroc/LRO-L-LROC-2-EDR-V1.0/M177740237LE,https://ode.rsl.wustl.edu/moon/indexproductpage.aspx?product_id=nac.m177740237le&product_idGeo=39523213,https://ode.rsl.wustl.edu/moon/productfiles.aspx?product_id=nac.m177740237le&product_idGeo=39523213,https://pds.lroc.im-ldi.com/data/LRO-L-LROC-2-EDR-V1.0/LROLRC_0009/DATA/SCI/2011339/NAC/M177740237LE.xml
nac.m177740237re,2011-12-05T16:02:50.22500,2011-12-05T16:03:43.30000,-1.0,156.528,-86.08,-83.25,153.48,158.32,https://data.lroc.im-ldi.com/lroc/view_lroc/LRO-L-LROC-2-EDR-V1.0/M177740237RE,https://ode.rsl.wustl.edu/moon/indexproductpage.aspx?product_id=nac.m177740237re&product_idGeo=39523220,https://ode.rsl.wustl.edu/moon/productfiles.aspx?product_id=nac.m177740237re&product_idGeo=39523220,https://pds.lroc.im-ldi.com/data/LRO-L-LROC-2-EDR-V1.0/LROLRC_0009/DATA/SCI/2011339/NAC/M177740237RE.xml
nac.m1105047235le,2012-10-16T17:19:28.46200,2012-10-16T17:20:21.53600,-1.0,150.4144,-86.12,-83.35,146.47,157.1,https://data.lroc.im-ldi.com/lroc/view_lroc/LRO-L-LROC-2-EDR-V1.0/M1105047235LE,https://ode.rsl.wustl.edu/moon/indexproductpage.aspx?product_id=nac.m1105047235le&product_idGeo=39523346,https://ode.rsl.wustl.edu/moon/productfiles.aspx?product_id=nac.m1105047235le&product_idGeo=39523346,https://pds.lroc.im-ldi.com/data/LRO-L-LROC-2-EDR-V1.0/LROLRC_0013/DATA/ESM/2012290/NAC/M1105047235LE.xml
nac.m177753771le,2011-12-05T19:48:24.95100,2011-12-05T19:49:18.02600,-1.0,153.1848,-86.24,-83.42,150.09,155.58,https://data.lroc.im-ldi.com/lroc/view_lroc/LRO-L-LROC-2-EDR-V1.0/M177753771LE,https://ode.rsl.wustl.edu/moon/indexproductpage.aspx?product_id=nac.m177753771le&product_idGeo=39524059,https://ode.rsl.wustl.edu/moon/productfiles.aspx?product_id=nac.m177753771le&product_idGeo=39524059,https://pds.lroc.im-ldi.com/data/LRO-L-LROC-2-EDR-V1.0/LROLRC_0009/DATA/SCI/2011339/NAC/M177753771LE.xml
nac.m177753771re,2011-12-05T19:48:24.95100,2011-12-05T19:49:18.02600,-1.0,154.3333,-86.25,-83.43,151.11,156.18,https://data.lroc.im-ldi.com/lroc/view_lroc/LRO-L-LROC-2-EDR-V1.0/M177753771RE,https://ode.rsl.wustl.edu/moon/indexproductpage.aspx?product_id=nac.m177753771re&product_idGeo=39524066,https://ode.rsl.wustl.edu/moon/productfiles.aspx?product_id=nac.m177753771re&product_idGeo=39524066,https://pds.lroc.im-ldi.com/data/LRO-L-LROC-2-EDR-V1.0/LROLRC_0009/DATA/SCI/2011339/NAC/M177753771RE.xml
nac.m177760545le,2011-12-05T21:41:18.69200,2011-12-05T21:42:11.76600,-1.0,152.5947,-85.99,-83.16,149.85,154.81,https://data.lroc.im-ldi.com/lroc/view_lroc/LRO-L-LROC-2-EDR-V1.0/M177760545LE,https://ode.rsl.wustl.edu/moon/indexproductpage.aspx?product_id=nac.m177760545le&product_idGeo=39524515,https://ode.rsl.wustl.edu/moon/productfiles.aspx?product_id=nac.m177760545le&product_idGeo=39524515,https://pds.lroc.im-ldi.com/data/LRO-L-LROC-2-EDR-V1.0/LROLRC_0009/DATA/SCI/2011339/NAC/M177760545LE.xml
nac.m177760545re,2011-12-05T21:41:18.69200,2011-12-05T21:42:11.76600,-1.0,153.3127,-86.0,-83.17,150.8,155.38,https://data.lroc.im-ldi.com/lroc/view_lroc/LRO-L-LROC-2-EDR-V1.0/M177760545RE,https://ode.rsl.wustl.edu/moon/indexproductpage.aspx?product_id=nac.m177760545re&product_idGeo=39524522,https://ode.rsl.wustl.edu/moon/productfiles.aspx?product_id=nac.m177760545re&product_idGeo=39524522,https://pds.lroc.im-ldi.com/data/LRO-L-LROC-2-EDR-V1.0/LROLRC_0009/DATA/SCI/2011339/NAC/M177760545RE.xml
nac.m194216548le,2012-06-13T08:48:01.68300,2012-06-13T08:48:54.75800,-1.0,153.9996,-86.82,-83.99,147.19,157.63,https://data.lroc.im-ldi.com/lroc/view_lroc/LRO-L-LROC-2-EDR-V1.0/M194216548LE,https://ode.rsl.wustl.edu/moon/indexproductpage.aspx?product_id=nac.m194216548le&product_idGeo=39534788,https://ode.rsl.wustl.edu/moon/productfiles.aspx?product_id=nac.m194216548le&product_idGeo=39534788,https://pds.lroc.im-ldi.com/data/LRO-L-LROC-2-EDR-V1.0/LROLRC_0011/DATA/SCI/2012165/NAC/M194216548LE.xml
nac.m194216548re,2012-06-13T08:48:01.68300,2012-06-13T08:48:54.75800,-1.0,153.3061,-86.8,-83.98,146.24,157.09,https://data.lroc.im-ldi.com/lroc/view_lroc/LRO-L-LROC-2-EDR-V1.0/M194216548RE,https://ode.rsl.wustl.edu/moon/indexproductpage.aspx?product_id=nac.m194216548re&product_idGeo=39534793,https://ode.rsl.wustl.edu/moon/productfiles.aspx?product_id=nac.m194216548re&product_idGeo=39534793,https://pds.lroc.im-ldi.com/data/LRO-L-LROC-2-EDR-V1.0/LROLRC_0011/DATA/SCI/2012165/NAC/M194216548RE.xml
nac.m194230836le,2012-06-13T12:46:09.53400,2012-06-13T12:47:02.60800,-1.0,151.7285,-86.85,-84.02,144.83,155.39,https://data.lroc.im-ldi.com/lroc/view_lroc/LRO-L-LROC-2-EDR-V1.0/M194230836LE,https://ode.rsl.wustl.edu/moon/indexproductpage.aspx?product_id=nac.m194230836le&product_idGeo=39535398,https://ode.rsl.wustl.edu/moon/productfiles.aspx?product_id=nac.m194230836le&product_idGeo=39535398,https://pds.lroc.im-ldi.com/data/LRO-L-LROC-2-EDR-V1.0/LROLRC_0011/DATA/SCI/2012165/NAC/M194230836LE.xml
nac.m1112059418le,2013-01-05T21:09:11.59100,2013-01-05T21:10:04.66600,-1.0,162.0374,-87.1,-84.39,156.7,172.2,https://data.lroc.im-ldi.com/lroc/view_lroc/LRO-L-LROC-2-EDR-V1.0/M1112059418LE,https://ode.rsl.wustl.edu/moon/indexproductpage.aspx?product_id=nac.m1112059418le&product_idGeo=39551627,https://ode.rsl.wustl.edu/moon/productfiles.aspx?product_id=nac.m1112059418le&product_idGeo=39551627,https://pds.lroc.im-ldi.com/data/LRO-L-LROC-2-EDR-V1.0/LROLRC_0014/DATA/ESM/2013005/NAC/M1112059418LE.xml
nac.m1112059418re,2013-01-05T21:09:11.59100,2013-01-05T21:10:04.66600,-1.0,160.5248,-87.14,-84.42,155.93,170.9,https://data.lroc.im-ldi.com/lroc/view_lroc/LRO-L-LROC-2-EDR-V1.0/M1112059418RE,https://ode.rsl.wustl.edu/moon/indexproductpage.aspx?product_id=nac.m1112059418re&product_idGeo=39551633,https://ode.rsl.wustl.edu/moon/productfiles.aspx?product_id=nac.m1112059418re&product_idGeo=39551633,https://pds.lroc.im-ldi.com/data/LRO-L-LROC-2-EDR-V1.0/LROLRC_0014/DATA/ESM/2013005/NAC/M1112059418RE.xml
nac.m1120107242re,2013-04-09T00:39:35.75800,2013-04-09T00:40:28.83300,-1.0,156.7858,-85.93,-83.13,151.02,160.73,https://data.lroc.im-ldi.com/lroc/view_lroc/LRO-L-LROC-2-EDR-V1.0/M1120107242RE,https://ode.rsl.wustl.edu/moon/indexproductpage.aspx?product_id=nac.m1120107242re&product_idGeo=39559490,https://ode.rsl.wustl.edu/moon/productfiles.aspx?product_id=nac.m1120107242re&product_idGeo=39559490,https://pds.lroc.im-ldi.com/data/LRO-L-LROC-2-EDR-V1.0/LROLRC_0015/DATA/ESM/2013099/NAC/M1120107242RE.xml
nac.m1120114345le,2013-04-09T02:37:58.92400,2013-04-09T02:38:51.99800,-1.0,156.7842,-85.89,-83.09,151.03,160.23,https://data.lroc.im-ldi.com/lroc/view_lroc/LRO-L-LROC-2-EDR-V1.0/M1120114345LE,https://ode.rsl.wustl.edu/moon/indexproductpage.aspx?product_id=nac.m1120114345le&product_idGeo=39559741,https://ode.rsl.wustl.edu/moon/productfiles.aspx?product_id=nac.m1120114345le&product_idGeo=39559741,https://pds.lroc.im-ldi.com/data/LRO-L-LROC-2-EDR-V1.0/LROLRC_0015/DATA/ESM/2013099/NAC/M1120114345LE.xml
nac.m1120114345re,2013-04-09T02:37:58.92400,2013-04-09T02:38:51.99800,-1.0,155.8854,-85.87,-83.07,150.27,159.75,https://data.lroc.im-ldi.com/lroc/view_lroc/LRO-L-LROC-2-EDR-V1.0/M1120114345RE,https://ode.rsl.wustl.edu/moon/indexproductpage.aspx?product_id=nac.m1120114345re&product_idGeo=39559747,https://ode.rsl.wustl.edu/moon/productfiles.aspx?product_id=nac.m1120114345re&product_idGeo=39559747,https://pds.lroc.im-ldi.com/data/LRO-L-LROC-2-EDR-V1.0/LROLRC_0015/DATA/ESM/2013099/NAC/M1120114345RE.xml
nac.m1120121446le,2013-04-09T04:36:19.21300,2013-04-09T04:37:12.28800,-1.0,155.1377,-85.98,-83.17,149.49,158.99,https://data.lroc.im-ldi.com/lroc/view_lroc/LRO-L-LROC-2-EDR-V1.0/M1120121446LE,https://ode.rsl.wustl.edu/moon/indexproductpage.aspx?product_id=nac.m1120121446le&product_idGeo=39560016,https://ode.rsl.wustl.edu/moon/productfiles.aspx?product_id=nac.m1120121446le&product_idGeo=39560016,https://pds.lroc.im-ldi.com/data/LRO-L-LROC-2-EDR-V1.0/LROLRC_0015/DATA/ESM/2013099/NAC/M1120121446LE.xml
nac.m1120121446re,2013-04-09T04:36:19.21300,2013-04-09T04:37:12.28800,-1.0,154.5425,-85.96,-83.16,148.72,158.5,https://data.lroc.im-ldi.com/lroc/view_lroc/LRO-L-LROC-2-EDR-V1.0/M1120121446RE,https://ode.rsl.wustl.edu/moon/indexproductpage.aspx?product_id=nac.m1120121446re&product_idGeo=39560024,https://ode.rsl.wustl.edu/moon/productfiles.aspx?product_id=nac.m1120121446re&product_idGeo=39560024,https://pds.lroc.im-ldi.com/data/LRO-L-LROC-2-EDR-V1.0/LROLRC_0015/DATA/ESM/2013099/NAC/M1120121446RE.xml
nac.m1120128549le,2013-04-09T06:34:42.62300,2013-04-09T06:35:35.69800,-1.0,154.2954,-85.9,-83.09,148.84,158.04,https://data.lroc.im-ldi.com/lroc/view_lroc/LRO-L-LROC-2-EDR-V1.0/M1120128549LE,https://ode.rsl.wustl.edu/moon/indexproductpage.aspx?product_id=nac.m1120128549le&product_idGeo=39560254,https://ode.rsl.wustl.edu/moon/productfiles.aspx?product_id=nac.m1120128549le&product_idGeo=39560254,https://pds.lroc.im-ldi.com/data/LRO-L-LROC-2-EDR-V1.0/LROLRC_0015/DATA/ESM/2013099/NAC/M1120128549LE.xml
nac.m1128573712le,2013-07-16T00:27:25.95100,2013-07-16T00:28:19.02500,-1.0,156.7663,-85.97,-83.22,152.77,163.42,https://data.lroc.im-ldi.com/lroc/view_lroc/LRO-L-LROC-2-EDR-V1.0/M1128573712LE,https://ode.rsl.wustl.edu/moon/indexproductpage.aspx?product_id=nac.m1128573712le&product_idGeo=39580577,https://ode.rsl.wustl.edu/moon/productfiles.aspx?product_id=nac.m1128573712le&product_idGeo=39580577,https://pds.lroc.im-ldi.com/data/LRO-L-LROC-2-EDR-V1.0/LROLRC_0016/DATA/ESM/2013197/NAC/M1128573712LE.xml
nac.m1128573712re,2013-07-16T00:27:25.95100,2013-07-16T00:28:19.02500,-1.0,157.5451,-85.94,-83.2,153.41,164.4,https://data.lroc.im-ldi.com/lroc/view_lroc/LRO-L-LROC-2-EDR-V1.0/M1128573712RE,https://ode.rsl.wustl.edu/moon/indexproductpage.aspx?product_id=nac.m1128573712re&product_idGeo=39580580,https://ode.rsl.wustl.edu/moon/productfiles.aspx?product_id=nac.m1128573712re&product_idGeo=39580580,https://pds.lroc.im-ldi.com/data/LRO-L-LROC-2-EDR-V1.0/LROLRC_0016/DATA/ESM/2013197/NAC/M1128573712RE.xml
nac.m1128580811le,2013-07-16T02:25:45.03500,2013-07-16T02:26:38.10900,-1.0,153.7133,-85.39,-82.62,150.71,159.44,https://data.lroc.im-ldi.com/lroc/view_lroc/LRO-L-LROC-2-EDR-V1.0/M1128580811LE,https://ode.rsl.wustl.edu/moon/indexproductpage.aspx?product_id=nac.m1128580811le&product_idGeo=39580687,https://ode.rsl.wustl.edu/moon/productfiles.aspx?product_id=nac.m1128580811le&product_idGeo=39580687,https://pds.lroc.im-ldi.com/data/LRO-L-LROC-2-EDR-V1.0/LROLRC_0016/DATA/ESM/2013197/NAC/M1128580811LE.xml
nac.m1128580811re,2013-07-16T02:25:45.03500,2013-07-16T02:26:38.10900,-1.0,154.7984,-85.36,-82.6,151.3,160.31,https://data.lroc.im-ldi.com/lroc/view_lroc/LRO-L-LROC-2-EDR-V1.0/M1128580811RE,https://ode.rsl.wustl.edu/moon/indexproductpage.aspx?product_id=nac.m1128580811re&product_idGeo=39580688,https://ode.rsl.wustl.edu/moon/productfiles.aspx?product_id=nac.m1128580811re&product_idGeo=39580688,https://pds.lroc.im-ldi.com/data/LRO-L-LROC-2-EDR-V1.0/LROLRC_0016/DATA/ESM/2013197/NAC/M1128580811RE.xml
nac.m1128595045le,2013-07-16T06:22:58.33700,2013-07-16T06:23:51.41200,-1.0,154.3638,-85.97,-83.24,150.18,161.31,https://data.lroc.im-ldi.com/lroc/view_lroc/LRO-L-LROC-2-EDR-V1.0/M1128595045LE,https://ode.rsl.wustl.edu/moon/indexproductpage.aspx?product_id=nac.m1128595045le&product_idGeo=39580959,https://ode.rsl.wustl.edu/moon/productfiles.aspx?product_id=nac.m1128595045le&product_idGeo=39580959,https://pds.lroc.im-ldi.com/data/LRO-L-LROC-2-EDR-V1.0/LROLRC_0016/DATA/ESM/2013197/NAC/M1128595045LE.xml
nac.m1128595045re,2013-07-16T06:22:58.33700,2013-07-16T06:23:51.41200,-1.0,155.1277,-85.94,-83.21,150.81,162.25,https://data.lroc.im-ldi.com/lroc/view_lroc/LRO-L-LROC-2-EDR-V1.0/M1128595045RE,https://ode.rsl.wustl.edu/moon/indexproductpage.aspx?product_id=nac.m1128595045re&product_idGeo=39580963,https://ode.rsl.wustl.edu/moon/productfiles.aspx?product_id=nac.m1128595045re&product_idGeo=39580963,https://pds.lroc.im-ldi.com/data/LRO-L-LROC-2-EDR-V1.0/LROLRC_0016/DATA/ESM/2013197/NAC/M1128595045RE.xml
nac.m1128609253le,2013-07-16T10:19:46.34700,2013-07-16T10:20:39.42200,-1.0,150.5711,-85.27,-82.51,147.09,156.03,https://data.lroc.im-ldi.com/lroc/view_lroc/LRO-L-LROC-2-EDR-V1.0/M1128609253LE,https://ode.rsl.wustl.edu/moon/indexproductpage.aspx?product_id=nac.m1128609253le&product_idGeo=39581174,https://ode.rsl.wustl.edu/moon/productfiles.aspx?product_id=nac.m1128609253le&product_idGeo=39581174,https://pds.lroc.im-ldi.com/data/LRO-L-LROC-2-EDR-V1.0/LROLRC_0016/DATA/ESM/2013197/NAC/M1128609253LE.xml
nac.m1128609253re,2013-07-16T10:19:46.34700,2013-07-16T10:20:39.42200,-1.0,151.2362,-85.24,-82.49,147.65,156.85,https://data.lroc.im-ldi.com/lroc/view_lroc/LRO-L-LROC-2-EDR-V1.0/M1128609253RE,https://ode.rsl.wustl.edu/moon/indexproductpage.aspx?product_id=nac.m1128609253re&product_idGeo=39581179,https://ode.rsl.wustl.edu/moon/productfiles.aspx?product_id=nac.m1128609253re&product_idGeo=39581179,https://pds.lroc.im-ldi.com/data/LRO-L-LROC-2-EDR-V1.0/LROLRC_0016/DATA/ESM/2013197/NAC/M1128609253RE.xml
nac.m1128616402le,2013-07-16T12:18:55.07500,2013-07-16T12:19:48.15000,-1.0,157.5543,-87.06,-84.46,151.26,170.6,https://data.lroc.im-ldi.com/lroc/view_lroc/LRO-L-LROC-2-EDR-V1.0/M1128616402LE,https://ode.rsl.wustl.edu/moon/indexproductpage.aspx?product_id=nac.m1128616402le&product_idGeo=39581281,https://ode.rsl.wustl.edu/moon/productfiles.aspx?product_id=nac.m1128616402le&product_idGeo=39581281,https://pds.lroc.im-ldi.com/data/LRO-L-LROC-2-EDR-V1.0/LROLRC_0016/DATA/ESM/2013197/NAC/M1128616402LE.xml
nac.m1128616402re,2013-07-16T12:18:55.07500,2013-07-16T12:19:48.15000,-1.0,159.3844,-87.01,-84.43,151.98,171.67,https://data.lroc.im-ldi.com/lroc/view_lroc/LRO-L-LROC-2-EDR-V1.0/M1128616402RE,https://ode.rsl.wustl.edu/moon/indexproductpage.aspx?product_id=nac.m1128616402re&product_idGeo=39581285,https://ode.rsl.wustl.edu/moon/productfiles.aspx?product_id=nac.m1128616402re&product_idGeo=39581285,https://pds.lroc.im-ldi.com/data/LRO-L-LROC-2-EDR-V1.0/LROLRC_0016/DATA/ESM/2013197/NAC/M1128616402RE.xml
nac.m1128630620le,2013-07-16T16:15:53.26700,2013-07-16T16:16:46.34200,-1.0,155.8808,-86.84,-84.22,149.04,166.99,https://data.lroc.im-ldi.com/lroc/view_lroc/LRO-L-LROC-2-EDR-V1.0/M1128630620LE,https://ode.rsl.wustl.edu/moon/indexproductpage.aspx?product_id=nac.m1128630620le&product_idGeo=39581500,https://ode.rsl.wustl.edu/moon/productfiles.aspx?product_id=nac.m1128630620le&product_idGeo=39581500,https://pds.lroc.im-ldi.com/data/LRO-L-LROC-2-EDR-V1.0/LROLRC_0016/DATA/ESM/2013197/NAC/M1128630620LE.xml
nac.m1128630620re,2013-07-16T16:15:53.26700,2013-07-16T16:16:46.34200,-1.0,155.8402,-86.8,-84.2,149.72,167.99,https://data.lroc.im-ldi.com/lroc/view_lroc/LRO-L-LROC-2-EDR-V1.0/M1128630620RE,https://ode.rsl.wustl.edu/moon/indexproductpage.aspx?product_id=nac.m1128630620re&product_idGeo=39581505,https://ode.rsl.wustl.edu/moon/productfiles.aspx?product_id=nac.m1128630620re&product_idGeo=39581505,https://pds.lroc.im-ldi.com/data/LRO-L-LROC-2-EDR-V1.0/LROLRC_0016/DATA/ESM/2013197/NAC/M1128630620RE.xml
nac.m1128644843le,2013-07-16T20:12:56.92500,2013-07-16T20:13:49.99900,-1.0,153.9152,-86.84,-84.25,147.68,166.33,https://data.lroc.im-ldi.com/lroc/view_lroc/LRO-L-LROC-2-EDR-V1.0/M1128644843LE,https://ode.rsl.wustl.edu/moon/indexproductpage.aspx?product_id=nac.m1128644843le&product_idGeo=39581759,https://ode.rsl.wustl.edu/moon/productfiles.aspx?product_id=nac.m1128644843le&product_idGeo=39581759,https://pds.lroc.im-ldi.com/data/LRO-L-LROC-2-EDR-V1.0/LROLRC_0016/DATA/ESM/2013197/NAC/M1128644843LE.xml
nac.m1128644843re,2013-07-16T20:12:56.92500,2013-07-16T20:13:49.99900,-1.0,155.1681,-86.79,-84.22,148.35,167.3,https://data.lroc.im-ldi.com/lroc/view_lroc/LRO-L-LROC-2-EDR-V1.0/M1128644843RE,https://ode.rsl.wustl.edu/moon/indexproductpage.aspx?product_id=nac.m1128644843re&product_idGeo=39581763,https://ode.rsl.wustl.edu/moon/productfiles.aspx?product_id=nac.m1128644843re&product_idGeo=39581763,https://pds.lroc.im-ldi.com/data/LRO-L-LROC-2-EDR-V1.0/LROLRC_0016/DATA/ESM/2013197/NAC/M1128644843RE.xml
nac.m1128659070re,2013-07-17T00:10:03.94100,2013-07-17T00:10:57.01600,-1.0,155.0123,-86.91,-84.39,147.52,168.42,https://data.lroc.im-ldi.com/lroc/view_lroc/LRO-L-LROC-2-EDR-V1.0/M1128659070RE,https://ode.rsl.wustl.edu/moon/indexproductpage.aspx?product_id=nac.m1128659070re&product_idGeo=39583417,https://ode.rsl.wustl.edu/moon/productfiles.aspx?product_id=nac.m1128659070re&product_idGeo=39583417,https://pds.lroc.im-ldi.com/data/LRO-L-LROC-2-EDR-V1.0/LROLRC_0016/DATA/ESM/2013198/NAC/M1128659070RE.xml
nac.m1113046833le,2013-01-17T07:26:06.25100,2013-01-17T07:26:59.32600,-1.0,155.9375,-86.18,-83.39,149.54,159.66,https://data.lroc.im-ldi.com/lroc/view_lroc/LRO-L-LROC-2-EDR-V1.0/M1113046833LE,https://ode.rsl.wustl.edu/moon/indexproductpage.aspx?product_id=nac.m1113046833le&product_idGeo=39595139,https://ode.rsl.wustl.edu/moon/productfiles.aspx?product_id=nac.m1113046833le&product_idGeo=39595139,https://pds.lroc.im-ldi.com/data/LRO-L-LROC-2-EDR-V1.0/LROLRC_0014/DATA/ESM/2013017/NAC/M1113046833LE.xml
nac.m1113046833re,2013-01-17T07:26:06.25100,2013-01-17T07:26:59.32600,-1.0,156.5835,-86.2,-83.4,150.38,160.18,https://data.lroc.im-ldi.com/lroc/view_lroc/LRO-L-LROC-2-EDR-V1.0/M1113046833RE,https://ode.rsl.wustl.edu/moon/indexproductpage.aspx?product_id=nac.m1113046833re&product_idGeo=39595143,https://ode.rsl.wustl.edu/moon/productfiles.aspx?product_id=nac.m1113046833re&product_idGeo=39595143,https://pds.lroc.im-ldi.com/data/LRO-L-LROC-2-EDR-V1.0/LROLRC_0014/DATA/ESM/2013017/NAC/M1113046833RE.xml
nac.m1113053955le,2013-01-17T09:24:48.64000,2013-01-17T09:25:41.71500,-1.0,157.9564,-85.12,-82.28,153.49,160.35,https://data.lroc.im-ldi.com/lroc/view_lroc/LRO-L-LROC-2-EDR-V1.0/M1113053955LE,https://ode.rsl.wustl.edu/moon/indexproductpage.aspx?product_id=nac.m1113053955le&product_idGeo=39595332,https://ode.rsl.wustl.edu/moon/productfiles.aspx?product_id=nac.m1113053955le&product_idGeo=39595332,https://pds.lroc.im-ldi.com/data/LRO-L-LROC-2-EDR-V1.0/LROLRC_0014/DATA/ESM/2013017/NAC/M1113053955LE.xml
nac.m1113053955re,2013-01-17T09:24:48.64000,2013-01-17T09:25:41.71500,-1.0,158.4928,-85.13,-82.29,154.16,160.8,https://data.lroc.im-ldi.com/lroc/view_lroc/LRO-L-LROC-2-EDR-V1.0/M1113053955RE,https://ode.rsl.wustl.edu/moon/indexproductpage.aspx?product_id=nac.m1113053955re&product_idGeo=39595335,https://ode.rsl.wustl.edu/moon/productfiles.aspx?product_id=nac.m1113053955re&product_idGeo=39595335,https://pds.lroc.im-ldi.com/data/LRO-L-LROC-2-EDR-V1.0/LROLRC_0014/DATA/ESM/2013017/NAC/M1113053955RE.xml
nac.m1113061057re,2013-01-17T11:23:10.84500,2013-01-17T11:24:03.91900,-1.0,157.1897,-85.1,-82.26,153.18,159.74,https://data.lroc.im-ldi.com/lroc/view_lroc/LRO-L-LROC-2-EDR-V1.0/M1113061057RE,https://ode.rsl.wustl.edu/moon/indexproductpage.aspx?product_id=nac.m1113061057re&product_idGeo=39595494,https://ode.rsl.wustl.edu/moon/productfiles.aspx?product_id=nac.m1113061057re&product_idGeo=39595494,https://pds.lroc.im-ldi.com/data/LRO-L-LROC-2-EDR-V1.0/LROLRC_0014/DATA/ESM/2013017/NAC/M1113061057RE.xml
nac.m1121278753re,2013-04-22T14:04:46.47000,2013-04-22T14:05:05.20200,-1.0,153.605,-88.16,-83.5,151.93,155.27,https://data.lroc.im-ldi.com/lroc/view_lroc/LRO-L-LROC-2-EDR-V1.0/M1121278753RE,https://ode.rsl.wustl.edu/moon/indexproductpage.aspx?product_id=nac.m1121278753re&product_idGeo=39610513,https://ode.rsl.wustl.edu/moon/productfiles.aspx?product_id=nac.m1121278753re&product_idGeo=39610513,https://pds.lroc.im-ldi.com/data/LRO-L-LROC-2-EDR-V1.0/LROLRC_0015/DATA/ESM/2013112/NAC/M1121278753RE.xml
nac.m1107340737le,2012-11-12T06:24:30.67400,2012-11-12T06:25:23.74800,-1.0,160.2781,-86.88,-84.13,156.16,169.32,https://data.lroc.im-ldi.com/lroc/view_lroc/LRO-L-LROC-2-EDR-V1.0/M1107340737LE,https://ode.rsl.wustl.edu/moon/indexproductpage.aspx?product_id=nac.m1107340737le&product_idGeo=39619775,https://ode.rsl.wustl.edu/moon/productfiles.aspx?product_id=nac.m1107340737le&product_idGeo=39619775,https://pds.lroc.im-ldi.com/data/LRO-L-LROC-2-EDR-V1.0/LROLRC_0013/DATA/ESM/2012317/NAC/M1107340737LE.xml
nac.m1107340737re,2012-11-12T06:24:30.67400,2012-11-12T06:25:23.74800,-1.0,160.3185,-86.91,-84.14,155.43,168.08,https://data.lroc.im-ldi.com/lroc/view_lroc/LRO-L-LROC-2-EDR-V1.0/M1107340737RE,https://ode.rsl.wustl.edu/moon/indexproductpage.aspx?product_id=nac.m1107340737re&product_idGeo=39619778,https://ode.rsl.wustl.edu/moon/productfiles.aspx?product_id=nac.m1107340737re&product_idGeo=39619778,https://pds.lroc.im-ldi.com/data/LRO-L-LROC-2-EDR-V1.0/LROLRC_0013/DATA/ESM/2012317/NAC/M1107340737RE.xml
nac.m1107347849le,2012-11-12T08:23:02.73800,2012-11-12T08:23:55.81200,-1.0,155.2373,-85.21,-82.39,152.19,159.12,https://data.lroc.im-ldi.com/lroc/view_lroc/LRO-L-LROC-2-EDR-V1.0/M1107347849LE,https://ode.rsl.wustl.edu/moon/indexproductpage.aspx?product_id=nac.m1107347849le&product_idGeo=39619917,https://ode.rsl.wustl.edu/moon/productfiles.aspx?product_id=nac.m1107347849le&product_idGeo=39619917,https://pds.lroc.im-ldi.com/data/LRO-L-LROC-2-EDR-V1.0/LROLRC_0013/DATA/ESM/2012317/NAC/M1107347849LE.xml
nac.m1107347849re,2012-11-12T08:23:02.73800,2012-11-12T08:23:55.81200,-1.0,154.1954,-85.23,-82.41,151.63,158.25,https://data.lroc.im-ldi.com/lroc/view_lroc/LRO-L-LROC-2-EDR-V1.0/M1107347849RE,https://ode.rsl.wustl.edu/moon/indexproductpage.aspx?product_id=nac.m1107347849re&product_idGeo=39619919,https://ode.rsl.wustl.edu/moon/productfiles.aspx?product_id=nac.m1107347849re&product_idGeo=39619919,https://pds.lroc.im-ldi.com/data/LRO-L-LROC-2-EDR-V1.0/LROLRC_0013/DATA/ESM/2012317/NAC/M1107347849RE.xml
nac.m1107362154le,2012-11-12T12:21:27.79000,2012-11-12T12:22:20.86400,-1.0,155.4413,-86.0,-83.21,151.54,160.93,https://data.lroc.im-ldi.com/lroc/view_lroc/LRO-L-LROC-2-EDR-V1.0/M1107362154LE,https://ode.rsl.wustl.edu/moon/indexproductpage.aspx?product_id=nac.m1107362154le&product_idGeo=39620206,https://ode.rsl.wustl.edu/moon/productfiles.aspx?product_id=nac.m1107362154le&product_idGeo=39620206,https://pds.lroc.im-ldi.com/data/LRO-L-LROC-2-EDR-V1.0/LROLRC_0013/DATA/ESM/2012317/NAC/M1107362154LE.xml
nac.m1107362154re,2012-11-12T12:21:27.79000,2012-11-12T12:22:20.86400,-1.0,154.2698,-86.03,-83.23,150.92,159.93,https://data.lroc.im-ldi.com/lroc/view_lroc/LRO-L-LROC-2-EDR-V1.0/M1107362154RE,https://ode.rsl.wustl.edu/moon/indexproductpage.aspx?product_id=nac.m1107362154re&product_idGeo=39620209,https://ode.rsl.wustl.edu/moon/productfiles.aspx?product_id=nac.m1107362154re&product_idGeo=39620209,https://pds.lroc.im-ldi.com/data/LRO-L-LROC-2-EDR-V1.0/LROLRC_0013/DATA/ESM/2012317/NAC/M1107362154RE.xml
nac.m1107376466le,2012-11-12T16:19:59.18900,2012-11-12T16:20:52.26300,-1.0,157.6021,-87.07,-84.36,152.24,167.81,https://data.lroc.im-ldi.com/lroc/view_lroc/LRO-L-LROC-2-EDR-V1.0/M1107376466LE,https://ode.rsl.wustl.edu/moon/indexproductpage.aspx?product_id=nac.m1107376466le&product_idGeo=39620554,https://ode.rsl.wustl.edu/moon/productfiles.aspx?product_id=nac.m1107376466le&product_idGeo=39620554,https://pds.lroc.im-ldi.com/data/LRO-L-LROC-2-EDR-V1.0/LROLRC_0013/DATA/ESM/2012317/NAC/M1107376466LE.xml
nac.m1107376466re,2012-11-12T16:19:59.18900,2012-11-12T16:20:52.26300,-1.0,156.6701,-87.11,-84.38,151.5,166.57,https://data.lroc.im-ldi.com/lroc/view_lroc/LRO-L-LROC-2-EDR-V1.0/M1107376466RE,https://ode.rsl.wustl.edu/moon/indexproductpage.aspx?product_id=nac.m1107376466re&product_idGeo=39620559,https://ode.rsl.wustl.edu/moon/productfiles.aspx?product_id=nac.m1107376466re&product_idGeo=39620559,https://pds.lroc.im-ldi.com/data/LRO-L-LROC-2-EDR-V1.0/LROLRC_0013/DATA/ESM/2012317/NAC/M1107376466RE.xml
nac.m1107390747le,2012-11-12T20:18:00.64200,2012-11-12T20:18:53.71700,-1.0,154.6649,-86.66,-83.92,149.51,162.71,https://data.lroc.im-ldi.com/lroc/view_lroc/LRO-L-LROC-2-EDR-V1.0/M1107390747LE,https://ode.rsl.wustl.edu/moon/indexproductpage.aspx?product_id=nac.m1107390747le&product_idGeo=39620913,https://ode.rsl.wustl.edu/moon/productfiles.aspx?product_id=nac.m1107390747le&product_idGeo=39620913,https://pds.lroc.im-ldi.com/data/LRO-L-LROC-2-EDR-V1.0/LROLRC_0013/DATA/ESM/2012317/NAC/M1107390747LE.xml
nac.m1107390747re,2012-11-12T20:18:00.64200,2012-11-12T20:18:53.71700,-1.0,153.8264,-86.69,-83.94,148.84,161.61,https://data.lroc.im-ldi.com/lroc/view_lroc/LRO-L-LROC-2-EDR-V1.0/M1107390747RE,https://ode.rsl.wustl.edu/moon/indexproductpage.aspx?product_id=nac.m1107390747re&product_idGeo=39620916,https://ode.rsl.wustl.edu/moon/productfiles.aspx?product_id=nac.m1107390747re&product_idGeo=39620916,https://pds.lroc.im-ldi.com/data/LRO-L-LROC-2-EDR-V1.0/LROLRC_0013/DATA/ESM/2012317/NAC/M1107390747RE.xml
nac.m1107405039le,2012-11-13T00:16:12.07300,2012-11-13T00:17:04.10700,-1.0,153.0431,-86.66,-83.99,148.13,161.75,https://data.lroc.im-ldi.com/lroc/view_lroc/LRO-L-LROC-2-EDR-V1.0/M1107405039LE,https://ode.rsl.wustl.edu/moon/indexproductpage.aspx?product_id=nac.m1107405039le&product_idGeo=39622724,https://ode.rsl.wustl.edu/moon/productfiles.aspx?product_id=nac.m1107405039le&product_idGeo=39622724,https://pds.lroc.im-ldi.com/data/LRO-L-LROC-2-EDR-V1.0/LROLRC_0013/DATA/ESM/2012318/NAC/M1107405039LE.xml
nac.m1107405039re,2012-11-13T00:16:12.07300,2012-11-13T00:17:04.10700,-1.0,152.6391,-86.69,-84.01,147.47,160.68,https://data.lroc.im-ldi.com/lroc/view_lroc/LRO-L-LROC-2-EDR-V1.0/M1107405039RE,https://ode.rsl.wustl.edu/moon/indexproductpage.aspx?product_id=nac.m1107405039re&product_idGeo=39622728,https://ode.rsl.wustl.edu/moon/productfiles.aspx?product_id=nac.m1107405039re&product_idGeo=39622728,https://pds.lroc.im-ldi.com/data/LRO-L-LROC-2-EDR-V1.0/LROLRC_0013/DATA/ESM/2012318/NAC/M1107405039RE.xml
nac.m1122458190re,2013-05-06T05:42:03.98300,2013-05-06T05:42:57.05800,-1.0,156.2895,-86.15,-83.38,149.72,160.67,https://data.lroc.im-ldi.com/lroc/view_lroc/LRO-L-LROC-2-EDR-V1.0/M1122458190RE,https://ode.rsl.wustl.edu/moon/indexproductpage.aspx?product_id=nac.m1122458190re&product_idGeo=39645222,https://ode.rsl.wustl.edu/moon/productfiles.aspx?product_id=nac.m1122458190re&product_idGeo=39645222,https://pds.lroc.im-ldi.com/data/LRO-L-LROC-2-EDR-V1.0/LROLRC_0015/DATA/ESM/2013126/NAC/M1122458190RE.xml
nac.m1122465309le,2013-05-06T07:40:42.41600,2013-05-06T07:41:35.49000,-1.0,157.1265,-85.78,-82.98,151.76,160.88,https://data.lroc.im-ldi.com/lroc/view_lroc/LRO-L-LROC-2-EDR-V1.0/M1122465309LE,https://ode.rsl.wustl.edu/moon/indexproductpage.aspx?product_id=nac.m1122465309le&product_idGeo=39645378,https://ode.rsl.wustl.edu/moon/productfiles.aspx?product_id=nac.m1122465309le&product_idGeo=39645378,https://pds.lroc.im-ldi.com/data/LRO-L-LROC-2-EDR-V1.0/LROLRC_0015/DATA/ESM/2013126/NAC/M1122465309LE.xml
nac.m1122465309re,2013-05-06T07:40:42.41600,2013-05-06T07:41:35.49000,-1.0,156.8327,-85.76,-82.97,150.99,160.38,https://data.lroc.im-ldi.com/lroc/view_lroc/LRO-L-LROC-2-EDR-V1.0/M1122465309RE,https://ode.rsl.wustl.edu/moon/indexproductpage.aspx?product_id=nac.m1122465309re&product_idGeo=39645381,https://ode.rsl.wustl.edu/moon/productfiles.aspx?product_id=nac.m1122465309re&product_idGeo=39645381,https://pds.lroc.im-ldi.com/data/LRO-L-LROC-2-EDR-V1.0/LROLRC_0015/DATA/ESM/2013126/NAC/M1122465309RE.xml
nac.m1122472414le,2013-05-06T09:39:08.06500,2013-05-06T09:40:01.14000,-1.0,155.5762,-86.04,-83.24,149.28,159.3,https://data.lroc.im-ldi.com/lroc/view_lroc/LRO-L-LROC-2-EDR-V1.0/M1122472414LE,https://ode.rsl.wustl.edu/moon/indexproductpage.aspx?product_id=nac.m1122472414le&product_idGeo=39645594,https://ode.rsl.wustl.edu/moon/productfiles.aspx?product_id=nac.m1122472414le&product_idGeo=39645594,https://pds.lroc.im-ldi.com/data/LRO-L-LROC-2-EDR-V1.0/LROLRC_0015/DATA/ESM/2013126/NAC/M1122472414LE.xml
nac.m1122472414re,2013-05-06T09:39:08.06500,2013-05-06T09:40:01.14000,-1.0,154.948,-86.02,-83.23,148.48,158.79,https://data.lroc.im-ldi.com/lroc/view_lroc/LRO-L-LROC-2-EDR-V1.0/M1122472414RE,https://ode.rsl.wustl.edu/moon/indexproductpage.aspx?product_id=nac.m1122472414re&product_idGeo=39645599,https://ode.rsl.wustl.edu/moon/productfiles.aspx?product_id=nac.m1122472414re&product_idGeo=39645599,https://pds.lroc.im-ldi.com/data/LRO-L-LROC-2-EDR-V1.0/LROLRC_0015/DATA/ESM/2013126/NAC/M1122472414RE.xml
nac.m1122479522le,2013-05-06T11:37:35.85200,2013-05-06T11:38:28.92700,-1.0,154.3662,-86.18,-83.39,147.36,157.93,https://data.lroc.im-ldi.com/lroc/view_lroc/LRO-L-LROC-2-EDR-V1.0/M1122479522LE,https://ode.rsl.wustl.edu/moon/indexproductpage.aspx?product_id=nac.m1122479522le&product_idGeo=39645826,https://ode.rsl.wustl.edu/moon/productfiles.aspx?product_id=nac.m1122479522le&product_idGeo=39645826,https://pds.lroc.im-ldi.com/data/LRO-L-LROC-2-EDR-V1.0/LROLRC_0015/DATA/ESM/2013126/NAC/M1122479522LE.xml
nac.m1108334292le,2012-11-23T18:23:45.55100,2012-11-23T18:24:38.62500,-1.0,156.6047,-86.27,-83.46,149.88,159.95,https://data.lroc.im-ldi.com/lroc/view_lroc/LRO-L-LROC-2-EDR-V1.0/M1108334292LE,https://ode.rsl.wustl.edu/moon/indexproductpage.aspx?product_id=nac.m1108334292le&product_idGeo=39659392,https://ode.rsl.wustl.edu/moon/productfiles.aspx?product_id=nac.m1108334292le&product_idGeo=39659392,https://pds.lroc.im-ldi.com/data/LRO-L-LROC-2-EDR-V1.0/LROLRC_0013/DATA/ESM/2012328/NAC/M1108334292LE.xml
nac.m1108341439le,2012-11-23T20:22:52.36400,2012-11-23T20:23:45.43900,-1.0,155.286,-86.24,-83.43,148.98,158.92,https://data.lroc.im-ldi.com/lroc/view_lroc/LRO-L-LROC-2-EDR-V1.0/M1108341439LE,https://ode.rsl.wustl.edu/moon/indexproductpage.aspx?product_id=nac.m1108341439le&product_idGeo=39659588,https://ode.rsl.wustl.edu/moon/productfiles.aspx?product_id=nac.m1108341439le&product_idGeo=39659588,https://pds.lroc.im-ldi.com/data/LRO-L-LROC-2-EDR-V1.0/LROLRC_0013/DATA/ESM/2012328/NAC/M1108341439LE.xml
nac.m1108341439re,2012-11-23T20:22:52.36400,2012-11-23T20:23:45.43900,-1.0,155.9249,-86.26,-83.44,149.82,159.43,https://data.lroc.im-ldi.com/lroc/view_lroc/LRO-L-LROC-2-EDR-V1.0/M1108341439RE,https://ode.rsl.wustl.edu/moon/indexproductpage.aspx?product_id=nac.m1108341439re&product_idGeo=39659593,https://ode.rsl.wustl.edu/moon/productfiles.aspx?product_id=nac.m1108341439re&product_idGeo=39659593,https://pds.lroc.im-ldi.com/data/LRO-L-LROC-2-EDR-V1.0/LROLRC_0013/DATA/ESM/2012328/NAC/M1108341439RE.xml
nac.m1130927607le,2013-08-12T06:19:00.31800,2013-08-12T06:19:53.39200,-1.0,157.3862,-85.95,-83.21,153.34,164.1,https://data.lroc.im-ldi.com/lroc/view_lroc/LRO-L-LROC-2-EDR-V1.0/M1130927607LE,https://ode.rsl.wustl.edu/moon/indexproductpage.aspx?product_id=nac.m1130927607le&product_idGeo=39659658,https://ode.rsl.wustl.edu/moon/productfiles.aspx?product_id=nac.m1130927607le&product_idGeo=39659658,https://pds.lroc.im-ldi.com/data/LRO-L-LROC-2-EDR-V1.0/LROLRC_0016/DATA/ESM/2013224/NAC/M1130927607LE.xml
nac.m1130941829le,2013-08-12T10:16:02.57000,2013-08-12T10:16:55.64400,-1.0,155.8537,-85.98,-83.25,151.65,162.84,https://data.lroc.im-ldi.com/lroc/view_lroc/LRO-L-LROC-2-EDR-V1.0/M1130941829LE,https://ode.rsl.wustl.edu/moon/indexproductpage.aspx?product_id=nac.m1130941829le&product_idGeo=39659974,https://ode.rsl.wustl.edu/moon/productfiles.aspx?product_id=nac.m1130941829le&product_idGeo=39659974,https://pds.lroc.im-ldi.com/data/LRO-L-LROC-2-EDR-V1.0/LROLRC_0016/DATA/ESM/2013224/NAC/M1130941829LE.xml
nac.m1130941829re,2013-08-12T10:16:02.57000,2013-08-12T10:16:55.64400,-1.0,156.2215,-85.95,-83.23,152.28,163.79,https://data.lroc.im-ldi.com/lroc/view_lroc/LRO-L-LROC-2-EDR-V1.0/M1130941829RE,https://ode.rsl.wustl.edu/moon/indexproductpage.aspx?product_id=nac.m1130941829re&product_idGeo=39659979,https://ode.rsl.wustl.edu/moon/productfiles.aspx?product_id=nac.m1130941829re&product_idGeo=39659979,https://pds.lroc.im-ldi.com/data/LRO-L-LROC-2-EDR-V1.0/LROLRC_0016/DATA/ESM/2013224/NAC/M1130941829RE.xml
nac.m1130948966le,2013-08-12T12:14:59.17800,2013-08-12T12:15:14.78800,-1.0,156.4779,-85.4,-84.58,154.53,158.74,https://data.lroc.im-ldi.com/lroc/view_lroc/LRO-L-LROC-2-EDR-V1.0/M1130948966LE,https://ode.rsl.wustl.edu/moon/indexproductpage.aspx?product_id=nac.m1130948966le&product_idGeo=39660111,https://ode.rsl.wustl.edu/moon/productfiles.aspx?product_id=nac.m1130948966le&product_idGeo=39660111,https://pds.lroc.im-ldi.com/data/LRO-L-LROC-2-EDR-V1.0/LROLRC_0016/DATA/ESM/2013224/NAC/M1130948966LE.xml
nac.m1130948966re,2013-08-12T12:14:59.17800,2013-08-12T12:15:14.78800,-1.0,157.2837,-85.37,-84.55,155.29,159.59,https://data.lroc.im-ldi.com/lroc/view_lroc/LRO-L-LROC-2-EDR-V1.0/M1130948966RE,https://ode.rsl.wustl.edu/moon/indexproductpage.aspx?product_id=nac.m1130948966re&product_idGeo=39660116,https://ode.rsl.wustl.edu/moon/productfiles.aspx?product_id=nac.m1130948966re&product_idGeo=39660116,https://pds.lroc.im-ldi.com/data/LRO-L-LROC-2-EDR-V1.0/LROLRC_0016/DATA/ESM/2013224/NAC/M1130948966RE.xml
nac.m1130956077le,2013-08-12T14:13:30.43200,2013-08-12T14:14:23.50600,-1.0,160.3658,-87.19,-84.6,153.84,174.16,https://data.lroc.im-ldi.com/lroc/view_lroc/LRO-L-LROC-2-EDR-V1.0/M1130956077LE,https://ode.rsl.wustl.edu/moon/indexproductpage.aspx?product_id=nac.m1130956077le&product_idGeo=39660266,https://ode.rsl.wustl.edu/moon/productfiles.aspx?product_id=nac.m1130956077le&product_idGeo=39660266,https://pds.lroc.im-ldi.com/data/LRO-L-LROC-2-EDR-V1.0/LROLRC_0016/DATA/ESM/2013224/NAC/M1130956077LE.xml
nac.m1130956077re,2013-08-12T14:13:30.43200,2013-08-12T14:14:23.50600,-1.0,161.8159,-87.14,-84.57,154.6,175.28,https://data.lroc.im-ldi.com/lroc/view_lroc/LRO-L-LROC-2-EDR-V1.0/M1130956077RE,https://ode.rsl.wustl.edu/moon/indexproductpage.aspx?product_id=nac.m1130956077re&product_idGeo=39660270,https://ode.rsl.wustl.edu/moon/productfiles.aspx?product_id=nac.m1130956077re&product_idGeo=39660270,https://pds.lroc.im-ldi.com/data/LRO-L-LROC-2-EDR-V1.0/LROLRC_0016/DATA/ESM/2013224/NAC/M1130956077RE.xml
nac.m1130963189le,2013-08-12T16:12:02.40200,2013-08-12T16:12:18.01200,-1.0,155.3361,-85.46,-84.65,153.3,157.71,https://data.lroc.im-ldi.com/lroc/view_lroc/LRO-L-LROC-2-EDR-V1.0/M1130963189LE,https://ode.rsl.wustl.edu/moon/indexproductpage.aspx?product_id=nac.m1130963189le&product_idGeo=39660390,https://ode.rsl.wustl.edu/moon/productfiles.aspx?product_id=nac.m1130963189le&product_idGeo=39660390,https://pds.lroc.im-ldi.com/data/LRO-L-LROC-2-EDR-V1.0/LROLRC_0016/DATA/ESM/2013224/NAC/M1130963189LE.xml
nac.m1130963189re,2013-08-12T16:12:02.40200,2013-08-12T16:12:18.01200,-1.0,156.1347,-85.43,-84.62,154.05,158.55,https://data.lroc.im-ldi.com/lroc/view_lroc/LRO-L-LROC-2-EDR-V1.0/M1130963189RE,https://ode.rsl.wustl.edu/moon/indexproductpage.aspx?product_id=nac.m1130963189re&product_idGeo=39660395,https://ode.rsl.wustl.edu/moon/productfiles.aspx?product_id=nac.m1130963189re&product_idGeo=39660395,https://pds.lroc.im-ldi.com/data/LRO-L-LROC-2-EDR-V1.0/LROLRC_0016/DATA/ESM/2013224/NAC/M1130963189RE.xml
nac.m1130970300le,2013-08-12T18:10:33.53000,2013-08-12T18:11:26.60500,-1.0,159.9466,-87.22,-84.63,152.59,173.94,https://data.lroc.im-ldi.com/lroc/view_lroc/LRO-L-LROC-2-EDR-V1.0/M1130970300LE,https://ode.rsl.wustl.edu/moon/indexproductpage.aspx?product_id=nac.m1130970300le&product_idGeo=39660534,https://ode.rsl.wustl.edu/moon/productfiles.aspx?product_id=nac.m1130970300le&product_idGeo=39660534,https://pds.lroc.im-ldi.com/data/LRO-L-LROC-2-EDR-V1.0/LROLRC_0016/DATA/ESM/2013224/NAC/M1130970300LE.xml
nac.m1130970300re,2013-08-12T18:10:33.53000,2013-08-12T18:11:26.60500,-1.0,160.8685,-87.17,-84.6,153.33,175.02,https://data.lroc.im-ldi.com/lroc/view_lroc/LRO-L-LROC-2-EDR-V1.0/M1130970300RE,https://ode.rsl.wustl.edu/moon/indexproductpage.aspx?product_id=nac.m1130970300re&product_idGeo=39660538,https://ode.rsl.wustl.edu/moon/productfiles.aspx?product_id=nac.m1130970300re&product_idGeo=39660538,https://pds.lroc.im-ldi.com/data/LRO-L-LROC-2-EDR-V1.0/LROLRC_0016/DATA/ESM/2013224/NAC/M1130970300RE.xml
nac.m1130977413le,2013-08-12T20:09:06.08400,2013-08-12T20:09:21.69400,-1.0,154.2808,-85.52,-84.71,152.15,156.77,https://data.lroc.im-ldi.com/lroc/view_lroc/LRO-L-LROC-2-EDR-V1.0/M1130977413LE,https://ode.rsl.wustl.edu/moon/indexproductpage.aspx?product_id=nac.m1130977413le&product_idGeo=39660663,https://ode.rsl.wustl.edu/moon/productfiles.aspx?product_id=nac.m1130977413le&product_idGeo=39660663,https://pds.lroc.im-ldi.com/data/LRO-L-LROC-2-EDR-V1.0/LROLRC_0016/DATA/ESM/2013224/NAC/M1130977413LE.xml
nac.m1130977413re,2013-08-12T20:09:06.08400,2013-08-12T20:09:21.69400,-1.0,155.0588,-85.49,-84.68,152.89,157.59,https://data.lroc.im-ldi.com/lroc/view_lroc/LRO-L-LROC-2-EDR-V1.0/M1130977413RE,https://ode.rsl.wustl.edu/moon/indexproductpage.aspx?product_id=nac.m1130977413re&product_idGeo=39660668,https://ode.rsl.wustl.edu/moon/productfiles.aspx?product_id=nac.m1130977413re&product_idGeo=39660668,https://pds.lroc.im-ldi.com/data/LRO-L-LROC-2-EDR-V1.0/LROLRC_0016/DATA/ESM/2013224/NAC/M1130977413RE.xml
nac.m1130984524le,2013-08-12T22:07:37.38100,2013-08-12T22:08:30.45500,-1.0,159.2367,-87.23,-84.68,151.43,173.99,https://data.lroc.im-ldi.com/lroc/view_lroc/LRO-L-LROC-2-EDR-V1.0/M1130984524LE,https://ode.rsl.wustl.edu/moon/indexproductpage.aspx?product_id=nac.m1130984524le&product_idGeo=39660853,https://ode.rsl.wustl.edu/moon/productfiles.aspx?product_id=nac.m1130984524le&product_idGeo=39660853,https://pds.lroc.im-ldi.com/data/LRO-L-LROC-2-EDR-V1.0/LROLRC_0016/DATA/ESM/2013224/NAC/M1130984524LE.xml
nac.m1130984524re,2013-08-12T22:07:37.38100,2013-08-12T22:08:30.45500,-1.0,160.1336,-87.18,-84.65,152.16,175.01,https://data.lroc.im-ldi.com/lroc/view_lroc/LRO-L-LROC-2-EDR-V1.0/M1130984524RE,https://ode.rsl.wustl.edu/moon/indexproductpage.aspx?product_id=nac.m1130984524re&product_idGeo=39660857,https://ode.rsl.wustl.edu/moon/productfiles.aspx?product_id=nac.m1130984524re&product_idGeo=39660857,https://pds.lroc.im-ldi.com/data/LRO-L-LROC-2-EDR-V1.0/LROLRC_0016/DATA/ESM/2013224/NAC/M1130984524RE.xml
nac.m1130991611le,2013-08-13T00:05:44.85500,2013-08-13T00:06:37.93000,-1.0,151.2893,-86.15,-83.47,146.62,160.15,https://data.lroc.im-ldi.com/lroc/view_lroc/LRO-L-LROC-2-EDR-V1.0/M1130991611LE,https://ode.rsl.wustl.edu/moon/indexproductpage.aspx?product_id=nac.m1130991611le&product_idGeo=39662518,https://ode.rsl.wustl.edu/moon/productfiles.aspx?product_id=nac.m1130991611le&product_idGeo=39662518,https://pds.lroc.im-ldi.com/data/LRO-L-LROC-2-EDR-V1.0/LROLRC_0016/DATA/ESM/2013225/NAC/M1130991611LE.xml
nac.m1130991611re,2013-08-13T00:05:44.85500,2013-08-13T00:06:37.93000,-1.0,152.4085,-86.11,-83.44,147.22,161.04,https://data.lroc.im-ldi.com/lroc/view_lroc/LRO-L-LROC-2-EDR-V1.0/M1130991611RE,https://ode.rsl.wustl.edu/moon/indexproductpage.aspx?product_id=nac.m1130991611re&product_idGeo=39662524,https://ode.rsl.wustl.edu/moon/productfiles.aspx?product_id=nac.m1130991611re&product_idGeo=39662524,https://pds.lroc.im-ldi.com/data/LRO-L-LROC-2-EDR-V1.0/LROLRC_0016/DATA/ESM/2013225/NAC/M1130991611RE.xml
nac.m1131005830le,2013-08-13T04:02:43.37800,2013-08-13T04:03:36.45300,-1.0,149.2149,-85.9,-83.22,144.4,157.1,https://data.lroc.im-ldi.com/lroc/view_lroc/LRO-L-LROC-2-EDR-V1.0/M1131005830LE,https://ode.rsl.wustl.edu/moon/indexproductpage.aspx?product_id=nac.m1131005830le&product_idGeo=39662817,https://ode.rsl.wustl.edu/moon/productfiles.aspx?product_id=nac.m1131005830le&product_idGeo=39662817,https://pds.lroc.im-ldi.com/data/LRO-L-LROC-2-EDR-V1.0/LROLRC_0016/DATA/ESM/2013225/NAC/M1131005830LE.xml
nac.m1131005830re,2013-08-13T04:02:43.37800,2013-08-13T04:03:36.45300,-1.0,149.544,-85.87,-83.19,144.98,157.94,https://data.lroc.im-ldi.com/lroc/view_lroc/LRO-L-LROC-2-EDR-V1.0/M1131005830RE,https://ode.rsl.wustl.edu/moon/indexproductpage.aspx?product_id=nac.m1131005830re&product_idGeo=39662822,https://ode.rsl.wustl.edu/moon/productfiles.aspx?product_id=nac.m1131005830re&product_idGeo=39662822,https://pds.lroc.im-ldi.com/data/LRO-L-LROC-2-EDR-V1.0/LROLRC_0016/DATA/ESM/2013225/NAC/M1131005830RE.xml
nac.m1131020053re,2013-08-13T07:59:46.90800,2013-08-13T08:00:39.98300,-1.0,148.3958,-85.84,-83.18,143.35,156.59,https://data.lroc.im-ldi.com/lroc/view_lroc/LRO-L-LROC-2-EDR-V1.0/M1131020053RE,https://ode.rsl.wustl.edu/moon/indexproductpage.aspx?product_id=nac.m1131020053re&product_idGeo=39663053,https://ode.rsl.wustl.edu/moon/productfiles.aspx?product_id=nac.m1131020053re&product_idGeo=39663053,https://pds.lroc.im-ldi.com/data/LRO-L-LROC-2-EDR-V1.0/LROLRC_0016/DATA/ESM/2013225/NAC/M1131020053RE.xml
nac.m1115397891le,2013-02-13T12:30:24.26600,2013-02-13T12:31:17.34000,-1.0,157.7921,-85.71,-82.9,152.42,161.06,https://data.lroc.im-ldi.com/lroc/view_lroc/LRO-L-LROC-2-EDR-V1.0/M1115397891LE,https://ode.rsl.wustl.edu/moon/indexproductpage.aspx?product_id=nac.m1115397891le&product_idGeo=39677116,https://ode.rsl.wustl.edu/moon/productfiles.aspx?product_id=nac.m1115397891le&product_idGeo=39677116,https://pds.lroc.im-ldi.com/data/LRO-L-LROC-2-EDR-V1.0/LROLRC_0014/DATA/ESM/2013044/NAC/M1115397891LE.xml
nac.m1115404971le,2013-02-13T14:28:24.76500,2013-02-13T14:29:17.84000,-1.0,152.3816,-86.83,-84.08,143.78,157.59,https://data.lroc.im-ldi.com/lroc/view_lroc/LRO-L-LROC-2-EDR-V1.0/M1115404971LE,https://ode.rsl.wustl.edu/moon/indexproductpage.aspx?product_id=nac.m1115404971le&product_idGeo=39677291,https://ode.rsl.wustl.edu/moon/productfiles.aspx?product_id=nac.m1115404971le&product_idGeo=39677291,https://pds.lroc.im-ldi.com/data/LRO-L-LROC-2-EDR-V1.0/LROLRC_0014/DATA/ESM/2013044/NAC/M1115404971LE.xml
nac.m1115404971re,2013-02-13T14:28:24.76500,2013-02-13T14:29:17.84000,-1.0,153.8578,-86.86,-84.1,144.75,158.17,https://data.lroc.im-ldi.com/lroc/view_lroc/LRO-L-LROC-2-EDR-V1.0/M1115404971RE,https://ode.rsl.wustl.edu/moon/indexproductpage.aspx?product_id=nac.m1115404971re&product_idGeo=39677295,https://ode.rsl.wustl.edu/moon/productfiles.aspx?product_id=nac.m1115404971re&product_idGeo=39677295,https://pds.lroc.im-ldi.com/data/LRO-L-LROC-2-EDR-V1.0/LROLRC_0014/DATA/ESM/2013044/NAC/M1115404971RE.xml
nac.m1115412086le,2013-02-13T16:26:59.84800,2013-02-13T16:27:52.92200,-1.0,154.4364,-86.22,-83.43,147.48,157.95,https://data.lroc.im-ldi.com/lroc/view_lroc/LRO-L-LROC-2-EDR-V1.0/M1115412086LE,https://ode.rsl.wustl.edu/moon/indexproductpage.aspx?product_id=nac.m1115412086le&product_idGeo=39677430,https://ode.rsl.wustl.edu/moon/productfiles.aspx?product_id=nac.m1115412086le&product_idGeo=39677430,https://pds.lroc.im-ldi.com/data/LRO-L-LROC-2-EDR-V1.0/LROLRC_0014/DATA/ESM/2013044/NAC/M1115412086LE.xml
nac.m1115412086re,2013-02-13T16:26:59.84800,2013-02-13T16:27:52.92200,-1.0,154.7494,-86.24,-83.44,148.32,158.46,https://data.lroc.im-ldi.com/lroc/view_lroc/LRO-L-LROC-2-EDR-V1.0/M1115412086RE,https://ode.rsl.wustl.edu/moon/indexproductpage.aspx?product_id=nac.m1115412086re&product_idGeo=39677433,https://ode.rsl.wustl.edu/moon/productfiles.aspx?product_id=nac.m1115412086re&product_idGeo=39677433,https://pds.lroc.im-ldi.com/data/LRO-L-LROC-2-EDR-V1.0/LROLRC_0014/DATA/ESM/2013044/NAC/M1115412086RE.xml
nac.m1115419176re,2013-02-13T18:25:09.31400,2013-02-13T18:26:02.38900,-1.0,151.5289,-86.9,-84.14,142.27,155.9,https://data.lroc.im-ldi.com/lroc/view_lroc/LRO-L-LROC-2-EDR-V1.0/M1115419176RE,https://ode.rsl.wustl.edu/moon/indexproductpage.aspx?product_id=nac.m1115419176re&product_idGeo=39677546,https://ode.rsl.wustl.edu/moon/productfiles.aspx?product_id=nac.m1115419176re&product_idGeo=39677546,https://pds.lroc.im-ldi.com/data/LRO-L-LROC-2-EDR-V1.0/LROLRC_0014/DATA/ESM/2013044/NAC/M1115419176RE.xml
nac.m1109720605re,2012-12-09T19:28:58.17400,2012-12-09T19:29:43.96400,-1.0,160.4242,-87.31,-84.97,154.96,170.46,https://data.lroc.im-ldi.com/lroc/view_lroc/LRO-L-LROC-2-EDR-V1.0/M1109720605RE,https://ode.rsl.wustl.edu/moon/indexproductpage.aspx?product_id=nac.m1109720605re&product_idGeo=39723817,https://ode.rsl.wustl.edu/moon/productfiles.aspx?product_id=nac.m1109720605re&product_idGeo=39723817,https://pds.lroc.im-ldi.com/data/LRO-L-LROC-2-EDR-V1.0/LROLRC_0013/DATA/ESM/2012344/NAC/M1109720605RE.xml
nac.m1109749176le,2012-12-10T03:25:09.73600,2012-12-10T03:25:55.52600,-1.0,155.1744,-86.63,-84.28,150.55,162.92,https://data.lroc.im-ldi.com/lroc/view_lroc/LRO-L-LROC-2-EDR-V1.0/M1109749176LE,https://ode.rsl.wustl.edu/moon/indexproductpage.aspx?product_id=nac.m1109749176le&product_idGeo=39725343,https://ode.rsl.wustl.edu/moon/productfiles.aspx?product_id=nac.m1109749176le&product_idGeo=39725343,https://pds.lroc.im-ldi.com/data/LRO-L-LROC-2-EDR-V1.0/LROLRC_0013/DATA/ESM/2012345/NAC/M1109749176LE.xml
nac.m1109749176re,2012-12-10T03:25:09.73600,2012-12-10T03:25:55.52600,-1.0,154.3025,-86.66,-84.3,149.84,161.83,https://data.lroc.im-ldi.com/lroc/view_lroc/LRO-L-LROC-2-EDR-V1.0/M1109749176RE,https://ode.rsl.wustl.edu/moon/indexproductpage.aspx?product_id=nac.m1109749176re&product_idGeo=39725348,https://ode.rsl.wustl.edu/moon/productfiles.aspx?product_id=nac.m1109749176re&product_idGeo=39725348,https://pds.lroc.im-ldi.com/data/LRO-L-LROC-2-EDR-V1.0/LROLRC_0013/DATA/ESM/2012345/NAC/M1109749176RE.xml
nac.m1109770607le,2012-12-10T09:22:20.27900,2012-12-10T09:23:06.06800,-1.0,151.1957,-86.18,-83.82,147.05,157.83,https://data.lroc.im-ldi.com/lroc/view_lroc/LRO-L-LROC-2-EDR-V1.0/M1109770607LE,https://ode.rsl.wustl.edu/moon/indexproductpage.aspx?product_id=nac.m1109770607le&product_idGeo=39725906,https://ode.rsl.wustl.edu/moon/productfiles.aspx?product_id=nac.m1109770607le&product_idGeo=39725906,https://pds.lroc.im-ldi.com/data/LRO-L-LROC-2-EDR-V1.0/LROLRC_0013/DATA/ESM/2012345/NAC/M1109770607LE.xml
nac.m1124811996re,2013-06-02T11:32:09.44800,2013-06-02T11:33:02.52300,-1.0,155.6734,-86.4,-83.66,147.32,159.91,https://data.lroc.im-ldi.com/lroc/view_lroc/LRO-L-LROC-2-EDR-V1.0/M1124811996RE,https://ode.rsl.wustl.edu/moon/indexproductpage.aspx?product_id=nac.m1124811996re&product_idGeo=39745926,https://ode.rsl.wustl.edu/moon/productfiles.aspx?product_id=nac.m1124811996re&product_idGeo=39745926,https://pds.lroc.im-ldi.com/data/LRO-L-LROC-2-EDR-V1.0/LROLRC_0015/DATA/ESM/2013153/NAC/M1124811996RE.xml
nac.m1124819109le,2013-06-02T13:30:42.52800,2013-06-02T13:31:35.60300,-1.0,155.3601,-86.32,-83.55,147.95,159.63,https://data.lroc.im-ldi.com/lroc/view_lroc/LRO-L-LROC-2-EDR-V1.0/M1124819109LE,https://ode.rsl.wustl.edu/moon/indexproductpage.aspx?product_id=nac.m1124819109le&product_idGeo=39746037,https://ode.rsl.wustl.edu/moon/productfiles.aspx?product_id=nac.m1124819109le&product_idGeo=39746037,https://pds.lroc.im-ldi.com/data/LRO-L-LROC-2-EDR-V1.0/LROLRC_0015/DATA/ESM/2013153/NAC/M1124819109LE.xml
nac.m1124819109re,2013-06-02T13:30:42.52800,2013-06-02T13:31:35.60300,-1.0,155.0302,-86.29,-83.54,147.09,159.09,https://data.lroc.im-ldi.com/lroc/view_lroc/LRO-L-LROC-2-EDR-V1.0/M1124819109RE,https://ode.rsl.wustl.edu/moon/indexproductpage.aspx?product_id=nac.m1124819109re&product_idGeo=39746040,https://ode.rsl.wustl.edu/moon/productfiles.aspx?product_id=nac.m1124819109re&product_idGeo=39746040,https://pds.lroc.im-ldi.com/data/LRO-L-LROC-2-EDR-V1.0/LROLRC_0015/DATA/ESM/2013153/NAC/M1124819109RE.xml
nac.m1124826195le,2013-06-02T15:28:48.21700,2013-06-02T15:29:41.29100,-1.0,148.2805,-87.5,-84.87,133.54,154.89,https://data.lroc.im-ldi.com/lroc/view_lroc/LRO-L-LROC-2-EDR-V1.0/M1124826195LE,https://ode.rsl.wustl.edu/moon/indexproductpage.aspx?product_id=nac.m1124826195le&product_idGeo=39746204,https://ode.rsl.wustl.edu/moon/productfiles.aspx?product_id=nac.m1124826195le&product_idGeo=39746204,https://pds.lroc.im-ldi.com/data/LRO-L-LROC-2-EDR-V1.0/LROLRC_0015/DATA/ESM/2013153/NAC/M1124826195LE.xml
nac.m1124826195re,2013-06-02T15:28:48.21700,2013-06-02T15:29:41.29100,-1.0,146.977,-87.46,-84.85,132.47,154.23,https://data.lroc.im-ldi.com/lroc/view_lroc/LRO-L-LROC-2-EDR-V1.0/M1124826195RE,https://ode.rsl.wustl.edu/moon/indexproductpage.aspx?product_id=nac.m1124826195re&product_idGeo=39746208,https://ode.rsl.wustl.edu/moon/productfiles.aspx?product_id=nac.m1124826195re&product_idGeo=39746208,https://pds.lroc.im-ldi.com/data/LRO-L-LROC-2-EDR-V1.0/LROLRC_0015/DATA/ESM/2013153/NAC/M1124826195RE.xml
nac.m1124833329le,2013-06-02T17:27:42.67500,2013-06-02T17:28:35.75000,-1.0,153.2931,-86.38,-83.62,145.35,157.3,https://data.lroc.im-ldi.com/lroc/view_lroc/LRO-L-LROC-2-EDR-V1.0/M1124833329LE,https://ode.rsl.wustl.edu/moon/indexproductpage.aspx?product_id=nac.m1124833329le&product_idGeo=39746399,https://ode.rsl.wustl.edu/moon/productfiles.aspx?product_id=nac.m1124833329le&product_idGeo=39746399,https://pds.lroc.im-ldi.com/data/LRO-L-LROC-2-EDR-V1.0/LROLRC_0015/DATA/ESM/2013153/NAC/M1124833329LE.xml
nac.m1133287741le,2013-09-08T13:54:34.32300,2013-09-08T13:55:27.39800,-1.0,153.6423,-84.67,-81.89,150.78,157.97,https://data.lroc.im-ldi.com/lroc/view_lroc/LRO-L-LROC-2-EDR-V1.0/M1133287741LE,https://ode.rsl.wustl.edu/moon/indexproductpage.aspx?product_id=nac.m1133287741le&product_idGeo=39758228,https://ode.rsl.wustl.edu/moon/productfiles.aspx?product_id=nac.m1133287741le&product_idGeo=39758228,https://pds.lroc.im-ldi.com/data/LRO-L-LROC-2-EDR-V1.0/LROLRC_0016/DATA/ESM/2013251/NAC/M1133287741LE.xml
nac.m1133294897le,2013-09-08T15:53:50.69400,2013-09-08T15:54:43.76800,-1.0,162.3005,-87.09,-84.47,155.71,174.61,https://data.lroc.im-ldi.com/lroc/view_lroc/LRO-L-LROC-2-EDR-V1.0/M1133294897LE,https://ode.rsl.wustl.edu/moon/indexproductpage.aspx?product_id=nac.m1133294897le&product_idGeo=39758383,https://ode.rsl.wustl.edu/moon/productfiles.aspx?product_id=nac.m1133294897le&product_idGeo=39758383,https://pds.lroc.im-ldi.com/data/LRO-L-LROC-2-EDR-V1.0/LROLRC_0016/DATA/ESM/2013251/NAC/M1133294897LE.xml
nac.m1133294897re,2013-09-08T15:53:50.69400,2013-09-08T15:54:43.76800,-1.0,163.2108,-87.04,-84.45,156.45,175.73,https://data.lroc.im-ldi.com/lroc/view_lroc/LRO-L-LROC-2-EDR-V1.0/M1133294897RE,https://ode.rsl.wustl.edu/moon/indexproductpage.aspx?product_id=nac.m1133294897re&product_idGeo=39758387,https://ode.rsl.wustl.edu/moon/productfiles.aspx?product_id=nac.m1133294897re&product_idGeo=39758387,https://pds.lroc.im-ldi.com/data/LRO-L-LROC-2-EDR-V1.0/LROLRC_0016/DATA/ESM/2013251/NAC/M1133294897RE.xml
nac.m1133301954le,2013-09-08T17:51:27.69000,2013-09-08T17:52:20.76500,-1.0,152.2041,-84.66,-81.88,148.94,156.31,https://data.lroc.im-ldi.com/lroc/view_lroc/LRO-L-LROC-2-EDR-V1.0/M1133301954LE,https://ode.rsl.wustl.edu/moon/indexproductpage.aspx?product_id=nac.m1133301954le&product_idGeo=39758481,https://ode.rsl.wustl.edu/moon/productfiles.aspx?product_id=nac.m1133301954le&product_idGeo=39758481,https://pds.lroc.im-ldi.com/data/LRO-L-LROC-2-EDR-V1.0/LROLRC_0016/DATA/ESM/2013251/NAC/M1133301954LE.xml
nac.m1133301954re,2013-09-08T17:51:27.69000,2013-09-08T17:52:20.76500,-1.0,152.4917,-84.64,-81.86,149.46,157.05,https://data.lroc.im-ldi.com/lroc/view_lroc/LRO-L-LROC-2-EDR-V1.0/M1133301954RE,https://ode.rsl.wustl.edu/moon/indexproductpage.aspx?product_id=nac.m1133301954re&product_idGeo=39758486,https://ode.rsl.wustl.edu/moon/productfiles.aspx?product_id=nac.m1133301954re&product_idGeo=39758486,https://pds.lroc.im-ldi.com/data/LRO-L-LROC-2-EDR-V1.0/LROLRC_0016/DATA/ESM/2013251/NAC/M1133301954RE.xml
nac.m1133309112le,2013-09-08T19:50:45.50700,2013-09-08T19:51:38.58100,-1.0,160.8065,-87.12,-84.53,154.36,174.26,https://data.lroc.im-ldi.com/lroc/view_lroc/LRO-L-LROC-2-EDR-V1.0/M1133309112LE,https://ode.rsl.wustl.edu/moon/indexproductpage.aspx?product_id=nac.m1133309112le&product_idGeo=39758660,https://ode.rsl.wustl.edu/moon/productfiles.aspx?product_id=nac.m1133309112le&product_idGeo=39758660,https://pds.lroc.im-ldi.com/data/LRO-L-LROC-2-EDR-V1.0/LROLRC_0016/DATA/ESM/2013251/NAC/M1133309112LE.xml
nac.m1133309112re,2013-09-08T19:50:45.50700,2013-09-08T19:51:38.58100,-1.0,162.6632,-87.07,-84.5,155.09,175.34,https://data.lroc.im-ldi.com/lroc/view_lroc/LRO-L-LROC-2-EDR-V1.0/M1133309112RE,https://ode.rsl.wustl.edu/moon/indexproductpage.aspx?product_id=nac.m1133309112re&product_idGeo=39758664,https://ode.rsl.wustl.edu/moon/productfiles.aspx?product_id=nac.m1133309112re&product_idGeo=39758664,https://pds.lroc.im-ldi.com/data/LRO-L-LROC-2-EDR-V1.0/LROLRC_0016/DATA/ESM/2013251/NAC/M1133309112RE.xml
nac.m1133323327le,2013-09-08T23:47:40.34100,2013-09-08T23:48:33.41500,-1.0,160.2945,-87.13,-84.56,153.04,173.83,https://data.lroc.im-ldi.com/lroc/view_lroc/LRO-L-LROC-2-EDR-V1.0/M1133323327LE,https://ode.rsl.wustl.edu/moon/indexproductpage.aspx?product_id=nac.m1133323327le&product_idGeo=39759077,https://ode.rsl.wustl.edu/moon/productfiles.aspx?product_id=nac.m1133323327le&product_idGeo=39759077,https://pds.lroc.im-ldi.com/data/LRO-L-LROC-2-EDR-V1.0/LROLRC_0016/DATA/ESM/2013251/NAC/M1133323327LE.xml
nac.m1133323327re,2013-09-08T23:47:40.34100,2013-09-08T23:48:33.41500,-1.0,161.1827,-87.08,-84.53,153.76,174.87,https://data.lroc.im-ldi.com/lroc/view_lroc/LRO-L-LROC-2-EDR-V1.0/M1133323327RE,https://ode.rsl.wustl.edu/moon/indexproductpage.aspx?product_id=nac.m1133323327re&product_idGeo=39759083,https://ode.rsl.wustl.edu/moon/productfiles.aspx?product_id=nac.m1133323327re&product_idGeo=39759083,https://pds.lroc.im-ldi.com/data/LRO-L-LROC-2-EDR-V1.0/LROLRC_0016/DATA/ESM/2013251/NAC/M1133323327RE.xml
nac.m1133330435le,2013-09-09T01:46:08.63800,2013-09-09T01:46:23.20800,-1.0,154.5401,-85.37,-84.61,152.57,156.81,https://data.lroc.im-ldi.com/lroc/view_lroc/LRO-L-LROC-2-EDR-V1.0/M1133330435LE,https://ode.rsl.wustl.edu/moon/indexproductpage.aspx?product_id=nac.m1133330435le&product_idGeo=39762088,https://ode.rsl.wustl.edu/moon/productfiles.aspx?product_id=nac.m1133330435le&product_idGeo=39762088,https://pds.lroc.im-ldi.com/data/LRO-L-LROC-2-EDR-V1.0/LROLRC_0016/DATA/ESM/2013252/NAC/M1133330435LE.xml
nac.m1133330435re,2013-09-09T01:46:08.63800,2013-09-09T01:46:23.20800,-1.0,155.291,-85.34,-84.59,153.29,157.59,https://data.lroc.im-ldi.com/lroc/view_lroc/LRO-L-LROC-2-EDR-V1.0/M1133330435RE,https://ode.rsl.wustl.edu/moon/indexproductpage.aspx?product_id=nac.m1133330435re&product_idGeo=39762094,https://ode.rsl.wustl.edu/moon/productfiles.aspx?product_id=nac.m1133330435re&product_idGeo=39762094,https://pds.lroc.im-ldi.com/data/LRO-L-LROC-2-EDR-V1.0/LROLRC_0016/DATA/ESM/2013252/NAC/M1133330435RE.xml
nac.m1133337542le,2013-09-09T03:44:36.03100,2013-09-09T03:45:29.10500,-1.0,159.5445,-87.15,-84.61,151.88,173.81,https://data.lroc.im-ldi.com/lroc/view_lroc/LRO-L-LROC-2-EDR-V1.0/M1133337542LE,https://ode.rsl.wustl.edu/moon/indexproductpage.aspx?product_id=nac.m1133337542le&product_idGeo=39762355,https://ode.rsl.wustl.edu/moon/productfiles.aspx?product_id=nac.m1133337542le&product_idGeo=39762355,https://pds.lroc.im-ldi.com/data/LRO-L-LROC-2-EDR-V1.0/LROLRC_0016/DATA/ESM/2013252/NAC/M1133337542LE.xml
nac.m1133337542re,2013-09-09T03:44:36.03100,2013-09-09T03:45:29.10500,-1.0,160.4125,-87.1,-84.58,152.59,174.79,https://data.lroc.im-ldi.com/lroc/view_lroc/LRO-L-LROC-2-EDR-V1.0/M1133337542RE,https://ode.rsl.wustl.edu/moon/indexproductpage.aspx?product_id=nac.m1133337542re&product_idGeo=39762361,https://ode.rsl.wustl.edu/moon/productfiles.aspx?product_id=nac.m1133337542re&product_idGeo=39762361,https://pds.lroc.im-ldi.com/data/LRO-L-LROC-2-EDR-V1.0/LROLRC_0016/DATA/ESM/2013252/NAC/M1133337542RE.xml
nac.m1133344650le,2013-09-09T05:43:03.80500,2013-09-09T05:43:56.88000,-1.0,159.0833,-87.14,-84.62,151.25,173.59,https://data.lroc.im-ldi.com/lroc/view_lroc/LRO-L-LROC-2-EDR-V1.0/M1133344650LE,https://ode.rsl.wustl.edu/moon/indexproductpage.aspx?product_id=nac.m1133344650le&product_idGeo=39762563,https://ode.rsl.wustl.edu/moon/productfiles.aspx?product_id=nac.m1133344650le&product_idGeo=39762563,https://pds.lroc.im-ldi.com/data/LRO-L-LROC-2-EDR-V1.0/LROLRC_0016/DATA/ESM/2013252/NAC/M1133344650LE.xml
nac.m1133344650re,2013-09-09T05:43:03.80500,2013-09-09T05:43:56.88000,-1.0,159.937,-87.09,-84.6,151.95,174.55,https://data.lroc.im-ldi.com/lroc/view_lroc/LRO-L-LROC-2-EDR-V1.0/M1133344650RE,https://ode.rsl.wustl.edu/moon/indexproductpage.aspx?product_id=nac.m1133344650re&product_idGeo=39762569,https://ode.rsl.wustl.edu/moon/productfiles.aspx?product_id=nac.m1133344650re&product_idGeo=39762569,https://pds.lroc.im-ldi.com/data/LRO-L-LROC-2-EDR-V1.0/LROLRC_0016/DATA/ESM/2013252/NAC/M1133344650RE.xml
nac.m1133351749re,2013-09-09T07:41:27.25600,2013-09-09T07:41:39.60700,-1.0,152.0604,-85.03,-84.38,150.37,153.95,https://data.lroc.im-ldi.com/lroc/view_lroc/LRO-L-LROC-2-EDR-V1.0/M1133351749RE,https://ode.rsl.wustl.edu/moon/indexproductpage.aspx?product_id=nac.m1133351749re&product_idGeo=39762761,https://ode.rsl.wustl.edu/moon/productfiles.aspx?product_id=nac.m1133351749re&product_idGeo=39762761,https://pds.lroc.im-ldi.com/data/LRO-L-LROC-2-EDR-V1.0/LROLRC_0016/DATA/ESM/2013252/NAC/M1133351749RE.xml
nac.m1133358841le,2013-09-09T09:39:34.82200,2013-09-09T09:40:27.89700,-1.0,150.3392,-86.05,-83.38,145.56,159.23,https://data.lroc.im-ldi.com/lroc/view_lroc/LRO-L-LROC-2-EDR-V1.0/M1133358841LE,https://ode.rsl.wustl.edu/moon/indexproductpage.aspx?product_id=nac.m1133358841le&product_idGeo=39762954,https://ode.rsl.wustl.edu/moon/productfiles.aspx?product_id=nac.m1133358841le&product_idGeo=39762954,https://pds.lroc.im-ldi.com/data/LRO-L-LROC-2-EDR-V1.0/LROLRC_0016/DATA/ESM/2013252/NAC/M1133358841LE.xml
nac.m1133358841re,2013-09-09T09:39:34.82200,2013-09-09T09:40:27.89700,-1.0,151.3997,-86.01,-83.36,146.14,160.07,https://data.lroc.im-ldi.com/lroc/view_lroc/LRO-L-LROC-2-EDR-V1.0/M1133358841RE,https://ode.rsl.wustl.edu/moon/indexproductpage.aspx?product_id=nac.m1133358841re&product_idGeo=39762962,https://ode.rsl.wustl.edu/moon/productfiles.aspx?product_id=nac.m1133358841re&product_idGeo=39762962,https://pds.lroc.im-ldi.com/data/LRO-L-LROC-2-EDR-V1.0/LROLRC_0016/DATA/ESM/2013252/NAC/M1133358841RE.xml
nac.m1133373057le,2013-09-09T13:36:31.01700,2013-09-09T13:37:24.09100,-1.0,149.0395,-86.06,-83.41,144.06,158.24,https://data.lroc.im-ldi.com/lroc/view_lroc/LRO-L-LROC-2-EDR-V1.0/M1133373057LE,https://ode.rsl.wustl.edu/moon/indexproductpage.aspx?product_id=nac.m1133373057le&product_idGeo=39763284,https://ode.rsl.wustl.edu/moon/productfiles.aspx?product_id=nac.m1133373057le&product_idGeo=39763284,https://pds.lroc.im-ldi.com/data/LRO-L-LROC-2-EDR-V1.0/LROLRC_0016/DATA/ESM/2013252/NAC/M1133373057LE.xml
nac.m1133373057re,2013-09-09T13:36:31.01700,2013-09-09T13:37:24.09100,-1.0,150.094,-86.02,-83.38,144.64,159.05,https://data.lroc.im-ldi.com/lroc/view_lroc/LRO-L-LROC-2-EDR-V1.0/M1133373057RE,https://ode.rsl.wustl.edu/moon/indexproductpage.aspx?product_id=nac.m1133373057re&product_idGeo=39763289,https://ode.rsl.wustl.edu/moon/productfiles.aspx?product_id=nac.m1133373057re&product_idGeo=39763289,https://pds.lroc.im-ldi.com/data/LRO-L-LROC-2-EDR-V1.0/LROLRC_0016/DATA/ESM/2013252/NAC/M1133373057RE.xml
nac.m1133387298le,2013-09-09T17:33:51.47300,2013-09-09T17:34:44.54700,-1.0,156.6222,-87.01,-84.6,147.88,172.18,https://data.lroc.im-ldi.com/lroc/view_lroc/LRO-L-LROC-2-EDR-V1.0/M1133387298LE,https://ode.rsl.wustl.edu/moon/indexproductpage.aspx?product_id=nac.m1133387298le&product_idGeo=39763642,https://ode.rsl.wustl.edu/moon/productfiles.aspx?product_id=nac.m1133387298le&product_idGeo=39763642,https://pds.lroc.im-ldi.com/data/LRO-L-LROC-2-EDR-V1.0/LROLRC_0016/DATA/ESM/2013252/NAC/M1133387298LE.xml
nac.m1117756171le,2013-03-12T19:35:04.09100,2013-03-12T19:35:57.16600,-1.0,148.2504,-87.64,-85.0,133.25,155.42,https://data.lroc.im-ldi.com/lroc/view_lroc/LRO-L-LROC-2-EDR-V1.0/M1117756171LE,https://ode.rsl.wustl.edu/moon/indexproductpage.aspx?product_id=nac.m1117756171le&product_idGeo=39778569,https://ode.rsl.wustl.edu/moon/productfiles.aspx?product_id=nac.m1117756171le&product_idGeo=39778569,https://pds.lroc.im-ldi.com/data/LRO-L-LROC-2-EDR-V1.0/LROLRC_0014/DATA/ESM/2013071/NAC/M1117756171LE.xml
nac.m1117763276le,2013-03-12T21:33:29.18200,2013-03-12T21:34:22.25600,-1.0,147.9593,-87.54,-84.88,134.0,154.75,https://data.lroc.im-ldi.com/lroc/view_lroc/LRO-L-LROC-2-EDR-V1.0/M1117763276LE,https://ode.rsl.wustl.edu/moon/indexproductpage.aspx?product_id=nac.m1117763276le&product_idGeo=39778640,https://ode.rsl.wustl.edu/moon/productfiles.aspx?product_id=nac.m1117763276le&product_idGeo=39778640,https://pds.lroc.im-ldi.com/data/LRO-L-LROC-2-EDR-V1.0/LROLRC_0014/DATA/ESM/2013071/NAC/M1117763276LE.xml
nac.m1117763276re,2013-03-12T21:33:29.18200,2013-03-12T21:34:22.25600,-1.0,148.371,-87.57,-84.9,135.11,155.4,https://data.lroc.im-ldi.com/lroc/view_lroc/LRO-L-LROC-2-EDR-V1.0/M1117763276RE,https://ode.rsl.wustl.edu/moon/indexproductpage.aspx?product_id=nac.m1117763276re&product_idGeo=39778642,https://ode.rsl.wustl.edu/moon/productfiles.aspx?product_id=nac.m1117763276re&product_idGeo=39778642,https://pds.lroc.im-ldi.com/data/LRO-L-LROC-2-EDR-V1.0/LROLRC_0014/DATA/ESM/2013071/NAC/M1117763276RE.xml
nac.m1117770379le,2013-03-12T23:31:52.27700,2013-03-12T23:32:45.35200,-1.0,147.016,-87.53,-84.86,133.21,153.73,https://data.lroc.im-ldi.com/lroc/view_lroc/LRO-L-LROC-2-EDR-V1.0/M1117770379LE,https://ode.rsl.wustl.edu/moon/indexproductpage.aspx?product_id=nac.m1117770379le&product_idGeo=39778709,https://ode.rsl.wustl.edu/moon/productfiles.aspx?product_id=nac.m1117770379le&product_idGeo=39778709,https://pds.lroc.im-ldi.com/data/LRO-L-LROC-2-EDR-V1.0/LROLRC_0014/DATA/ESM/2013071/NAC/M1117770379LE.xml
nac.m1117770379re,2013-03-12T23:31:52.27700,2013-03-12T23:32:45.35200,-1.0,147.8466,-87.56,-84.88,134.31,154.37,https://data.lroc.im-ldi.com/lroc/view_lroc/LRO-L-LROC-2-EDR-V1.0/M1117770379RE,https://ode.rsl.wustl.edu/moon/indexproductpage.aspx?product_id=nac.m1117770379re&product_idGeo=39778710,https://ode.rsl.wustl.edu/moon/productfiles.aspx?product_id=nac.m1117770379re&product_idGeo=39778710,https://pds.lroc.im-ldi.com/data/LRO-L-LROC-2-EDR-V1.0/LROLRC_0014/DATA/ESM/2013071/NAC/M1117770379RE.xml
nac.m1173419080re,2014-12-17T01:30:13.77500,2014-12-17T01:31:06.84900,-1.0,166.0317,-86.93,-84.82,155.37,184.85,https://data.lroc.im-ldi.com/lroc/view_lroc/LRO-L-LROC-2-EDR-V1.0/M1173419080RE,https://ode.rsl.wustl.edu/moon/indexproductpage.aspx?product_id=nac.m1173419080re&product_idGeo=39800068,https://ode.rsl.wustl.edu/moon/productfiles.aspx?product_id=nac.m1173419080re&product_idGeo=39800068,https://pds.lroc.im-ldi.com/data/LRO-L-LROC-2-EDR-V1.0/LROLRC_0022/DATA/ESM2/2014351/NAC/M1173419080RE.xml
nac.m1173440404le,2014-12-17T07:25:37.88600,2014-12-17T07:26:15.35100,-1.0,162.5939,-86.41,-84.86,154.67,173.64,https://data.lroc.im-ldi.com/lroc/view_lroc/LRO-L-LROC-2-EDR-V1.0/M1173440404LE,https://ode.rsl.wustl.edu/moon/indexproductpage.aspx?product_id=nac.m1173440404le&product_idGeo=39800995,https://ode.rsl.wustl.edu/moon/productfiles.aspx?product_id=nac.m1173440404le&product_idGeo=39800995,https://pds.lroc.im-ldi.com/data/LRO-L-LROC-2-EDR-V1.0/LROLRC_0022/DATA/ESM2/2014351/NAC/M1173440404LE.xml
nac.m1173440404re,2014-12-17T07:25:37.88600,2014-12-17T07:26:15.35100,-1.0,161.7658,-86.48,-84.91,153.89,172.86,https://data.lroc.im-ldi.com/lroc/view_lroc/LRO-L-LROC-2-EDR-V1.0/M1173440404RE,https://ode.rsl.wustl.edu/moon/indexproductpage.aspx?product_id=nac.m1173440404re&product_idGeo=39800997,https://ode.rsl.wustl.edu/moon/productfiles.aspx?product_id=nac.m1173440404re&product_idGeo=39800997,https://pds.lroc.im-ldi.com/data/LRO-L-LROC-2-EDR-V1.0/LROLRC_0022/DATA/ESM2/2014351/NAC/M1173440404RE.xml
nac.m1173461729le,2014-12-17T13:21:02.74700,2014-12-17T13:21:55.82200,-1.0,165.9206,-86.86,-84.97,153.25,185.8,https://data.lroc.im-ldi.com/lroc/view_lroc/LRO-L-LROC-2-EDR-V1.0/M1173461729LE,https://ode.rsl.wustl.edu/moon/indexproductpage.aspx?product_id=nac.m1173461729le&product_idGeo=39801956,https://ode.rsl.wustl.edu/moon/productfiles.aspx?product_id=nac.m1173461729le&product_idGeo=39801956,https://pds.lroc.im-ldi.com/data/LRO-L-LROC-2-EDR-V1.0/LROLRC_0022/DATA/ESM2/2014351/NAC/M1173461729LE.xml
nac.m1173461729re,2014-12-17T13:21:02.74700,2014-12-17T13:21:55.82200,-1.0,165.1446,-86.94,-85.02,152.48,185.27,https://data.lroc.im-ldi.com/lroc/view_lroc/LRO-L-LROC-2-EDR-V1.0/M1173461729RE,https://ode.rsl.wustl.edu/moon/indexproductpage.aspx?product_id=nac.m1173461729re&product_idGeo=39801959,https://ode.rsl.wustl.edu/moon/productfiles.aspx?product_id=nac.m1173461729re&product_idGeo=39801959,https://pds.lroc.im-ldi.com/data/LRO-L-LROC-2-EDR-V1.0/LROLRC_0022/DATA/ESM2/2014351/NAC/M1173461729RE.xml
nac.m1173468840le,2014-12-17T15:19:33.34800,2014-12-17T15:20:26.42200,-1.0,167.0733,-86.91,-85.1,153.62,187.91,https://data.lroc.im-ldi.com/lroc/view_lroc/LRO-L-LROC-2-EDR-V1.0/M1173468840LE,https://ode.rsl.wustl.edu/moon/indexproductpage.aspx?product_id=nac.m1173468840le&product_idGeo=39802357,https://ode.rsl.wustl.edu/moon/productfiles.aspx?product_id=nac.m1173468840le&product_idGeo=39802357,https://pds.lroc.im-ldi.com/data/LRO-L-LROC-2-EDR-V1.0/LROLRC_0022/DATA/ESM2/2014351/NAC/M1173468840LE.xml
nac.m1173468840re,2014-12-17T15:19:33.34800,2014-12-17T15:20:26.42200,-1.0,166.2978,-86.99,-85.15,152.85,187.46,https://data.lroc.im-ldi.com/lroc/view_lroc/LRO-L-LROC-2-EDR-V1.0/M1173468840RE,https://ode.rsl.wustl.edu/moon/indexproductpage.aspx?product_id=nac.m1173468840re&product_idGeo=39802363,https://ode.rsl.wustl.edu/moon/productfiles.aspx?product_id=nac.m1173468840re&product_idGeo=39802363,https://pds.lroc.im-ldi.com/data/LRO-L-LROC-2-EDR-V1.0/LROLRC_0022/DATA/ESM2/2014351/NAC/M1173468840RE.xml
nac.m1173490161le,2014-12-17T21:14:54.16700,2014-12-17T21:15:47.24100,-1.0,163.7414,-86.83,-85.01,150.52,184.07,https://data.lroc.im-ldi.com/lroc/view_lroc/LRO-L-LROC-2-EDR-V1.0/M1173490161LE,https://ode.rsl.wustl.edu/moon/indexproductpage.aspx?product_id=nac.m1173490161le&product_idGeo=39803438,https://ode.rsl.wustl.edu/moon/productfiles.aspx?product_id=nac.m1173490161le&product_idGeo=39803438,https://pds.lroc.im-ldi.com/data/LRO-L-LROC-2-EDR-V1.0/LROLRC_0022/DATA/ESM2/2014351/NAC/M1173490161LE.xml
nac.m1173490161re,2014-12-17T21:14:54.16700,2014-12-17T21:15:47.24100,-1.0,163.0014,-86.91,-85.07,149.77,183.61,https://data.lroc.im-ldi.com/lroc/view_lroc/LRO-L-LROC-2-EDR-V1.0/M1173490161RE,https://ode.rsl.wustl.edu/moon/indexproductpage.aspx?product_id=nac.m1173490161re&product_idGeo=39803444,https://ode.rsl.wustl.edu/moon/productfiles.aspx?product_id=nac.m1173490161re&product_idGeo=39803444,https://pds.lroc.im-ldi.com/data/LRO-L-LROC-2-EDR-V1.0/LROLRC_0022/DATA/ESM2/2014351/NAC/M1173490161RE.xml
nac.m1173497268le,2014-12-17T23:13:21.10500,2014-12-17T23:14:05.85400,-1.0,160.1578,-86.62,-84.99,149.43,175.67,https://data.lroc.im-ldi.com/lroc/view_lroc/LRO-L-LROC-2-EDR-V1.0/M1173497268LE,https://ode.rsl.wustl.edu/moon/indexproductpage.aspx?product_id=nac.m1173497268le&product_idGeo=39803779,https://ode.rsl.wustl.edu/moon/productfiles.aspx?product_id=nac.m1173497268le&product_idGeo=39803779,https://pds.lroc.im-ldi.com/data/LRO-L-LROC-2-EDR-V1.0/LROLRC_0022/DATA/ESM2/2014351/NAC/M1173497268LE.xml
nac.m1142729398re,2013-12-26T20:35:31.42400,2013-12-26T20:36:21.37700,-1.0,162.1789,-86.7,-84.25,155.49,172.48,https://data.lroc.im-ldi.com/lroc/view_lroc/LRO-L-LROC-2-EDR-V1.0/M1142729398RE,https://ode.rsl.wustl.edu/moon/indexproductpage.aspx?product_id=nac.m1142729398re&product_idGeo=39805590,https://ode.rsl.wustl.edu/moon/productfiles.aspx?product_id=nac.m1142729398re&product_idGeo=39805590,https://pds.lroc.im-ldi.com/data/LRO-L-LROC-2-EDR-V1.0/LROLRC_0018/DATA/ESM/2013360/NAC/M1142729398RE.xml
nac.m1142793411re,2013-12-27T14:22:24.13400,2013-12-27T14:23:04.72100,-1.0,161.3817,-86.99,-85.18,153.74,174.48,https://data.lroc.im-ldi.com/lroc/view_lroc/LRO-L-LROC-2-EDR-V1.0/M1142793411RE,https://ode.rsl.wustl.edu/moon/indexproductpage.aspx?product_id=nac.m1142793411re&product_idGeo=39805971,https://ode.rsl.wustl.edu/moon/productfiles.aspx?product_id=nac.m1142793411re&product_idGeo=39805971,https://pds.lroc.im-ldi.com/data/LRO-L-LROC-2-EDR-V1.0/LROLRC_0018/DATA/ESM/2013361/NAC/M1142793411RE.xml
nac.m1142807634le,2013-12-27T18:19:27.74100,2013-12-27T18:20:07.28700,-1.0,161.539,-86.93,-85.22,153.6,174.7,https://data.lroc.im-ldi.com/lroc/view_lroc/LRO-L-LROC-2-EDR-V1.0/M1142807634LE,https://ode.rsl.wustl.edu/moon/indexproductpage.aspx?product_id=nac.m1142807634le&product_idGeo=39806207,https://ode.rsl.wustl.edu/moon/productfiles.aspx?product_id=nac.m1142807634le&product_idGeo=39806207,https://pds.lroc.im-ldi.com/data/LRO-L-LROC-2-EDR-V1.0/LROLRC_0018/DATA/ESM/2013361/NAC/M1142807634LE.xml
nac.m1142807634re,2013-12-27T18:19:27.74100,2013-12-27T18:20:07.28700,-1.0,161.5768,-86.98,-85.25,152.89,173.92,https://data.lroc.im-ldi.com/lroc/view_lroc/LRO-L-LROC-2-EDR-V1.0/M1142807634RE,https://ode.rsl.wustl.edu/moon/indexproductpage.aspx?product_id=nac.m1142807634re&product_idGeo=39806209,https://ode.rsl.wustl.edu/moon/productfiles.aspx?product_id=nac.m1142807634re&product_idGeo=39806209,https://pds.lroc.im-ldi.com/data/LRO-L-LROC-2-EDR-V1.0/LROLRC_0018/DATA/ESM/2013361/NAC/M1142807634RE.xml
nac.m1142821858le,2013-12-27T22:16:31.69300,2013-12-27T22:17:11.23900,-1.0,161.5663,-86.96,-85.29,152.76,174.93,https://data.lroc.im-ldi.com/lroc/view_lroc/LRO-L-LROC-2-EDR-V1.0/M1142821858LE,https://ode.rsl.wustl.edu/moon/indexproductpage.aspx?product_id=nac.m1142821858le&product_idGeo=39806307,https://ode.rsl.wustl.edu/moon/productfiles.aspx?product_id=nac.m1142821858le&product_idGeo=39806307,https://pds.lroc.im-ldi.com/data/LRO-L-LROC-2-EDR-V1.0/LROLRC_0018/DATA/ESM/2013361/NAC/M1142821858LE.xml
nac.m1284167818le,2018-06-20T21:02:31.17000,2018-06-20T21:02:53.02400,-1.0,149.7981,-84.97,-84.17,144.97,155.24,https://data.lroc.im-ldi.com/lroc/view_lroc/LRO-L-LROC-2-EDR-V1.0/M1284167818LE,https://ode.rsl.wustl.edu/moon/indexproductpage.aspx?product_id=nac.m1284167818le&product_idGeo=39842744,https://ode.rsl.wustl.edu/moon/productfiles.aspx?product_id=nac.m1284167818le&product_idGeo=39842744,https://pds.lroc.im-ldi.com/data/LRO-L-LROC-2-EDR-V1.0/LROLRC_0036A/DATA/ESM3/2018171/NAC/M1284167818LE.xml
nac.m1284167818re,2018-06-20T21:02:31.17000,2018-06-20T21:02:53.02400,-1.0,150.3828,-84.89,-84.1,145.58,155.77,https://data.lroc.im-ldi.com/lroc/view_lroc/LRO-L-LROC-2-EDR-V1.0/M1284167818RE,https://ode.rsl.wustl.edu/moon/indexproductpage.aspx?product_id=nac.m1284167818re&product_idGeo=39842746,https://ode.rsl.wustl.edu/moon/productfiles.aspx?product_id=nac.m1284167818re&product_idGeo=39842746,https://pds.lroc.im-ldi.com/data/LRO-L-LROC-2-EDR-V1.0/LROLRC_0036A/DATA/ESM3/2018171/NAC/M1284167818RE.xml
nac.m1284174848le,2018-06-20T22:59:41.68000,2018-06-20T23:00:09.77800,-1.0,150.3364,-85.14,-84.17,144.1,157.61,https://data.lroc.im-ldi.com/lroc/view_lroc/LRO-L-LROC-2-EDR-V1.0/M1284174848LE,https://ode.rsl.wustl.edu/moon/indexproductpage.aspx?product_id=nac.m1284174848le&product_idGeo=39842819,https://ode.rsl.wustl.edu/moon/productfiles.aspx?product_id=nac.m1284174848le&product_idGeo=39842819,https://pds.lroc.im-ldi.com/data/LRO-L-LROC-2-EDR-V1.0/LROLRC_0036A/DATA/ESM3/2018171/NAC/M1284174848LE.xml
nac.m1284174848re,2018-06-20T22:59:41.68000,2018-06-20T23:00:09.77800,-1.0,150.899,-85.06,-84.1,144.7,158.1,https://data.lroc.im-ldi.com/lroc/view_lroc/LRO-L-LROC-2-EDR-V1.0/M1284174848RE,https://ode.rsl.wustl.edu/moon/indexproductpage.aspx?product_id=nac.m1284174848re&product_idGeo=39842821,https://ode.rsl.wustl.edu/moon/productfiles.aspx?product_id=nac.m1284174848re&product_idGeo=39842821,https://pds.lroc.im-ldi.com/data/LRO-L-LROC-2-EDR-V1.0/LROLRC_0036A/DATA/ESM3/2018171/NAC/M1284174848RE.xml
nac.m1284266271re,2018-06-22T00:23:23.41900,2018-06-22T00:23:58.82200,-1.0,154.1984,-85.64,-84.96,143.98,165.6,https://data.lroc.im-ldi.com/lroc/view_lroc/LRO-L-LROC-2-EDR-V1.0/M1284266271RE,https://ode.rsl.wustl.edu/moon/indexproductpage.aspx?product_id=nac.m1284266271re&product_idGeo=39844475,https://ode.rsl.wustl.edu/moon/productfiles.aspx?product_id=nac.m1284266271re&product_idGeo=39844475,https://pds.lroc.im-ldi.com/data/LRO-L-LROC-2-EDR-V1.0/LROLRC_0036A/DATA/ESM3/2018173/NAC/M1284266271RE.xml
nac.m1174236519re,2014-12-26T12:34:12.37000,2014-12-26T12:34:27.98000,-1.0,154.8866,-85.27,-84.48,152.3,157.13,https://data.lroc.im-ldi.com/lroc/view_lroc/LRO-L-LROC-2-EDR-V1.0/M1174236519RE,https://ode.rsl.wustl.edu/moon/indexproductpage.aspx?product_id=nac.m1174236519re&product_idGeo=39847903,https://ode.rsl.wustl.edu/moon/productfiles.aspx?product_id=nac.m1174236519re&product_idGeo=39847903,https://pds.lroc.im-ldi.com/data/LRO-L-LROC-2-EDR-V1.0/LROLRC_0022/DATA/ESM2/2014360/NAC/M1174236519RE.xml
nac.m1175835309le,2015-01-14T00:40:42.64000,2015-01-14T00:41:35.71400,-1.0,166.9545,-86.87,-85.13,153.07,188.06,https://data.lroc.im-ldi.com/lroc/view_lroc/LRO-L-LROC-2-EDR-V1.0/M1175835309LE,https://ode.rsl.wustl.edu/moon/indexproductpage.aspx?product_id=nac.m1175835309le&product_idGeo=39876695,https://ode.rsl.wustl.edu/moon/productfiles.aspx?product_id=nac.m1175835309le&product_idGeo=39876695,https://pds.lroc.im-ldi.com/data/LRO-L-LROC-2-EDR-V1.0/LROLRC_0022/DATA/ESM2/2015014/NAC/M1175835309LE.xml
nac.m1175835309re,2015-01-14T00:40:42.64000,2015-01-14T00:41:35.71400,-1.0,166.2126,-86.95,-85.18,152.31,187.66,https://data.lroc.im-ldi.com/lroc/view_lroc/LRO-L-LROC-2-EDR-V1.0/M1175835309RE,https://ode.rsl.wustl.edu/moon/indexproductpage.aspx?product_id=nac.m1175835309re&product_idGeo=39876697,https://ode.rsl.wustl.edu/moon/productfiles.aspx?product_id=nac.m1175835309re&product_idGeo=39876697,https://pds.lroc.im-ldi.com/data/LRO-L-LROC-2-EDR-V1.0/LROLRC_0022/DATA/ESM2/2015014/NAC/M1175835309RE.xml
nac.m1176574529le,2015-01-22T14:01:02.53600,2015-01-22T14:01:27.51300,-1.0,148.9488,-86.48,-85.31,142.43,153.95,https://data.lroc.im-ldi.com/lroc/view_lroc/LRO-L-LROC-2-EDR-V1.0/M1176574529LE,https://ode.rsl.wustl.edu/moon/indexproductpage.aspx?product_id=nac.m1176574529le&product_idGeo=39889436,https://ode.rsl.wustl.edu/moon/productfiles.aspx?product_id=nac.m1176574529le&product_idGeo=39889436,https://pds.lroc.im-ldi.com/data/LRO-L-LROC-2-EDR-V1.0/LROLRC_0022/DATA/ESM2/2015022/NAC/M1176574529LE.xml
nac.m1176581636le,2015-01-22T15:59:29.50100,2015-01-22T16:00:02.80300,-1.0,149.7006,-86.45,-84.88,141.64,155.41,https://data.lroc.im-ldi.com/lroc/view_lroc/LRO-L-LROC-2-EDR-V1.0/M1176581636LE,https://ode.rsl.wustl.edu/moon/indexproductpage.aspx?product_id=nac.m1176581636le&product_idGeo=39889482,https://ode.rsl.wustl.edu/moon/productfiles.aspx?product_id=nac.m1176581636le&product_idGeo=39889482,https://pds.lroc.im-ldi.com/data/LRO-L-LROC-2-EDR-V1.0/LROLRC_0022/DATA/ESM2/2015022/NAC/M1176581636LE.xml
nac.m1176581636re,2015-01-22T15:59:29.50100,2015-01-22T16:00:02.80300,-1.0,150.592,-86.49,-84.91,142.61,156.21,https://data.lroc.im-ldi.com/lroc/view_lroc/LRO-L-LROC-2-EDR-V1.0/M1176581636RE,https://ode.rsl.wustl.edu/moon/indexproductpage.aspx?product_id=nac.m1176581636re&product_idGeo=39889483,https://ode.rsl.wustl.edu/moon/productfiles.aspx?product_id=nac.m1176581636re&product_idGeo=39889483,https://pds.lroc.im-ldi.com/data/LRO-L-LROC-2-EDR-V1.0/LROLRC_0022/DATA/ESM2/2015022/NAC/M1176581636RE.xml
nac.m1176588743le,2015-01-22T17:57:56.82800,2015-01-22T17:58:43.65900,-1.0,151.2397,-86.4,-84.16,141.03,157.65,https://data.lroc.im-ldi.com/lroc/view_lroc/LRO-L-LROC-2-EDR-V1.0/M1176588743LE,https://ode.rsl.wustl.edu/moon/indexproductpage.aspx?product_id=nac.m1176588743le&product_idGeo=39889522,https://ode.rsl.wustl.edu/moon/productfiles.aspx?product_id=nac.m1176588743le&product_idGeo=39889522,https://pds.lroc.im-ldi.com/data/LRO-L-LROC-2-EDR-V1.0/LROLRC_0022/DATA/ESM2/2015022/NAC/M1176588743LE.xml
nac.m1176588743re,2015-01-22T17:57:56.82800,2015-01-22T17:58:43.65900,-1.0,152.0831,-86.44,-84.19,141.99,158.37,https://data.lroc.im-ldi.com/lroc/view_lroc/LRO-L-LROC-2-EDR-V1.0/M1176588743RE,https://ode.rsl.wustl.edu/moon/indexproductpage.aspx?product_id=nac.m1176588743re&product_idGeo=39889523,https://ode.rsl.wustl.edu/moon/productfiles.aspx?product_id=nac.m1176588743re&product_idGeo=39889523,https://pds.lroc.im-ldi.com/data/LRO-L-LROC-2-EDR-V1.0/LROLRC_0022/DATA/ESM2/2015022/NAC/M1176588743RE.xml
nac.m1135647557re,2013-10-05T21:24:50.76700,2013-10-05T21:25:43.84200,-1.0,159.1735,-86.41,-83.73,154.47,168.44,https://data.lroc.im-ldi.com/lroc/view_lroc/LRO-L-LROC-2-EDR-V1.0/M1135647557RE,https://ode.rsl.wustl.edu/moon/indexproductpage.aspx?product_id=nac.m1135647557re&product_idGeo=39977324,https://ode.rsl.wustl.edu/moon/productfiles.aspx?product_id=nac.m1135647557re&product_idGeo=39977324,https://pds.lroc.im-ldi.com/data/LRO-L-LROC-2-EDR-V1.0/LROLRC_0017/DATA/ESM/2013278/NAC/M1135647557RE.xml
nac.m1135654663le,2013-10-05T23:23:16.28100,2013-10-05T23:24:09.35500,-1.0,159.2089,-86.29,-83.61,154.03,168.01,https://data.lroc.im-ldi.com/lroc/view_lroc/LRO-L-LROC-2-EDR-V1.0/M1135654663LE,https://ode.rsl.wustl.edu/moon/indexproductpage.aspx?product_id=nac.m1135654663le&product_idGeo=39977521,https://ode.rsl.wustl.edu/moon/productfiles.aspx?product_id=nac.m1135654663le&product_idGeo=39977521,https://pds.lroc.im-ldi.com/data/LRO-L-LROC-2-EDR-V1.0/LROLRC_0017/DATA/ESM/2013278/NAC/M1135654663LE.xml
nac.m1135654663re,2013-10-05T23:23:16.28100,2013-10-05T23:24:09.35500,-1.0,158.0009,-86.33,-83.64,153.38,167.03,https://data.lroc.im-ldi.com/lroc/view_lroc/LRO-L-LROC-2-EDR-V1.0/M1135654663RE,https://ode.rsl.wustl.edu/moon/indexproductpage.aspx?product_id=nac.m1135654663re&product_idGeo=39977524,https://ode.rsl.wustl.edu/moon/productfiles.aspx?product_id=nac.m1135654663re&product_idGeo=39977524,https://pds.lroc.im-ldi.com/data/LRO-L-LROC-2-EDR-V1.0/LROLRC_0017/DATA/ESM/2013278/NAC/M1135654663RE.xml
nac.m1135668871le,2013-10-06T03:20:04.66900,2013-10-06T03:20:57.74300,-1.0,155.9258,-85.98,-83.29,151.52,164.21,https://data.lroc.im-ldi.com/lroc/view_lroc/LRO-L-LROC-2-EDR-V1.0/M1135668871LE,https://ode.rsl.wustl.edu/moon/indexproductpage.aspx?product_id=nac.m1135668871le&product_idGeo=39978544,https://ode.rsl.wustl.edu/moon/productfiles.aspx?product_id=nac.m1135668871le&product_idGeo=39978544,https://pds.lroc.im-ldi.com/data/LRO-L-LROC-2-EDR-V1.0/LROLRC_0017/DATA/ESM/2013279/NAC/M1135668871LE.xml
nac.m1135668871re,2013-10-06T03:20:04.66900,2013-10-06T03:20:57.74300,-1.0,155.1909,-86.02,-83.31,150.92,163.31,https://data.lroc.im-ldi.com/lroc/view_lroc/LRO-L-LROC-2-EDR-V1.0/M1135668871RE,https://ode.rsl.wustl.edu/moon/indexproductpage.aspx?product_id=nac.m1135668871re&product_idGeo=39978552,https://ode.rsl.wustl.edu/moon/productfiles.aspx?product_id=nac.m1135668871re&product_idGeo=39978552,https://pds.lroc.im-ldi.com/data/LRO-L-LROC-2-EDR-V1.0/LROLRC_0017/DATA/ESM/2013279/NAC/M1135668871RE.xml
nac.m1135683092le,2013-10-06T07:17:05.98800,2013-10-06T07:17:59.06200,-1.0,156.2789,-86.26,-83.6,150.81,165.51,https://data.lroc.im-ldi.com/lroc/view_lroc/LRO-L-LROC-2-EDR-V1.0/M1135683092LE,https://ode.rsl.wustl.edu/moon/indexproductpage.aspx?product_id=nac.m1135683092le&product_idGeo=39979019,https://ode.rsl.wustl.edu/moon/productfiles.aspx?product_id=nac.m1135683092le&product_idGeo=39979019,https://pds.lroc.im-ldi.com/data/LRO-L-LROC-2-EDR-V1.0/LROLRC_0017/DATA/ESM/2013279/NAC/M1135683092LE.xml
nac.m1135683092re,2013-10-06T07:17:05.98800,2013-10-06T07:17:59.06200,-1.0,155.5329,-86.29,-83.63,150.2,164.6,https://data.lroc.im-ldi.com/lroc/view_lroc/LRO-L-LROC-2-EDR-V1.0/M1135683092RE,https://ode.rsl.wustl.edu/moon/indexproductpage.aspx?product_id=nac.m1135683092re&product_idGeo=39979022,https://ode.rsl.wustl.edu/moon/productfiles.aspx?product_id=nac.m1135683092re&product_idGeo=39979022,https://pds.lroc.im-ldi.com/data/LRO-L-LROC-2-EDR-V1.0/LROLRC_0017/DATA/ESM/2013279/NAC/M1135683092RE.xml
nac.m1150710851le,2014-03-29T05:39:44.29200,2014-03-29T05:40:37.36700,-1.0,147.9109,-87.25,-84.72,132.91,155.81,https://data.lroc.im-ldi.com/lroc/view_lroc/LRO-L-LROC-2-EDR-V1.0/M1150710851LE,https://ode.rsl.wustl.edu/moon/indexproductpage.aspx?product_id=nac.m1150710851le&product_idGeo=39979071,https://ode.rsl.wustl.edu/moon/productfiles.aspx?product_id=nac.m1150710851le&product_idGeo=39979071,https://pds.lroc.im-ldi.com/data/LRO-L-LROC-2-EDR-V1.0/LROLRC_0019/DATA/ESM/2014088/NAC/M1150710851LE.xml
nac.m1150710851re,2014-03-29T05:39:44.29200,2014-03-29T05:40:37.36700,-1.0,147.502,-87.21,-84.7,131.97,155.16,https://data.lroc.im-ldi.com/lroc/view_lroc/LRO-L-LROC-2-EDR-V1.0/M1150710851RE,https://ode.rsl.wustl.edu/moon/indexproductpage.aspx?product_id=nac.m1150710851re&product_idGeo=39979073,https://ode.rsl.wustl.edu/moon/productfiles.aspx?product_id=nac.m1150710851re&product_idGeo=39979073,https://pds.lroc.im-ldi.com/data/LRO-L-LROC-2-EDR-V1.0/LROLRC_0019/DATA/ESM/2014088/NAC/M1150710851RE.xml
nac.m1135697299le,2013-10-06T11:13:52.63100,2013-10-06T11:14:45.70600,-1.0,152.4642,-85.82,-83.14,147.97,160.69,https://data.lroc.im-ldi.com/lroc/view_lroc/LRO-L-LROC-2-EDR-V1.0/M1135697299LE,https://ode.rsl.wustl.edu/moon/indexproductpage.aspx?product_id=nac.m1135697299le&product_idGeo=39979311,https://ode.rsl.wustl.edu/moon/productfiles.aspx?product_id=nac.m1135697299le&product_idGeo=39979311,https://pds.lroc.im-ldi.com/data/LRO-L-LROC-2-EDR-V1.0/LROLRC_0017/DATA/ESM/2013279/NAC/M1135697299LE.xml
nac.m1135697299re,2013-10-06T11:13:52.63100,2013-10-06T11:14:45.70600,-1.0,152.1336,-85.85,-83.16,147.4,159.86,https://data.lroc.im-ldi.com/lroc/view_lroc/LRO-L-LROC-2-EDR-V1.0/M1135697299RE,https://ode.rsl.wustl.edu/moon/indexproductpage.aspx?product_id=nac.m1135697299re&product_idGeo=39979314,https://ode.rsl.wustl.edu/moon/productfiles.aspx?product_id=nac.m1135697299re&product_idGeo=39979314,https://pds.lroc.im-ldi.com/data/LRO-L-LROC-2-EDR-V1.0/LROLRC_0017/DATA/ESM/2013279/NAC/M1135697299RE.xml
nac.m1135711530le,2013-10-06T15:11:03.20900,2013-10-06T15:11:56.28400,-1.0,155.4282,-86.46,-83.87,148.67,165.93,https://data.lroc.im-ldi.com/lroc/view_lroc/LRO-L-LROC-2-EDR-V1.0/M1135711530LE,https://ode.rsl.wustl.edu/moon/indexproductpage.aspx?product_id=nac.m1135711530le&product_idGeo=39979574,https://ode.rsl.wustl.edu/moon/productfiles.aspx?product_id=nac.m1135711530le&product_idGeo=39979574,https://pds.lroc.im-ldi.com/data/LRO-L-LROC-2-EDR-V1.0/LROLRC_0017/DATA/ESM/2013279/NAC/M1135711530LE.xml
nac.m1135711530re,2013-10-06T15:11:03.20900,2013-10-06T15:11:56.28400,-1.0,154.2989,-86.5,-83.9,148.05,165.06,https://data.lroc.im-ldi.com/lroc/view_lroc/LRO-L-LROC-2-EDR-V1.0/M1135711530RE,https://ode.rsl.wustl.edu/moon/indexproductpage.aspx?product_id=nac.m1135711530re&product_idGeo=39979575,https://ode.rsl.wustl.edu/moon/productfiles.aspx?product_id=nac.m1135711530re&product_idGeo=39979575,https://pds.lroc.im-ldi.com/data/LRO-L-LROC-2-EDR-V1.0/LROLRC_0017/DATA/ESM/2013279/NAC/M1135711530RE.xml
nac.m1135725736le,2013-10-06T19:07:49.16100,2013-10-06T19:08:42.23600,-1.0,150.8391,-85.97,-83.33,145.37,159.77,https://data.lroc.im-ldi.com/lroc/view_lroc/LRO-L-LROC-2-EDR-V1.0/M1135725736LE,https://ode.rsl.wustl.edu/moon/indexproductpage.aspx?product_id=nac.m1135725736le&product_idGeo=39979875,https://ode.rsl.wustl.edu/moon/productfiles.aspx?product_id=nac.m1135725736le&product_idGeo=39979875,https://pds.lroc.im-ldi.com/data/LRO-L-LROC-2-EDR-V1.0/LROLRC_0017/DATA/ESM/2013279/NAC/M1135725736LE.xml
nac.m1135725736re,2013-10-06T19:07:49.16100,2013-10-06T19:08:42.23600,-1.0,150.1646,-86.0,-83.36,144.81,158.97,https://data.lroc.im-ldi.com/lroc/view_lroc/LRO-L-LROC-2-EDR-V1.0/M1135725736RE,https://ode.rsl.wustl.edu/moon/indexproductpage.aspx?product_id=nac.m1135725736re&product_idGeo=39979877,https://ode.rsl.wustl.edu/moon/productfiles.aspx?product_id=nac.m1135725736re&product_idGeo=39979877,https://pds.lroc.im-ldi.com/data/LRO-L-LROC-2-EDR-V1.0/LROLRC_0017/DATA/ESM/2013279/NAC/M1135725736RE.xml
nac.m1135739966le,2013-10-06T23:04:59.82400,2013-10-06T23:05:52.89900,-1.0,152.9168,-86.55,-84.03,146.2,165.43,https://data.lroc.im-ldi.com/lroc/view_lroc/LRO-L-LROC-2-EDR-V1.0/M1135739966LE,https://ode.rsl.wustl.edu/moon/indexproductpage.aspx?product_id=nac.m1135739966le&product_idGeo=39980159,https://ode.rsl.wustl.edu/moon/productfiles.aspx?product_id=nac.m1135739966le&product_idGeo=39980159,https://pds.lroc.im-ldi.com/data/LRO-L-LROC-2-EDR-V1.0/LROLRC_0017/DATA/ESM/2013279/NAC/M1135739966LE.xml
nac.m1135739966re,2013-10-06T23:04:59.82400,2013-10-06T23:05:52.89900,-1.0,152.9577,-86.59,-84.05,145.59,164.6,https://data.lroc.im-ldi.com/lroc/view_lroc/LRO-L-LROC-2-EDR-V1.0/M1135739966RE,https://ode.rsl.wustl.edu/moon/indexproductpage.aspx?product_id=nac.m1135739966re&product_idGeo=39980162,https://ode.rsl.wustl.edu/moon/productfiles.aspx?product_id=nac.m1135739966re&product_idGeo=39980162,https://pds.lroc.im-ldi.com/data/LRO-L-LROC-2-EDR-V1.0/LROLRC_0017/DATA/ESM/2013279/NAC/M1135739966RE.xml
nac.m1159246048le,2014-07-06T00:33:01.20600,2014-07-06T00:33:54.28100,-1.0,163.3458,-86.85,-84.43,155.08,177.65,https://data.lroc.im-ldi.com/lroc/view_lroc/LRO-L-LROC-2-EDR-V1.0/M1159246048LE,https://ode.rsl.wustl.edu/moon/indexproductpage.aspx?product_id=nac.m1159246048le&product_idGeo=40035855,https://ode.rsl.wustl.edu/moon/productfiles.aspx?product_id=nac.m1159246048le&product_idGeo=40035855,https://pds.lroc.im-ldi.com/data/LRO-L-LROC-2-EDR-V1.0/LROLRC_0020/DATA/ESM/2014187/NAC/M1159246048LE.xml
nac.m1159246048re,2014-07-06T00:33:01.20600,2014-07-06T00:33:54.28100,-1.0,164.3279,-86.78,-84.39,155.92,178.69,https://data.lroc.im-ldi.com/lroc/view_lroc/LRO-L-LROC-2-EDR-V1.0/M1159246048RE,https://ode.rsl.wustl.edu/moon/indexproductpage.aspx?product_id=nac.m1159246048re&product_idGeo=40035859,https://ode.rsl.wustl.edu/moon/productfiles.aspx?product_id=nac.m1159246048re&product_idGeo=40035859,https://pds.lroc.im-ldi.com/data/LRO-L-LROC-2-EDR-V1.0/LROLRC_0020/DATA/ESM/2014187/NAC/M1159246048RE.xml
nac.m1159260284le,2014-07-06T04:30:26.65500,2014-07-06T04:30:36.94700,-1.0,157.4298,-85.31,-84.78,155.53,159.51,https://data.lroc.im-ldi.com/lroc/view_lroc/LRO-L-LROC-2-EDR-V1.0/M1159260284LE,https://ode.rsl.wustl.edu/moon/indexproductpage.aspx?product_id=nac.m1159260284le&product_idGeo=40036372,https://ode.rsl.wustl.edu/moon/productfiles.aspx?product_id=nac.m1159260284le&product_idGeo=40036372,https://pds.lroc.im-ldi.com/data/LRO-L-LROC-2-EDR-V1.0/LROLRC_0020/DATA/ESM/2014187/NAC/M1159260284LE.xml
nac.m1159267394le,2014-07-06T06:28:47.78200,2014-07-06T06:29:40.85700,-1.0,157.8019,-86.4,-83.91,150.7,169.59,https://data.lroc.im-ldi.com/lroc/view_lroc/LRO-L-LROC-2-EDR-V1.0/M1159267394LE,https://ode.rsl.wustl.edu/moon/indexproductpage.aspx?product_id=nac.m1159267394le&product_idGeo=40036606,https://ode.rsl.wustl.edu/moon/productfiles.aspx?product_id=nac.m1159267394le&product_idGeo=40036606,https://pds.lroc.im-ldi.com/data/LRO-L-LROC-2-EDR-V1.0/LROLRC_0020/DATA/ESM/2014187/NAC/M1159267394LE.xml
nac.m1159267394re,2014-07-06T06:28:47.78200,2014-07-06T06:29:40.85700,-1.0,158.6958,-86.34,-83.87,151.46,170.58,https://data.lroc.im-ldi.com/lroc/view_lroc/LRO-L-LROC-2-EDR-V1.0/M1159267394RE,https://ode.rsl.wustl.edu/moon/indexproductpage.aspx?product_id=nac.m1159267394re&product_idGeo=40036609,https://ode.rsl.wustl.edu/moon/productfiles.aspx?product_id=nac.m1159267394re&product_idGeo=40036609,https://pds.lroc.im-ldi.com/data/LRO-L-LROC-2-EDR-V1.0/LROLRC_0020/DATA/ESM/2014187/NAC/M1159267394RE.xml
nac.m1159281634le,2014-07-06T10:26:08.07300,2014-07-06T10:27:01.14800,-1.0,157.5118,-86.44,-83.99,149.54,169.46,https://data.lroc.im-ldi.com/lroc/view_lroc/LRO-L-LROC-2-EDR-V1.0/M1159281634LE,https://ode.rsl.wustl.edu/moon/indexproductpage.aspx?product_id=nac.m1159281634le&product_idGeo=40036982,https://ode.rsl.wustl.edu/moon/productfiles.aspx?product_id=nac.m1159281634le&product_idGeo=40036982,https://pds.lroc.im-ldi.com/data/LRO-L-LROC-2-EDR-V1.0/LROLRC_0020/DATA/ESM/2014187/NAC/M1159281634LE.xml
nac.m1159281634re,2014-07-06T10:26:08.07300,2014-07-06T10:27:01.14800,-1.0,158.385,-86.38,-83.95,150.31,170.42,https://data.lroc.im-ldi.com/lroc/view_lroc/LRO-L-LROC-2-EDR-V1.0/M1159281634RE,https://ode.rsl.wustl.edu/moon/indexproductpage.aspx?product_id=nac.m1159281634re&product_idGeo=40036987,https://ode.rsl.wustl.edu/moon/productfiles.aspx?product_id=nac.m1159281634re&product_idGeo=40036987,https://pds.lroc.im-ldi.com/data/LRO-L-LROC-2-EDR-V1.0/LROLRC_0020/DATA/ESM/2014187/NAC/M1159281634RE.xml
nac.m1159302973le,2014-07-06T16:21:46.98400,2014-07-06T16:22:40.05800,-1.0,149.6358,-85.6,-83.03,143.57,158.03,https://data.lroc.im-ldi.com/lroc/view_lroc/LRO-L-LROC-2-EDR-V1.0/M1159302973LE,https://ode.rsl.wustl.edu/moon/indexproductpage.aspx?product_id=nac.m1159302973le&product_idGeo=40037413,https://ode.rsl.wustl.edu/moon/productfiles.aspx?product_id=nac.m1159302973le&product_idGeo=40037413,https://pds.lroc.im-ldi.com/data/LRO-L-LROC-2-EDR-V1.0/LROLRC_0020/DATA/ESM/2014187/NAC/M1159302973LE.xml
nac.m1159302973re,2014-07-06T16:21:46.98400,2014-07-06T16:22:40.05800,-1.0,149.5919,-85.55,-83.0,144.24,158.92,https://data.lroc.im-ldi.com/lroc/view_lroc/LRO-L-LROC-2-EDR-V1.0/M1159302973RE,https://ode.rsl.wustl.edu/moon/indexproductpage.aspx?product_id=nac.m1159302973re&product_idGeo=40037418,https://ode.rsl.wustl.edu/moon/productfiles.aspx?product_id=nac.m1159302973re&product_idGeo=40037418,https://pds.lroc.im-ldi.com/data/LRO-L-LROC-2-EDR-V1.0/LROLRC_0020/DATA/ESM/2014187/NAC/M1159302973RE.xml
nac.m1159331467le,2014-07-07T00:16:40.88400,2014-07-07T00:17:33.95800,-1.0,150.4506,-86.21,-83.78,143.0,162.45,https://data.lroc.im-ldi.com/lroc/view_lroc/LRO-L-LROC-2-EDR-V1.0/M1159331467LE,https://ode.rsl.wustl.edu/moon/indexproductpage.aspx?product_id=nac.m1159331467le&product_idGeo=40038414,https://ode.rsl.wustl.edu/moon/productfiles.aspx?product_id=nac.m1159331467le&product_idGeo=40038414,https://pds.lroc.im-ldi.com/data/LRO-L-LROC-2-EDR-V1.0/LROLRC_0020/DATA/ESM/2014188/NAC/M1159331467LE.xml
nac.m1159331467re,2014-07-07T00:16:40.88400,2014-07-07T00:17:33.95800,-1.0,151.2828,-86.15,-83.74,143.72,163.33,https://data.lroc.im-ldi.com/lroc/view_lroc/LRO-L-LROC-2-EDR-V1.0/M1159331467RE,https://ode.rsl.wustl.edu/moon/indexproductpage.aspx?product_id=nac.m1159331467re&product_idGeo=40038416,https://ode.rsl.wustl.edu/moon/productfiles.aspx?product_id=nac.m1159331467re&product_idGeo=40038416,https://pds.lroc.im-ldi.com/data/LRO-L-LROC-2-EDR-V1.0/LROLRC_0020/DATA/ESM/2014188/NAC/M1159331467RE.xml
nac.m1159345709re,2014-07-07T04:14:02.81000,2014-07-07T04:14:55.88500,-1.0,150.5079,-86.22,-83.86,142.53,163.23,https://data.lroc.im-ldi.com/lroc/view_lroc/LRO-L-LROC-2-EDR-V1.0/M1159345709RE,https://ode.rsl.wustl.edu/moon/indexproductpage.aspx?product_id=nac.m1159345709re&product_idGeo=40038868,https://ode.rsl.wustl.edu/moon/productfiles.aspx?product_id=nac.m1159345709re&product_idGeo=40038868,https://pds.lroc.im-ldi.com/data/LRO-L-LROC-2-EDR-V1.0/LROLRC_0020/DATA/ESM/2014188/NAC/M1159345709RE.xml
nac.m1153053008re,2014-04-25T08:15:41.92200,2014-04-25T08:15:56.49100,-1.0,151.3091,-85.99,-85.26,148.25,153.94,https://data.lroc.im-ldi.com/lroc/view_lroc/LRO-L-LROC-2-EDR-V1.0/M1153053008RE,https://ode.rsl.wustl.edu/moon/indexproductpage.aspx?product_id=nac.m1153053008re&product_idGeo=40054963,https://ode.rsl.wustl.edu/moon/productfiles.aspx?product_id=nac.m1153053008re&product_idGeo=40054963,https://pds.lroc.im-ldi.com/data/LRO-L-LROC-2-EDR-V1.0/LROLRC_0019/DATA/ESM/2014115/NAC/M1153053008RE.xml
nac.m1153060127le,2014-04-25T10:14:20.77700,2014-04-25T10:14:35.34700,-1.0,151.2965,-86.0,-85.26,148.32,153.85,https://data.lroc.im-ldi.com/lroc/view_lroc/LRO-L-LROC-2-EDR-V1.0/M1153060127LE,https://ode.rsl.wustl.edu/moon/indexproductpage.aspx?product_id=nac.m1153060127le&product_idGeo=40055146,https://ode.rsl.wustl.edu/moon/productfiles.aspx?product_id=nac.m1153060127le&product_idGeo=40055146,https://pds.lroc.im-ldi.com/data/LRO-L-LROC-2-EDR-V1.0/LROLRC_0019/DATA/ESM/2014115/NAC/M1153060127LE.xml
nac.m1153060127re,2014-04-25T10:14:20.77700,2014-04-25T10:14:35.34700,-1.0,150.3754,-85.96,-85.23,147.35,152.98,https://data.lroc.im-ldi.com/lroc/view_lroc/LRO-L-LROC-2-EDR-V1.0/M1153060127RE,https://ode.rsl.wustl.edu/moon/indexproductpage.aspx?product_id=nac.m1153060127re&product_idGeo=40055149,https://ode.rsl.wustl.edu/moon/productfiles.aspx?product_id=nac.m1153060127re&product_idGeo=40055149,https://pds.lroc.im-ldi.com/data/LRO-L-LROC-2-EDR-V1.0/LROLRC_0019/DATA/ESM/2014115/NAC/M1153060127RE.xml
nac.m1153067246le,2014-04-25T12:12:59.61200,2014-04-25T12:13:15.22200,-1.0,150.5376,-85.97,-85.17,147.44,153.17,https://data.lroc.im-ldi.com/lroc/view_lroc/LRO-L-LROC-2-EDR-V1.0/M1153067246LE,https://ode.rsl.wustl.edu/moon/indexproductpage.aspx?product_id=nac.m1153067246le&product_idGeo=40055552,https://ode.rsl.wustl.edu/moon/productfiles.aspx?product_id=nac.m1153067246le&product_idGeo=40055552,https://pds.lroc.im-ldi.com/data/LRO-L-LROC-2-EDR-V1.0/LROLRC_0019/DATA/ESM/2014115/NAC/M1153067246LE.xml
nac.m1146007482re,2014-02-02T19:10:15.12400,2014-02-02T19:10:38.01900,-1.0,149.1124,-86.38,-85.23,144.32,152.81,https://data.lroc.im-ldi.com/lroc/view_lroc/LRO-L-LROC-2-EDR-V1.0/M1146007482RE,https://ode.rsl.wustl.edu/moon/indexproductpage.aspx?product_id=nac.m1146007482re&product_idGeo=40057841,https://ode.rsl.wustl.edu/moon/productfiles.aspx?product_id=nac.m1146007482re&product_idGeo=40057841,https://pds.lroc.im-ldi.com/data/LRO-L-LROC-2-EDR-V1.0/LROLRC_0018/DATA/ESM/2014033/NAC/M1146007482RE.xml
nac.m1138008027re,2013-11-02T05:06:00.24400,2013-11-02T05:06:53.31900,-1.0,161.7082,-86.87,-84.25,155.82,173.66,https://data.lroc.im-ldi.com/lroc/view_lroc/LRO-L-LROC-2-EDR-V1.0/M1138008027RE,https://ode.rsl.wustl.edu/moon/indexproductpage.aspx?product_id=nac.m1138008027re&product_idGeo=40062456,https://ode.rsl.wustl.edu/moon/productfiles.aspx?product_id=nac.m1138008027re&product_idGeo=40062456,https://pds.lroc.im-ldi.com/data/LRO-L-LROC-2-EDR-V1.0/LROLRC_0017/DATA/ESM/2013306/NAC/M1138008027RE.xml
nac.m1138022246le,2013-11-02T09:02:59.34100,2013-11-02T09:03:52.41600,-1.0,160.8806,-86.76,-84.17,154.76,172.96,https://data.lroc.im-ldi.com/lroc/view_lroc/LRO-L-LROC-2-EDR-V1.0/M1138022246LE,https://ode.rsl.wustl.edu/moon/indexproductpage.aspx?product_id=nac.m1138022246le&product_idGeo=40063052,https://ode.rsl.wustl.edu/moon/productfiles.aspx?product_id=nac.m1138022246le&product_idGeo=40063052,https://pds.lroc.im-ldi.com/data/LRO-L-LROC-2-EDR-V1.0/LROLRC_0017/DATA/ESM/2013306/NAC/M1138022246LE.xml
nac.m1138022246re,2013-11-02T09:02:59.34100,2013-11-02T09:03:52.41600,-1.0,160.9213,-86.8,-84.19,154.07,171.95,https://data.lroc.im-ldi.com/lroc/view_lroc/LRO-L-LROC-2-EDR-V1.0/M1138022246RE,https://ode.rsl.wustl.edu/moon/indexproductpage.aspx?product_id=nac.m1138022246re&product_idGeo=40063054,https://ode.rsl.wustl.edu/moon/productfiles.aspx?product_id=nac.m1138022246re&product_idGeo=40063054,https://pds.lroc.im-ldi.com/data/LRO-L-LROC-2-EDR-V1.0/LROLRC_0017/DATA/ESM/2013306/NAC/M1138022246RE.xml
nac.m1138029318le,2013-11-02T11:00:51.11900,2013-11-02T11:01:44.19300,-1.0,152.375,-84.93,-82.18,148.81,157.81,https://data.lroc.im-ldi.com/lroc/view_lroc/LRO-L-LROC-2-EDR-V1.0/M1138029318LE,https://ode.rsl.wustl.edu/moon/indexproductpage.aspx?product_id=nac.m1138029318le&product_idGeo=40063248,https://ode.rsl.wustl.edu/moon/productfiles.aspx?product_id=nac.m1138029318le&product_idGeo=40063248,https://pds.lroc.im-ldi.com/data/LRO-L-LROC-2-EDR-V1.0/LROLRC_0017/DATA/ESM/2013306/NAC/M1138029318LE.xml
nac.m1138029318re,2013-11-02T11:00:51.11900,2013-11-02T11:01:44.19300,-1.0,151.7586,-84.96,-82.2,148.29,157.06,https://data.lroc.im-ldi.com/lroc/view_lroc/LRO-L-LROC-2-EDR-V1.0/M1138029318RE,https://ode.rsl.wustl.edu/moon/indexproductpage.aspx?product_id=nac.m1138029318re&product_idGeo=40063251,https://ode.rsl.wustl.edu/moon/productfiles.aspx?product_id=nac.m1138029318re&product_idGeo=40063251,https://pds.lroc.im-ldi.com/data/LRO-L-LROC-2-EDR-V1.0/LROLRC_0017/DATA/ESM/2013306/NAC/M1138029318RE.xml
nac.m1138036470le,2013-11-02T13:00:03.51400,2013-11-02T13:00:56.58900,-1.0,161.1801,-86.89,-84.35,153.93,174.13,https://data.lroc.im-ldi.com/lroc/view_lroc/LRO-L-LROC-2-EDR-V1.0/M1138036470LE,https://ode.rsl.wustl.edu/moon/indexproductpage.aspx?product_id=nac.m1138036470le&product_idGeo=40063522,https://ode.rsl.wustl.edu/moon/productfiles.aspx?product_id=nac.m1138036470le&product_idGeo=40063522,https://pds.lroc.im-ldi.com/data/LRO-L-LROC-2-EDR-V1.0/LROLRC_0017/DATA/ESM/2013306/NAC/M1138036470LE.xml
nac.m1138036470re,2013-11-02T13:00:03.51400,2013-11-02T13:00:56.58900,-1.0,159.8855,-86.94,-84.38,153.25,173.15,https://data.lroc.im-ldi.com/lroc/view_lroc/LRO-L-LROC-2-EDR-V1.0/M1138036470RE,https://ode.rsl.wustl.edu/moon/indexproductpage.aspx?product_id=nac.m1138036470re&product_idGeo=40063531,https://ode.rsl.wustl.edu/moon/productfiles.aspx?product_id=nac.m1138036470re&product_idGeo=40063531,https://pds.lroc.im-ldi.com/data/LRO-L-LROC-2-EDR-V1.0/LROLRC_0017/DATA/ESM/2013306/NAC/M1138036470RE.xml
nac.m1138050693le,2013-11-02T16:57:06.51100,2013-11-02T16:57:59.58600,-1.0,160.6169,-86.95,-84.44,152.89,174.47,https://data.lroc.im-ldi.com/lroc/view_lroc/LRO-L-LROC-2-EDR-V1.0/M1138050693LE,https://ode.rsl.wustl.edu/moon/indexproductpage.aspx?product_id=nac.m1138050693le&product_idGeo=40063964,https://ode.rsl.wustl.edu/moon/productfiles.aspx?product_id=nac.m1138050693le&product_idGeo=40063964,https://pds.lroc.im-ldi.com/data/LRO-L-LROC-2-EDR-V1.0/LROLRC_0017/DATA/ESM/2013306/NAC/M1138050693LE.xml
nac.m1138050693re,2013-11-02T16:57:06.51100,2013-11-02T16:57:59.58600,-1.0,159.8036,-86.99,-84.47,152.21,173.53,https://data.lroc.im-ldi.com/lroc/view_lroc/LRO-L-LROC-2-EDR-V1.0/M1138050693RE,https://ode.rsl.wustl.edu/moon/indexproductpage.aspx?product_id=nac.m1138050693re&product_idGeo=40063972,https://ode.rsl.wustl.edu/moon/productfiles.aspx?product_id=nac.m1138050693re&product_idGeo=40063972,https://pds.lroc.im-ldi.com/data/LRO-L-LROC-2-EDR-V1.0/LROLRC_0017/DATA/ESM/2013306/NAC/M1138050693RE.xml
nac.m1138057764le,2013-11-02T18:54:57.55600,2013-11-02T18:55:50.63000,-1.0,149.9972,-85.13,-82.41,145.98,156.2,https://data.lroc.im-ldi.com/lroc/view_lroc/LRO-L-LROC-2-EDR-V1.0/M1138057764LE,https://ode.rsl.wustl.edu/moon/indexproductpage.aspx?product_id=nac.m1138057764le&product_idGeo=40064149,https://ode.rsl.wustl.edu/moon/productfiles.aspx?product_id=nac.m1138057764le&product_idGeo=40064149,https://pds.lroc.im-ldi.com/data/LRO-L-LROC-2-EDR-V1.0/LROLRC_0017/DATA/ESM/2013306/NAC/M1138057764LE.xml
nac.m1138057764re,2013-11-02T18:54:57.55600,2013-11-02T18:55:50.63000,-1.0,149.3864,-85.16,-82.43,145.46,155.47,https://data.lroc.im-ldi.com/lroc/view_lroc/LRO-L-LROC-2-EDR-V1.0/M1138057764RE,https://ode.rsl.wustl.edu/moon/indexproductpage.aspx?product_id=nac.m1138057764re&product_idGeo=40064155,https://ode.rsl.wustl.edu/moon/productfiles.aspx?product_id=nac.m1138057764re&product_idGeo=40064155,https://pds.lroc.im-ldi.com/data/LRO-L-LROC-2-EDR-V1.0/LROLRC_0017/DATA/ESM/2013306/NAC/M1138057764RE.xml
nac.m1138072026le,2013-11-02T22:52:39.42700,2013-11-02T22:53:32.50100,-1.0,158.9559,-86.92,-84.45,150.84,173.33,https://data.lroc.im-ldi.com/lroc/view_lroc/LRO-L-LROC-2-EDR-V1.0/M1138072026LE,https://ode.rsl.wustl.edu/moon/indexproductpage.aspx?product_id=nac.m1138072026le&product_idGeo=40064523,https://ode.rsl.wustl.edu/moon/productfiles.aspx?product_id=nac.m1138072026le&product_idGeo=40064523,https://pds.lroc.im-ldi.com/data/LRO-L-LROC-2-EDR-V1.0/LROLRC_0017/DATA/ESM/2013306/NAC/M1138072026LE.xml
nac.m1138072026re,2013-11-02T22:52:39.42700,2013-11-02T22:53:32.50100,-1.0,158.1591,-86.97,-84.48,150.18,172.45,https://data.lroc.im-ldi.com/lroc/view_lroc/LRO-L-LROC-2-EDR-V1.0/M1138072026RE,https://ode.rsl.wustl.edu/moon/indexproductpage.aspx?product_id=nac.m1138072026re&product_idGeo=40064526,https://ode.rsl.wustl.edu/moon/productfiles.aspx?product_id=nac.m1138072026re&product_idGeo=40064526,https://pds.lroc.im-ldi.com/data/LRO-L-LROC-2-EDR-V1.0/LROLRC_0017/DATA/ESM/2013306/NAC/M1138072026RE.xml
nac.m1138079098le,2013-11-03T00:50:31.40300,2013-11-03T00:51:24.47800,-1.0,147.9099,-85.17,-82.47,143.65,154.49,https://data.lroc.im-ldi.com/lroc/view_lroc/LRO-L-LROC-2-EDR-V1.0/M1138079098LE,https://ode.rsl.wustl.edu/moon/indexproductpage.aspx?product_id=nac.m1138079098le&product_idGeo=40065098,https://ode.rsl.wustl.edu/moon/productfiles.aspx?product_id=nac.m1138079098le&product_idGeo=40065098,https://pds.lroc.im-ldi.com/data/LRO-L-LROC-2-EDR-V1.0/LROLRC_0017/DATA/ESM/2013307/NAC/M1138079098LE.xml
nac.m1138079098re,2013-11-03T00:50:31.40300,2013-11-03T00:51:24.47800,-1.0,147.3085,-85.2,-82.49,143.14,153.77,https://data.lroc.im-ldi.com/lroc/view_lroc/LRO-L-LROC-2-EDR-V1.0/M1138079098RE,https://ode.rsl.wustl.edu/moon/indexproductpage.aspx?product_id=nac.m1138079098re&product_idGeo=40065106,https://ode.rsl.wustl.edu/moon/productfiles.aspx?product_id=nac.m1138079098re&product_idGeo=40065106,https://pds.lroc.im-ldi.com/data/LRO-L-LROC-2-EDR-V1.0/LROLRC_0017/DATA/ESM/2013307/NAC/M1138079098RE.xml
nac.m1138093364le,2013-11-03T04:48:17.16500,2013-11-03T04:49:10.23900,-1.0,158.8635,-87.03,-84.66,149.71,175.09,https://data.lroc.im-ldi.com/lroc/view_lroc/LRO-L-LROC-2-EDR-V1.0/M1138093364LE,https://ode.rsl.wustl.edu/moon/indexproductpage.aspx?product_id=nac.m1138093364le&product_idGeo=40065546,https://ode.rsl.wustl.edu/moon/productfiles.aspx?product_id=nac.m1138093364le&product_idGeo=40065546,https://pds.lroc.im-ldi.com/data/LRO-L-LROC-2-EDR-V1.0/LROLRC_0017/DATA/ESM/2013307/NAC/M1138093364LE.xml
nac.m1138093364re,2013-11-03T04:48:17.16500,2013-11-03T04:49:10.23900,-1.0,158.0689,-87.09,-84.69,149.04,174.28,https://data.lroc.im-ldi.com/lroc/view_lroc/LRO-L-LROC-2-EDR-V1.0/M1138093364RE,https://ode.rsl.wustl.edu/moon/indexproductpage.aspx?product_id=nac.m1138093364re&product_idGeo=40065551,https://ode.rsl.wustl.edu/moon/productfiles.aspx?product_id=nac.m1138093364re&product_idGeo=40065551,https://pds.lroc.im-ldi.com/data/LRO-L-LROC-2-EDR-V1.0/LROLRC_0017/DATA/ESM/2013307/NAC/M1138093364RE.xml
nac.m1138100435le,2013-11-03T06:46:08.84600,2013-11-03T06:47:01.92100,-1.0,146.3161,-85.34,-82.67,141.63,153.62,https://data.lroc.im-ldi.com/lroc/view_lroc/LRO-L-LROC-2-EDR-V1.0/M1138100435LE,https://ode.rsl.wustl.edu/moon/indexproductpage.aspx?product_id=nac.m1138100435le&product_idGeo=40065707,https://ode.rsl.wustl.edu/moon/productfiles.aspx?product_id=nac.m1138100435le&product_idGeo=40065707,https://pds.lroc.im-ldi.com/data/LRO-L-LROC-2-EDR-V1.0/LROLRC_0017/DATA/ESM/2013307/NAC/M1138100435LE.xml
nac.m1138100435re,2013-11-03T06:46:08.84600,2013-11-03T06:47:01.92100,-1.0,145.7155,-85.38,-82.69,141.12,152.9,https://data.lroc.im-ldi.com/lroc/view_lroc/LRO-L-LROC-2-EDR-V1.0/M1138100435RE,https://ode.rsl.wustl.edu/moon/indexproductpage.aspx?product_id=nac.m1138100435re&product_idGeo=40065711,https://ode.rsl.wustl.edu/moon/productfiles.aspx?product_id=nac.m1138100435re&product_idGeo=40065711,https://pds.lroc.im-ldi.com/data/LRO-L-LROC-2-EDR-V1.0/LROLRC_0017/DATA/ESM/2013307/NAC/M1138100435RE.xml
nac.m1161602355le,2014-08-02T07:04:48.07800,2014-08-02T07:05:41.15200,-1.0,153.573,-85.24,-82.59,148.98,160.61,https://data.lroc.im-ldi.com/lroc/view_lroc/LRO-L-LROC-2-EDR-V1.0/M1161602355LE,https://ode.rsl.wustl.edu/moon/indexproductpage.aspx?product_id=nac.m1161602355le&product_idGeo=40121334,https://ode.rsl.wustl.edu/moon/productfiles.aspx?product_id=nac.m1161602355le&product_idGeo=40121334,https://pds.lroc.im-ldi.com/data/LRO-L-LROC-2-EDR-V1.0/LROLRC_0020/DATA/ESM/2014214/NAC/M1161602355LE.xml
nac.m1161602355re,2014-08-02T07:04:48.07800,2014-08-02T07:05:41.15200,-1.0,154.3481,-85.19,-82.56,149.65,161.52,https://data.lroc.im-ldi.com/lroc/view_lroc/LRO-L-LROC-2-EDR-V1.0/M1161602355RE,https://ode.rsl.wustl.edu/moon/indexproductpage.aspx?product_id=nac.m1161602355re&product_idGeo=40121339,https://ode.rsl.wustl.edu/moon/productfiles.aspx?product_id=nac.m1161602355re&product_idGeo=40121339,https://pds.lroc.im-ldi.com/data/LRO-L-LROC-2-EDR-V1.0/LROLRC_0020/DATA/ESM/2014214/NAC/M1161602355RE.xml
nac.m1161623742le,2014-08-02T13:01:20.22200,2014-08-02T13:01:38.74800,-1.0,155.5045,-85.24,-84.32,152.73,158.76,https://data.lroc.im-ldi.com/lroc/view_lroc/LRO-L-LROC-2-EDR-V1.0/M1161623742LE,https://ode.rsl.wustl.edu/moon/indexproductpage.aspx?product_id=nac.m1161623742le&product_idGeo=40121893,https://ode.rsl.wustl.edu/moon/productfiles.aspx?product_id=nac.m1161623742le&product_idGeo=40121893,https://pds.lroc.im-ldi.com/data/LRO-L-LROC-2-EDR-V1.0/LROLRC_0020/DATA/ESM/2014214/NAC/M1161623742LE.xml
nac.m1161623742re,2014-08-02T13:01:20.22200,2014-08-02T13:01:38.74800,-1.0,156.3501,-85.19,-84.28,153.54,159.64,https://data.lroc.im-ldi.com/lroc/view_lroc/LRO-L-LROC-2-EDR-V1.0/M1161623742RE,https://ode.rsl.wustl.edu/moon/indexproductpage.aspx?product_id=nac.m1161623742re&product_idGeo=40121894,https://ode.rsl.wustl.edu/moon/productfiles.aspx?product_id=nac.m1161623742re&product_idGeo=40121894,https://pds.lroc.im-ldi.com/data/LRO-L-LROC-2-EDR-V1.0/LROLRC_0020/DATA/ESM/2014214/NAC/M1161623742RE.xml
nac.m1161680695le,2014-08-03T04:50:28.36300,2014-08-03T04:51:21.43800,-1.0,152.5377,-86.31,-83.92,144.67,165.26,https://data.lroc.im-ldi.com/lroc/view_lroc/LRO-L-LROC-2-EDR-V1.0/M1161680695LE,https://ode.rsl.wustl.edu/moon/indexproductpage.aspx?product_id=nac.m1161680695le&product_idGeo=40124607,https://ode.rsl.wustl.edu/moon/productfiles.aspx?product_id=nac.m1161680695le&product_idGeo=40124607,https://pds.lroc.im-ldi.com/data/LRO-L-LROC-2-EDR-V1.0/LROLRC_0020/DATA/ESM/2014215/NAC/M1161680695LE.xml
nac.m1161680695re,2014-08-03T04:50:28.36300,2014-08-03T04:51:21.43800,-1.0,153.3729,-86.25,-83.88,145.41,166.13,https://data.lroc.im-ldi.com/lroc/view_lroc/LRO-L-LROC-2-EDR-V1.0/M1161680695RE,https://ode.rsl.wustl.edu/moon/indexproductpage.aspx?product_id=nac.m1161680695re&product_idGeo=40124610,https://ode.rsl.wustl.edu/moon/productfiles.aspx?product_id=nac.m1161680695re&product_idGeo=40124610,https://pds.lroc.im-ldi.com/data/LRO-L-LROC-2-EDR-V1.0/LROLRC_0020/DATA/ESM/2014215/NAC/M1161680695RE.xml
nac.m1161694935le,2014-08-03T08:47:48.99300,2014-08-03T08:48:42.06800,-1.0,151.3715,-86.34,-83.98,143.23,164.49,https://data.lroc.im-ldi.com/lroc/view_lroc/LRO-L-LROC-2-EDR-V1.0/M1161694935LE,https://ode.rsl.wustl.edu/moon/indexproductpage.aspx?product_id=nac.m1161694935le&product_idGeo=40124967,https://ode.rsl.wustl.edu/moon/productfiles.aspx?product_id=nac.m1161694935le&product_idGeo=40124967,https://pds.lroc.im-ldi.com/data/LRO-L-LROC-2-EDR-V1.0/LROLRC_0020/DATA/ESM/2014215/NAC/M1161694935LE.xml
nac.m1161694935re,2014-08-03T08:47:48.99300,2014-08-03T08:48:42.06800,-1.0,152.1901,-86.27,-83.93,143.96,165.34,https://data.lroc.im-ldi.com/lroc/view_lroc/LRO-L-LROC-2-EDR-V1.0/M1161694935RE,https://ode.rsl.wustl.edu/moon/indexproductpage.aspx?product_id=nac.m1161694935re&product_idGeo=40124969,https://ode.rsl.wustl.edu/moon/productfiles.aspx?product_id=nac.m1161694935re&product_idGeo=40124969,https://pds.lroc.im-ldi.com/data/LRO-L-LROC-2-EDR-V1.0/LROLRC_0020/DATA/ESM/2014215/NAC/M1161694935RE.xml
nac.m1155402142re,2014-05-22T12:47:55.27100,2014-05-22T12:48:48.34500,-1.0,161.6135,-84.74,-82.0,156.42,165.06,https://data.lroc.im-ldi.com/lroc/view_lroc/LRO-L-LROC-2-EDR-V1.0/M1155402142RE,https://ode.rsl.wustl.edu/moon/indexproductpage.aspx?product_id=nac.m1155402142re&product_idGeo=40141814,https://ode.rsl.wustl.edu/moon/productfiles.aspx?product_id=nac.m1155402142re&product_idGeo=40141814,https://pds.lroc.im-ldi.com/data/LRO-L-LROC-2-EDR-V1.0/LROLRC_0019/DATA/ESM/2014142/NAC/M1155402142RE.xml
nac.m1148347699le,2014-03-01T21:13:52.74600,2014-03-01T21:14:45.82000,-1.0,154.3377,-86.43,-83.76,144.67,159.94,https://data.lroc.im-ldi.com/lroc/view_lroc/LRO-L-LROC-2-EDR-V1.0/M1148347699LE,https://ode.rsl.wustl.edu/moon/indexproductpage.aspx?product_id=nac.m1148347699le&product_idGeo=40146306,https://ode.rsl.wustl.edu/moon/productfiles.aspx?product_id=nac.m1148347699le&product_idGeo=40146306,https://pds.lroc.im-ldi.com/data/LRO-L-LROC-2-EDR-V1.0/LROLRC_0018/DATA/ESM/2014060/NAC/M1148347699LE.xml
nac.m1148354820le,2014-03-01T23:12:33.56100,2014-03-01T23:13:26.63600,-1.0,153.9798,-86.28,-83.6,144.95,159.28,https://data.lroc.im-ldi.com/lroc/view_lroc/LRO-L-LROC-2-EDR-V1.0/M1148354820LE,https://ode.rsl.wustl.edu/moon/indexproductpage.aspx?product_id=nac.m1148354820le&product_idGeo=40146561,https://ode.rsl.wustl.edu/moon/productfiles.aspx?product_id=nac.m1148354820le&product_idGeo=40146561,https://pds.lroc.im-ldi.com/data/LRO-L-LROC-2-EDR-V1.0/LROLRC_0018/DATA/ESM/2014060/NAC/M1148354820LE.xml
nac.m1148354820re,2014-03-01T23:12:33.56100,2014-03-01T23:13:26.63600,-1.0,154.3048,-86.31,-83.62,145.78,159.82,https://data.lroc.im-ldi.com/lroc/view_lroc/LRO-L-LROC-2-EDR-V1.0/M1148354820RE,https://ode.rsl.wustl.edu/moon/indexproductpage.aspx?product_id=nac.m1148354820re&product_idGeo=40146565,https://ode.rsl.wustl.edu/moon/productfiles.aspx?product_id=nac.m1148354820re&product_idGeo=40146565,https://pds.lroc.im-ldi.com/data/LRO-L-LROC-2-EDR-V1.0/LROLRC_0018/DATA/ESM/2014060/NAC/M1148354820RE.xml
nac.m1141286170le,2013-12-10T03:41:44.00600,2013-12-10T03:42:37.08000,-1.0,156.0483,-86.14,-83.42,147.93,160.86,https://data.lroc.im-ldi.com/lroc/view_lroc/LRO-L-LROC-2-EDR-V1.0/M1141286170LE,https://ode.rsl.wustl.edu/moon/indexproductpage.aspx?product_id=nac.m1141286170le&product_idGeo=40163280,https://ode.rsl.wustl.edu/moon/productfiles.aspx?product_id=nac.m1141286170le&product_idGeo=40163280,https://pds.lroc.im-ldi.com/data/LRO-L-LROC-2-EDR-V1.0/LROLRC_0017/DATA/ESM/2013344/NAC/M1141286170LE.xml
nac.m1141300414re,2013-12-10T07:39:07.90200,2013-12-10T07:40:00.97700,-1.0,158.2249,-84.98,-82.18,153.49,161.73,https://data.lroc.im-ldi.com/lroc/view_lroc/LRO-L-LROC-2-EDR-V1.0/M1141300414RE,https://ode.rsl.wustl.edu/moon/indexproductpage.aspx?product_id=nac.m1141300414re&product_idGeo=40163543,https://ode.rsl.wustl.edu/moon/productfiles.aspx?product_id=nac.m1141300414re&product_idGeo=40163543,https://pds.lroc.im-ldi.com/data/LRO-L-LROC-2-EDR-V1.0/LROLRC_0017/DATA/ESM/2013344/NAC/M1141300414RE.xml
nac.m1156875439le,2014-06-08T14:02:52.97100,2014-06-08T14:03:46.04500,-1.0,152.4533,-84.57,-81.85,148.89,157.74,https://data.lroc.im-ldi.com/lroc/view_lroc/LRO-L-LROC-2-EDR-V1.0/M1156875439LE,https://ode.rsl.wustl.edu/moon/indexproductpage.aspx?product_id=nac.m1156875439le&product_idGeo=40185786,https://ode.rsl.wustl.edu/moon/productfiles.aspx?product_id=nac.m1156875439le&product_idGeo=40185786,https://pds.lroc.im-ldi.com/data/LRO-L-LROC-2-EDR-V1.0/LROLRC_0019/DATA/ESM/2014159/NAC/M1156875439LE.xml
nac.m1156896813le,2014-06-08T19:59:06.68800,2014-06-08T19:59:59.76300,-1.0,153.2612,-85.42,-82.77,148.5,160.67,https://data.lroc.im-ldi.com/lroc/view_lroc/LRO-L-LROC-2-EDR-V1.0/M1156896813LE,https://ode.rsl.wustl.edu/moon/indexproductpage.aspx?product_id=nac.m1156896813le&product_idGeo=40186001,https://ode.rsl.wustl.edu/moon/productfiles.aspx?product_id=nac.m1156896813le&product_idGeo=40186001,https://pds.lroc.im-ldi.com/data/LRO-L-LROC-2-EDR-V1.0/LROLRC_0019/DATA/ESM/2014159/NAC/M1156896813LE.xml
nac.m1156896813re,2014-06-08T19:59:06.68800,2014-06-08T19:59:59.76300,-1.0,154.0507,-85.37,-82.74,149.17,161.59,https://data.lroc.im-ldi.com/lroc/view_lroc/LRO-L-LROC-2-EDR-V1.0/M1156896813RE,https://ode.rsl.wustl.edu/moon/indexproductpage.aspx?product_id=nac.m1156896813re&product_idGeo=40186006,https://ode.rsl.wustl.edu/moon/productfiles.aspx?product_id=nac.m1156896813re&product_idGeo=40186006,https://pds.lroc.im-ldi.com/data/LRO-L-LROC-2-EDR-V1.0/LROLRC_0019/DATA/ESM/2014159/NAC/M1156896813RE.xml
nac.m1156918180le,2014-06-09T01:55:13.99300,2014-06-09T01:56:07.06800,-1.0,153.4827,-85.87,-83.3,147.67,162.77,https://data.lroc.im-ldi.com/lroc/view_lroc/LRO-L-LROC-2-EDR-V1.0/M1156918180LE,https://ode.rsl.wustl.edu/moon/indexproductpage.aspx?product_id=nac.m1156918180le&product_idGeo=40186544,https://ode.rsl.wustl.edu/moon/productfiles.aspx?product_id=nac.m1156918180le&product_idGeo=40186544,https://pds.lroc.im-ldi.com/data/LRO-L-LROC-2-EDR-V1.0/LROLRC_0019/DATA/ESM/2014160/NAC/M1156918180LE.xml
nac.m1156918180re,2014-06-09T01:55:13.99300,2014-06-09T01:56:07.06800,-1.0,154.7298,-85.82,-83.26,148.37,163.71,https://data.lroc.im-ldi.com/lroc/view_lroc/LRO-L-LROC-2-EDR-V1.0/M1156918180RE,https://ode.rsl.wustl.edu/moon/indexproductpage.aspx?product_id=nac.m1156918180re&product_idGeo=40186545,https://ode.rsl.wustl.edu/moon/productfiles.aspx?product_id=nac.m1156918180re&product_idGeo=40186545,https://pds.lroc.im-ldi.com/data/LRO-L-LROC-2-EDR-V1.0/LROLRC_0019/DATA/ESM/2014160/NAC/M1156918180RE.xml
nac.m1156939540le,2014-06-09T07:51:13.77200,2014-06-09T07:52:06.84600,-1.0,151.8519,-85.94,-83.41,145.63,161.8,https://data.lroc.im-ldi.com/lroc/view_lroc/LRO-L-LROC-2-EDR-V1.0/M1156939540LE,https://ode.rsl.wustl.edu/moon/indexproductpage.aspx?product_id=nac.m1156939540le&product_idGeo=40187059,https://ode.rsl.wustl.edu/moon/productfiles.aspx?product_id=nac.m1156939540le&product_idGeo=40187059,https://pds.lroc.im-ldi.com/data/LRO-L-LROC-2-EDR-V1.0/LROLRC_0019/DATA/ESM/2014160/NAC/M1156939540LE.xml
nac.m1156939540re,2014-06-09T07:51:13.77200,2014-06-09T07:52:06.84600,-1.0,152.2383,-85.89,-83.37,146.33,162.72,https://data.lroc.im-ldi.com/lroc/view_lroc/LRO-L-LROC-2-EDR-V1.0/M1156939540RE,https://ode.rsl.wustl.edu/moon/indexproductpage.aspx?product_id=nac.m1156939540re&product_idGeo=40187062,https://ode.rsl.wustl.edu/moon/productfiles.aspx?product_id=nac.m1156939540re&product_idGeo=40187062,https://pds.lroc.im-ldi.com/data/LRO-L-LROC-2-EDR-V1.0/LROLRC_0019/DATA/ESM/2014160/NAC/M1156939540RE.xml
nac.m1156960900le,2014-06-09T13:47:14.07600,2014-06-09T13:48:07.15100,-1.0,150.1868,-86.0,-83.51,143.56,160.78,https://data.lroc.im-ldi.com/lroc/view_lroc/LRO-L-LROC-2-EDR-V1.0/M1156960900LE,https://ode.rsl.wustl.edu/moon/indexproductpage.aspx?product_id=nac.m1156960900le&product_idGeo=40187586,https://ode.rsl.wustl.edu/moon/productfiles.aspx?product_id=nac.m1156960900le&product_idGeo=40187586,https://pds.lroc.im-ldi.com/data/LRO-L-LROC-2-EDR-V1.0/LROLRC_0019/DATA/ESM/2014160/NAC/M1156960900LE.xml
nac.m1156960900re,2014-06-09T13:47:14.07600,2014-06-09T13:48:07.15100,-1.0,150.9992,-85.95,-83.47,144.26,161.68,https://data.lroc.im-ldi.com/lroc/view_lroc/LRO-L-LROC-2-EDR-V1.0/M1156960900RE,https://ode.rsl.wustl.edu/moon/indexproductpage.aspx?product_id=nac.m1156960900re&product_idGeo=40187593,https://ode.rsl.wustl.edu/moon/productfiles.aspx?product_id=nac.m1156960900re&product_idGeo=40187593,https://pds.lroc.im-ldi.com/data/LRO-L-LROC-2-EDR-V1.0/LROLRC_0019/DATA/ESM/2014160/NAC/M1156960900RE.xml
nac.m1163965134le,2014-08-29T15:24:27.90200,2014-08-29T15:25:20.97700,-1.0,150.8195,-84.63,-81.95,146.84,156.71,https://data.lroc.im-ldi.com/lroc/view_lroc/LRO-L-LROC-2-EDR-V1.0/M1163965134LE,https://ode.rsl.wustl.edu/moon/indexproductpage.aspx?product_id=nac.m1163965134le&product_idGeo=40197718,https://ode.rsl.wustl.edu/moon/productfiles.aspx?product_id=nac.m1163965134le&product_idGeo=40197718,https://pds.lroc.im-ldi.com/data/LRO-L-LROC-2-EDR-V1.0/LROLRC_0020/DATA/ESM/2014241/NAC/M1163965134LE.xml
nac.m1163965134re,2014-08-29T15:24:27.90200,2014-08-29T15:25:20.97700,-1.0,151.5232,-84.59,-81.92,147.45,157.53,https://data.lroc.im-ldi.com/lroc/view_lroc/LRO-L-LROC-2-EDR-V1.0/M1163965134RE,https://ode.rsl.wustl.edu/moon/indexproductpage.aspx?product_id=nac.m1163965134re&product_idGeo=40197721,https://ode.rsl.wustl.edu/moon/productfiles.aspx?product_id=nac.m1163965134re&product_idGeo=40197721,https://pds.lroc.im-ldi.com/data/LRO-L-LROC-2-EDR-V1.0/LROLRC_0020/DATA/ESM/2014241/NAC/M1163965134RE.xml
nac.m1163972253le,2014-08-29T17:23:06.84900,2014-08-29T17:23:59.92300,-1.0,151.4824,-84.74,-82.09,147.15,157.92,https://data.lroc.im-ldi.com/lroc/view_lroc/LRO-L-LROC-2-EDR-V1.0/M1163972253LE,https://ode.rsl.wustl.edu/moon/indexproductpage.aspx?product_id=nac.m1163972253le&product_idGeo=40197845,https://ode.rsl.wustl.edu/moon/productfiles.aspx?product_id=nac.m1163972253le&product_idGeo=40197845,https://pds.lroc.im-ldi.com/data/LRO-L-LROC-2-EDR-V1.0/LROLRC_0020/DATA/ESM/2014241/NAC/M1163972253LE.xml
nac.m1163972253re,2014-08-29T17:23:06.84900,2014-08-29T17:23:59.92300,-1.0,150.7744,-84.78,-82.12,146.54,157.09,https://data.lroc.im-ldi.com/lroc/view_lroc/LRO-L-LROC-2-EDR-V1.0/M1163972253RE,https://ode.rsl.wustl.edu/moon/indexproductpage.aspx?product_id=nac.m1163972253re&product_idGeo=40197847,https://ode.rsl.wustl.edu/moon/productfiles.aspx?product_id=nac.m1163972253re&product_idGeo=40197847,https://pds.lroc.im-ldi.com/data/LRO-L-LROC-2-EDR-V1.0/LROLRC_0020/DATA/ESM/2014241/NAC/M1163972253RE.xml
nac.m1163979366le,2014-08-29T19:21:39.85000,2014-08-29T19:22:32.92500,-1.0,150.2299,-84.61,-81.96,145.99,156.48,https://data.lroc.im-ldi.com/lroc/view_lroc/LRO-L-LROC-2-EDR-V1.0/M1163979366LE,https://ode.rsl.wustl.edu/moon/indexproductpage.aspx?product_id=nac.m1163979366le&product_idGeo=40197991,https://ode.rsl.wustl.edu/moon/productfiles.aspx?product_id=nac.m1163979366le&product_idGeo=40197991,https://pds.lroc.im-ldi.com/data/LRO-L-LROC-2-EDR-V1.0/LROLRC_0020/DATA/ESM/2014241/NAC/M1163979366LE.xml
nac.m1163993638le,2014-08-29T23:19:31.17900,2014-08-29T23:20:24.25400,-1.0,158.7469,-86.33,-83.93,150.92,171.45,https://data.lroc.im-ldi.com/lroc/view_lroc/LRO-L-LROC-2-EDR-V1.0/M1163993638LE,https://ode.rsl.wustl.edu/moon/indexproductpage.aspx?product_id=nac.m1163993638le&product_idGeo=40198283,https://ode.rsl.wustl.edu/moon/productfiles.aspx?product_id=nac.m1163993638le&product_idGeo=40198283,https://pds.lroc.im-ldi.com/data/LRO-L-LROC-2-EDR-V1.0/LROLRC_0020/DATA/ESM/2014241/NAC/M1163993638LE.xml
nac.m1163993638re,2014-08-29T23:19:31.17900,2014-08-29T23:20:24.25400,-1.0,157.8861,-86.39,-83.97,150.17,170.53,https://data.lroc.im-ldi.com/lroc/view_lroc/LRO-L-LROC-2-EDR-V1.0/M1163993638RE,https://ode.rsl.wustl.edu/moon/indexproductpage.aspx?product_id=nac.m1163993638re&product_idGeo=40198284,https://ode.rsl.wustl.edu/moon/productfiles.aspx?product_id=nac.m1163993638re&product_idGeo=40198284,https://pds.lroc.im-ldi.com/data/LRO-L-LROC-2-EDR-V1.0/LROLRC_0020/DATA/ESM/2014241/NAC/M1163993638RE.xml
nac.m1166354853le,2014-09-26T07:13:06.31100,2014-09-26T07:13:59.38600,-1.0,157.8773,-86.23,-83.83,150.15,170.29,https://data.lroc.im-ldi.com/lroc/view_lroc/LRO-L-LROC-2-EDR-V1.0/M1166354853LE,https://ode.rsl.wustl.edu/moon/indexproductpage.aspx?product_id=nac.m1166354853le&product_idGeo=40206698,https://ode.rsl.wustl.edu/moon/productfiles.aspx?product_id=nac.m1166354853le&product_idGeo=40206698,https://pds.lroc.im-ldi.com/data/LRO-L-LROC-2-EDR-V1.0/LROLRC_0021/DATA/ESM2/2014269/NAC/M1166354853LE.xml
nac.m1166354853re,2014-09-26T07:13:06.31100,2014-09-26T07:13:59.38600,-1.0,157.0731,-86.29,-83.87,149.45,169.43,https://data.lroc.im-ldi.com/lroc/view_lroc/LRO-L-LROC-2-EDR-V1.0/M1166354853RE,https://ode.rsl.wustl.edu/moon/indexproductpage.aspx?product_id=nac.m1166354853re&product_idGeo=40206701,https://ode.rsl.wustl.edu/moon/productfiles.aspx?product_id=nac.m1166354853re&product_idGeo=40206701,https://pds.lroc.im-ldi.com/data/LRO-L-LROC-2-EDR-V1.0/LROLRC_0021/DATA/ESM2/2014269/NAC/M1166354853RE.xml
nac.m1166369052le,2014-09-26T11:09:45.11300,2014-09-26T11:10:38.18700,-1.0,151.3673,-85.54,-83.03,145.29,160.73,https://data.lroc.im-ldi.com/lroc/view_lroc/LRO-L-LROC-2-EDR-V1.0/M1166369052LE,https://ode.rsl.wustl.edu/moon/indexproductpage.aspx?product_id=nac.m1166369052le&product_idGeo=40206902,https://ode.rsl.wustl.edu/moon/productfiles.aspx?product_id=nac.m1166369052le&product_idGeo=40206902,https://pds.lroc.im-ldi.com/data/LRO-L-LROC-2-EDR-V1.0/LROLRC_0021/DATA/ESM2/2014269/NAC/M1166369052LE.xml
nac.m1166369052re,2014-09-26T11:09:45.11300,2014-09-26T11:10:38.18700,-1.0,151.0209,-85.59,-83.06,144.65,159.9,https://data.lroc.im-ldi.com/lroc/view_lroc/LRO-L-LROC-2-EDR-V1.0/M1166369052RE,https://ode.rsl.wustl.edu/moon/indexproductpage.aspx?product_id=nac.m1166369052re&product_idGeo=40206905,https://ode.rsl.wustl.edu/moon/productfiles.aspx?product_id=nac.m1166369052re&product_idGeo=40206905,https://pds.lroc.im-ldi.com/data/LRO-L-LROC-2-EDR-V1.0/LROLRC_0021/DATA/ESM2/2014269/NAC/M1166369052RE.xml
nac.m1166383289le,2014-09-26T15:07:02.36300,2014-09-26T15:07:55.43700,-1.0,156.8537,-86.37,-84.07,148.15,170.79,https://data.lroc.im-ldi.com/lroc/view_lroc/LRO-L-LROC-2-EDR-V1.0/M1166383289LE,https://ode.rsl.wustl.edu/moon/indexproductpage.aspx?product_id=nac.m1166383289le&product_idGeo=40207107,https://ode.rsl.wustl.edu/moon/productfiles.aspx?product_id=nac.m1166383289le&product_idGeo=40207107,https://pds.lroc.im-ldi.com/data/LRO-L-LROC-2-EDR-V1.0/LROLRC_0021/DATA/ESM2/2014269/NAC/M1166383289LE.xml
nac.m1166383289re,2014-09-26T15:07:02.36300,2014-09-26T15:07:55.43700,-1.0,156.0439,-86.43,-84.11,147.44,169.98,https://data.lroc.im-ldi.com/lroc/view_lroc/LRO-L-LROC-2-EDR-V1.0/M1166383289RE,https://ode.rsl.wustl.edu/moon/indexproductpage.aspx?product_id=nac.m1166383289re&product_idGeo=40207108,https://ode.rsl.wustl.edu/moon/productfiles.aspx?product_id=nac.m1166383289re&product_idGeo=40207108,https://pds.lroc.im-ldi.com/data/LRO-L-LROC-2-EDR-V1.0/LROLRC_0021/DATA/ESM2/2014269/NAC/M1166383289RE.xml
nac.m1166418817le,2014-09-27T00:59:10.75700,2014-09-27T01:00:03.83200,-1.0,148.8272,-85.92,-83.54,141.29,160.54,https://data.lroc.im-ldi.com/lroc/view_lroc/LRO-L-LROC-2-EDR-V1.0/M1166418817LE,https://ode.rsl.wustl.edu/moon/indexproductpage.aspx?product_id=nac.m1166418817le&product_idGeo=40208631,https://ode.rsl.wustl.edu/moon/productfiles.aspx?product_id=nac.m1166418817le&product_idGeo=40208631,https://pds.lroc.im-ldi.com/data/LRO-L-LROC-2-EDR-V1.0/LROLRC_0021/DATA/ESM2/2014270/NAC/M1166418817LE.xml
nac.m1166418817re,2014-09-27T00:59:10.75700,2014-09-27T01:00:03.83200,-1.0,148.0895,-85.98,-83.58,140.64,159.76,https://data.lroc.im-ldi.com/lroc/view_lroc/LRO-L-LROC-2-EDR-V1.0/M1166418817RE,https://ode.rsl.wustl.edu/moon/indexproductpage.aspx?product_id=nac.m1166418817re&product_idGeo=40208636,https://ode.rsl.wustl.edu/moon/productfiles.aspx?product_id=nac.m1166418817re&product_idGeo=40208636,https://pds.lroc.im-ldi.com/data/LRO-L-LROC-2-EDR-V1.0/LROLRC_0021/DATA/ESM2/2014270/NAC/M1166418817RE.xml
nac.m1168671704re,2014-10-23T02:47:17.53600,2014-10-23T02:48:10.61100,-1.0,151.7633,-84.61,-81.94,147.71,157.76,https://data.lroc.im-ldi.com/lroc/view_lroc/LRO-L-LROC-2-EDR-V1.0/M1168671704RE,https://ode.rsl.wustl.edu/moon/indexproductpage.aspx?product_id=nac.m1168671704re&product_idGeo=40244950,https://ode.rsl.wustl.edu/moon/productfiles.aspx?product_id=nac.m1168671704re&product_idGeo=40244950,https://pds.lroc.im-ldi.com/data/LRO-L-LROC-2-EDR-V1.0/LROLRC_0021/DATA/ESM2/2014296/NAC/M1168671704RE.xml
nac.m1168685972le,2014-10-23T06:45:05.13600,2014-10-23T06:45:58.21100,-1.0,166.0198,-86.78,-84.52,156.35,182.12,https://data.lroc.im-ldi.com/lroc/view_lroc/LRO-L-LROC-2-EDR-V1.0/M1168685972LE,https://ode.rsl.wustl.edu/moon/indexproductpage.aspx?product_id=nac.m1168685972le&product_idGeo=40244969,https://ode.rsl.wustl.edu/moon/productfiles.aspx?product_id=nac.m1168685972le&product_idGeo=40244969,https://pds.lroc.im-ldi.com/data/LRO-L-LROC-2-EDR-V1.0/LROLRC_0021/DATA/ESM2/2014296/NAC/M1168685972LE.xml
nac.m1168685972re,2014-10-23T06:45:05.13600,2014-10-23T06:45:58.21100,-1.0,165.1291,-86.85,-84.57,155.56,181.27,https://data.lroc.im-ldi.com/lroc/view_lroc/LRO-L-LROC-2-EDR-V1.0/M1168685972RE,https://ode.rsl.wustl.edu/moon/indexproductpage.aspx?product_id=nac.m1168685972re&product_idGeo=40244970,https://ode.rsl.wustl.edu/moon/productfiles.aspx?product_id=nac.m1168685972re&product_idGeo=40244970,https://pds.lroc.im-ldi.com/data/LRO-L-LROC-2-EDR-V1.0/LROLRC_0021/DATA/ESM2/2014296/NAC/M1168685972RE.xml
nac.m1168749912le,2014-10-24T00:30:45.17600,2014-10-24T00:31:38.25100,-1.0,149.2893,-85.61,-83.15,142.75,159.35,https://data.lroc.im-ldi.com/lroc/view_lroc/LRO-L-LROC-2-EDR-V1.0/M1168749912LE,https://ode.rsl.wustl.edu/moon/indexproductpage.aspx?product_id=nac.m1168749912le&product_idGeo=40245417,https://ode.rsl.wustl.edu/moon/productfiles.aspx?product_id=nac.m1168749912le&product_idGeo=40245417,https://pds.lroc.im-ldi.com/data/LRO-L-LROC-2-EDR-V1.0/LROLRC_0021/DATA/ESM2/2014297/NAC/M1168749912LE.xml
nac.m1168749912re,2014-10-24T00:30:45.17600,2014-10-24T00:31:38.25100,-1.0,148.5662,-85.67,-83.18,142.12,158.55,https://data.lroc.im-ldi.com/lroc/view_lroc/LRO-L-LROC-2-EDR-V1.0/M1168749912RE,https://ode.rsl.wustl.edu/moon/indexproductpage.aspx?product_id=nac.m1168749912re&product_idGeo=40245418,https://ode.rsl.wustl.edu/moon/productfiles.aspx?product_id=nac.m1168749912re&product_idGeo=40245418,https://pds.lroc.im-ldi.com/data/LRO-L-LROC-2-EDR-V1.0/LROLRC_0021/DATA/ESM2/2014297/NAC/M1168749912RE.xml
nac.m1168764156le,2014-10-24T04:28:09.39200,2014-10-24T04:29:02.46700,-1.0,157.8705,-86.61,-84.49,147.82,174.96,https://data.lroc.im-ldi.com/lroc/view_lroc/LRO-L-LROC-2-EDR-V1.0/M1168764156LE,https://ode.rsl.wustl.edu/moon/indexproductpage.aspx?product_id=nac.m1168764156le&product_idGeo=40245487,https://ode.rsl.wustl.edu/moon/productfiles.aspx?product_id=nac.m1168764156le&product_idGeo=40245487,https://pds.lroc.im-ldi.com/data/LRO-L-LROC-2-EDR-V1.0/LROLRC_0021/DATA/ESM2/2014297/NAC/M1168764156LE.xml
nac.m1168764156re,2014-10-24T04:28:09.39200,2014-10-24T04:29:02.46700,-1.0,157.4978,-86.68,-84.54,147.09,174.27,https://data.lroc.im-ldi.com/lroc/view_lroc/LRO-L-LROC-2-EDR-V1.0/M1168764156RE,https://ode.rsl.wustl.edu/moon/indexproductpage.aspx?product_id=nac.m1168764156re&product_idGeo=40245488,https://ode.rsl.wustl.edu/moon/productfiles.aspx?product_id=nac.m1168764156re&product_idGeo=40245488,https://pds.lroc.im-ldi.com/data/LRO-L-LROC-2-EDR-V1.0/LROLRC_0021/DATA/ESM2/2014297/NAC/M1168764156RE.xml
nac.m1168778374le,2014-10-24T08:25:07.13900,2014-10-24T08:26:00.21400,-1.0,157.6498,-86.64,-84.57,146.71,174.94,https://data.lroc.im-ldi.com/lroc/view_lroc/LRO-L-LROC-2-EDR-V1.0/M1168778374LE,https://ode.rsl.wustl.edu/moon/indexproductpage.aspx?product_id=nac.m1168778374le&product_idGeo=40245519,https://ode.rsl.wustl.edu/moon/productfiles.aspx?product_id=nac.m1168778374le&product_idGeo=40245519,https://pds.lroc.im-ldi.com/data/LRO-L-LROC-2-EDR-V1.0/LROLRC_0021/DATA/ESM2/2014297/NAC/M1168778374LE.xml
nac.m1169517658le,2014-11-01T21:46:31.28100,2014-11-01T21:47:24.35600,-1.0,155.2465,-86.22,-83.63,145.72,161.64,https://data.lroc.im-ldi.com/lroc/view_lroc/LRO-L-LROC-2-EDR-V1.0/M1169517658LE,https://ode.rsl.wustl.edu/moon/indexproductpage.aspx?product_id=nac.m1169517658le&product_idGeo=40252431,https://ode.rsl.wustl.edu/moon/productfiles.aspx?product_id=nac.m1169517658le&product_idGeo=40252431,https://pds.lroc.im-ldi.com/data/LRO-L-LROC-2-EDR-V1.0/LROLRC_0021/DATA/ESM2/2014305/NAC/M1169517658LE.xml
nac.m1171024078re,2014-11-19T08:13:31.09200,2014-11-19T08:14:24.16700,-1.0,152.7044,-84.76,-82.1,148.47,159.02,https://data.lroc.im-ldi.com/lroc/view_lroc/LRO-L-LROC-2-EDR-V1.0/M1171024078RE,https://ode.rsl.wustl.edu/moon/indexproductpage.aspx?product_id=nac.m1171024078re&product_idGeo=40265593,https://ode.rsl.wustl.edu/moon/productfiles.aspx?product_id=nac.m1171024078re&product_idGeo=40265593,https://pds.lroc.im-ldi.com/data/LRO-L-LROC-2-EDR-V1.0/LROLRC_0021/DATA/ESM2/2014323/NAC/M1171024078RE.xml
nac.m1171038294le,2014-11-19T12:10:27.73200,2014-11-19T12:11:20.80700,-1.0,152.3785,-84.83,-82.21,147.77,159.24,https://data.lroc.im-ldi.com/lroc/view_lroc/LRO-L-LROC-2-EDR-V1.0/M1171038294LE,https://ode.rsl.wustl.edu/moon/indexproductpage.aspx?product_id=nac.m1171038294le&product_idGeo=40265688,https://ode.rsl.wustl.edu/moon/productfiles.aspx?product_id=nac.m1171038294le&product_idGeo=40265688,https://pds.lroc.im-ldi.com/data/LRO-L-LROC-2-EDR-V1.0/LROLRC_0021/DATA/ESM2/2014323/NAC/M1171038294LE.xml
nac.m1171038294re,2014-11-19T12:10:27.73200,2014-11-19T12:11:20.80700,-1.0,151.6886,-84.88,-82.24,147.18,158.44,https://data.lroc.im-ldi.com/lroc/view_lroc/LRO-L-LROC-2-EDR-V1.0/M1171038294RE,https://ode.rsl.wustl.edu/moon/indexproductpage.aspx?product_id=nac.m1171038294re&product_idGeo=40265689,https://ode.rsl.wustl.edu/moon/productfiles.aspx?product_id=nac.m1171038294re&product_idGeo=40265689,https://pds.lroc.im-ldi.com/data/LRO-L-LROC-2-EDR-V1.0/LROLRC_0021/DATA/ESM2/2014323/NAC/M1171038294RE.xml
nac.m1171052511le,2014-11-19T16:07:24.59800,2014-11-19T16:08:17.67300,-1.0,151.3506,-84.95,-82.34,146.47,158.66,https://data.lroc.im-ldi.com/lroc/view_lroc/LRO-L-LROC-2-EDR-V1.0/M1171052511LE,https://ode.rsl.wustl.edu/moon/indexproductpage.aspx?product_id=nac.m1171052511le&product_idGeo=40265784,https://ode.rsl.wustl.edu/moon/productfiles.aspx?product_id=nac.m1171052511le&product_idGeo=40265784,https://pds.lroc.im-ldi.com/data/LRO-L-LROC-2-EDR-V1.0/LROLRC_0021/DATA/ESM2/2014323/NAC/M1171052511LE.xml
nac.m1171052511re,2014-11-19T16:07:24.59800,2014-11-19T16:08:17.67300,-1.0,150.657,-84.99,-82.37,145.87,157.86,https://data.lroc.im-ldi.com/lroc/view_lroc/LRO-L-LROC-2-EDR-V1.0/M1171052511RE,https://ode.rsl.wustl.edu/moon/indexproductpage.aspx?product_id=nac.m1171052511re&product_idGeo=40265785,https://ode.rsl.wustl.edu/moon/productfiles.aspx?product_id=nac.m1171052511re&product_idGeo=40265785,https://pds.lroc.im-ldi.com/data/LRO-L-LROC-2-EDR-V1.0/LROLRC_0021/DATA/ESM2/2014323/NAC/M1171052511RE.xml
nac.m1171066727le,2014-11-19T20:04:20.68600,2014-11-19T20:05:13.76100,-1.0,150.0879,-85.0,-82.42,145.0,157.71,https://data.lroc.im-ldi.com/lroc/view_lroc/LRO-L-LROC-2-EDR-V1.0/M1171066727LE,https://ode.rsl.wustl.edu/moon/indexproductpage.aspx?product_id=nac.m1171066727le&product_idGeo=40265888,https://ode.rsl.wustl.edu/moon/productfiles.aspx?product_id=nac.m1171066727le&product_idGeo=40265888,https://pds.lroc.im-ldi.com/data/LRO-L-LROC-2-EDR-V1.0/LROLRC_0021/DATA/ESM2/2014323/NAC/M1171066727LE.xml
nac.m1171066727re,2014-11-19T20:04:20.68600,2014-11-19T20:05:13.76100,-1.0,149.4068,-85.05,-82.45,144.41,156.92,https://data.lroc.im-ldi.com/lroc/view_lroc/LRO-L-LROC-2-EDR-V1.0/M1171066727RE,https://ode.rsl.wustl.edu/moon/indexproductpage.aspx?product_id=nac.m1171066727re&product_idGeo=40265889,https://ode.rsl.wustl.edu/moon/productfiles.aspx?product_id=nac.m1171066727re&product_idGeo=40265889,https://pds.lroc.im-ldi.com/data/LRO-L-LROC-2-EDR-V1.0/LROLRC_0021/DATA/ESM2/2014323/NAC/M1171066727RE.xml
nac.m1171877139le,2014-11-29T05:11:12.83400,2014-11-29T05:12:05.90800,-1.0,160.5781,-84.77,-82.05,155.2,164.7,https://data.lroc.im-ldi.com/lroc/view_lroc/LRO-L-LROC-2-EDR-V1.0/M1171877139LE,https://ode.rsl.wustl.edu/moon/indexproductpage.aspx?product_id=nac.m1171877139le&product_idGeo=40273107,https://ode.rsl.wustl.edu/moon/productfiles.aspx?product_id=nac.m1171877139le&product_idGeo=40273107,https://pds.lroc.im-ldi.com/data/LRO-L-LROC-2-EDR-V1.0/LROLRC_0021/DATA/ESM2/2014333/NAC/M1171877139LE.xml
nac.m1171877139re,2014-11-29T05:11:12.83400,2014-11-29T05:12:05.90800,-1.0,161.2164,-84.8,-82.07,155.97,165.25,https://data.lroc.im-ldi.com/lroc/view_lroc/LRO-L-LROC-2-EDR-V1.0/M1171877139RE,https://ode.rsl.wustl.edu/moon/indexproductpage.aspx?product_id=nac.m1171877139re&product_idGeo=40273108,https://ode.rsl.wustl.edu/moon/productfiles.aspx?product_id=nac.m1171877139re&product_idGeo=40273108,https://pds.lroc.im-ldi.com/data/LRO-L-LROC-2-EDR-V1.0/LROLRC_0021/DATA/ESM2/2014333/NAC/M1171877139RE.xml
