pair_id,sun_delta_deg,shift_x,shift_y,seed,gsd_mpp,cell_row,cell_col,state,n_inliers,n_raw,local_inlier_ratio,median_inlier_residual_px,area_dx,area_dy,area_ncc,area_agrees,true_error_px,true_error_m,global_contradicted,global_shift_dx,global_shift_dy,global_ncc,method_used,fallback_rmse_gt_px,pair_rmse_gt_px,pair_inlier_ratio
synthetic_d000_x+12.37_y-8.63_s0,0.0,12.37,-8.63,0,60.0,0,0,verified,10,10,1.0,0.11387507609499858,0.0,0.0,0.4497071126417863,True,0.48337075114250183,29.00224506855011,False,0,0,0.6692707422433786,loftr+magsac++,,0.33406883478164673,0.9986559139784946
synthetic_d000_x+12.37_y-8.63_s0,0.0,12.37,-8.63,0,60.0,0,1,verified,19,19,1.0,0.09937055186036998,0.0,0.0,0.9973161130803355,True,0.4539105296134949,27.234631776809692,False,0,0,0.6692707422433786,loftr+magsac++,,0.33406883478164673,0.9986559139784946
synthetic_d000_x+12.37_y-8.63_s0,0.0,12.37,-8.63,0,60.0,0,2,verified,23,23,1.0,0.18733036745429948,0.0,0.0,0.9969503285374899,True,0.4280189275741577,25.681135654449463,False,0,0,0.6692707422433786,loftr+magsac++,,0.33406883478164673,0.9986559139784946
synthetic_d000_x+12.37_y-8.63_s0,0.0,12.37,-8.63,0,60.0,0,3,verified,19,19,1.0,0.13464731837370378,0.0,0.0,0.9932767522026494,True,0.40554672479629517,24.33280348777771,False,0,0,0.6692707422433786,loftr+magsac++,,0.33406883478164673,0.9986559139784946
synthetic_d000_x+12.37_y-8.63_s0,0.0,12.37,-8.63,0,60.0,0,4,verified,17,17,1.0,0.15330044734827405,0.0,0.0,0.9841613263348925,True,0.38624539971351624,23.174723982810974,False,0,0,0.6692707422433786,loftr+magsac++,,0.33406883478164673,0.9986559139784946
synthetic_d000_x+12.37_y-8.63_s0,0.0,12.37,-8.63,0,60.0,0,5,verified,23,23,1.0,0.13694588455530662,0.0,0.0,0.9808747731557573,True,0.36994120478630066,22.19647228717804,False,0,0,0.6692707422433786,loftr+magsac++,,0.33406883478164673,0.9986559139784946
synthetic_d000_x+12.37_y-8.63_s0,0.0,12.37,-8.63,0,60.0,0,6,verified,21,21,1.0,0.1381113224504747,0.0,0.0,0.9867675083577746,True,0.3563919961452484,21.383519768714905,False,0,0,0.6692707422433786,loftr+magsac++,,0.33406883478164673,0.9986559139784946
synthetic_d000_x+12.37_y-8.63_s0,0.0,12.37,-8.63,0,60.0,0,7,verified,12,12,1.0,0.15175010579729004,0.0,0.0,0.8788115561010129,True,0.34549060463905334,20.7294362783432,False,0,0,0.6692707422433786,loftr+magsac++,,0.33406883478164673,0.9986559139784946
synthetic_d000_x+12.37_y-8.63_s0,0.0,12.37,-8.63,0,60.0,1,0,verified,13,13,1.0,0.10935500107939596,0.0,0.0,0.489443389098315,True,0.42311084270477295,25.386650562286377,False,0,0,0.6692707422433786,loftr+magsac++,,0.33406883478164673,0.9986559139784946
synthetic_d000_x+12.37_y-8.63_s0,0.0,12.37,-8.63,0,60.0,1,1,verified,28,28,1.0,0.08396409840341804,0.0,0.0,0.9895635116876562,True,0.3998827338218689,23.992964029312134,False,0,0,0.6692707422433786,loftr+magsac++,,0.33406883478164673,0.9986559139784946
synthetic_d000_x+12.37_y-8.63_s0,0.0,12.37,-8.63,0,60.0,1,2,verified,32,32,1.0,0.12934485984986166,0.0,0.0,0.9989183411456675,True,0.38010174036026,22.8061044216156,False,0,0,0.6692707422433786,loftr+magsac++,,0.33406883478164673,0.9986559139784946
synthetic_d000_x+12.37_y-8.63_s0,0.0,12.37,-8.63,0,60.0,1,3,verified,30,30,1.0,0.14291168988257347,0.0,0.0,0.9981642262947237,True,0.36363285779953003,21.8179714679718,False,0,0,0.6692707422433786,loftr+magsac++,,0.33406883478164673,0.9986559139784946
synthetic_d000_x+12.37_y-8.63_s0,0.0,12.37,-8.63,0,60.0,1,4,verified,29,29,1.0,0.17626502039201813,0.0,0.0,0.9980380996593404,True,0.35026854276657104,21.016112565994263,False,0,0,0.6692707422433786,loftr+magsac++,,0.33406883478164673,0.9986559139784946
synthetic_d000_x+12.37_y-8.63_s0,0.0,12.37,-8.63,0,60.0,1,5,verified,33,33,1.0,0.17074556465738772,0.0,0.0,0.9866328757291657,True,0.33989349007606506,20.393609404563904,False,0,0,0.6692707422433786,loftr+magsac++,,0.33406883478164673,0.9986559139784946
synthetic_d000_x+12.37_y-8.63_s0,0.0,12.37,-8.63,0,60.0,1,6,verified,35,35,1.0,0.16708616559780964,0.0,0.0,0.983606778251193,True,0.33236435055732727,19.941861033439636,False,0,0,0.6692707422433786,loftr+magsac++,,0.33406883478164673,0.9986559139784946
synthetic_d000_x+12.37_y-8.63_s0,0.0,12.37,-8.63,0,60.0,1,7,verified,15,15,1.0,0.1510814862269437,0.0,0.0,0.8207328341659076,True,0.32766780257225037,19.660068154335022,False,0,0,0.6692707422433786,loftr+magsac++,,0.33406883478164673,0.9986559139784946
synthetic_d000_x+12.37_y-8.63_s0,0.0,12.37,-8.63,0,60.0,2,0,weak,14,14,1.0,0.14686035627063299,-12.0,0.0,0.5329575044021353,False,0.3719591200351715,22.31754720211029,False,0,0,0.6692707422433786,loftr+magsac++,,0.33406883478164673,0.9986559139784946
synthetic_d000_x+12.37_y-8.63_s0,0.0,12.37,-8.63,0,60.0,2,1,verified,24,24,1.0,0.12321243123734038,0.0,0.0,0.9946791668360032,True,0.3555293679237366,21.331762075424194,False,0,0,0.6692707422433786,loftr+magsac++,,0.33406883478164673,0.9986559139784946
synthetic_d000_x+12.37_y-8.63_s0,0.0,12.37,-8.63,0,60.0,2,2,verified,35,36,0.9722222222222222,0.14194933446827582,0.0,0.0,0.9941153859754601,True,0.3424488306045532,20.546929836273193,False,0,0,0.6692707422433786,loftr+magsac++,,0.33406883478164673,0.9986559139784946
synthetic_d000_x+12.37_y-8.63_s0,0.0,12.37,-8.63,0,60.0,2,3,verified,29,29,1.0,0.18919327209206635,0.0,0.0,0.9978042011480683,True,0.33259767293930054,19.955860376358032,False,0,0,0.6692707422433786,loftr+magsac++,,0.33406883478164673,0.9986559139784946
synthetic_d000_x+12.37_y-8.63_s0,0.0,12.37,-8.63,0,60.0,2,4,verified,27,27,1.0,0.13892004144664424,0.0,0.0,0.9975711821786951,True,0.3258225619792938,19.54935371875763,False,0,0,0.6692707422433786,loftr+magsac++,,0.33406883478164673,0.9986559139784946
synthetic_d000_x+12.37_y-8.63_s0,0.0,12.37,-8.63,0,60.0,2,5,verified,30,30,1.0,0.1788665014144078,0.0,0.0,0.9930180570641657,True,0.3220805823802948,19.324834942817688,False,0,0,0.6692707422433786,loftr+magsac++,,0.33406883478164673,0.9986559139784946
synthetic_d000_x+12.37_y-8.63_s0,0.0,12.37,-8.63,0,60.0,2,6,verified,33,33,1.0,0.20407697324725893,0.0,0.0,0.9911306736792662,True,0.32131853699684143,19.279112219810486,False,0,0,0.6692707422433786,loftr+magsac++,,0.33406883478164673,0.9986559139784946
synthetic_d000_x+12.37_y-8.63_s0,0.0,12.37,-8.63,0,60.0,2,7,verified,18,18,1.0,0.1926275174284406,0.0,0.0,0.9041969765999953,True,0.32360661029815674,19.416396617889404,False,0,0,0.6692707422433786,loftr+magsac++,,0.33406883478164673,0.9986559139784946
synthetic_d000_x+12.37_y-8.63_s0,0.0,12.37,-8.63,0,60.0,3,0,weak,17,17,1.0,0.16379263373142783,-12.0,-4.0,0.7736898519732585,False,0.330166757106781,19.81000542640686,False,0,0,0.6692707422433786,loftr+magsac++,,0.33406883478164673,0.9986559139784946
synthetic_d000_x+12.37_y-8.63_s0,0.0,12.37,-8.63,0,60.0,3,1,verified,25,25,1.0,0.13641661831533666,0.0,0.0,0.9964351108748304,True,0.3209025263786316,19.254151582717896,False,0,0,0.6692707422433786,loftr+magsac++,,0.33406883478164673,0.9986559139784946
synthetic_d000_x+12.37_y-8.63_s0,0.0,12.37,-8.63,0,60.0,3,2,verified,31,31,1.0,0.1578682216047119,0.0,0.0,0.9976705398395826,True,0.314857542514801,18.89145255088806,False,0,0,0.6692707422433786,loftr+magsac++,,0.33406883478164673,0.9986559139784946
synthetic_d000_x+12.37_y-8.63_s0,0.0,12.37,-8.63,0,60.0,3,3,verified,29,30,0.9666666666666667,0.18819082916318244,0.0,0.0,0.9979254023215044,True,0.31194257736206055,18.716554641723633,False,0,0,0.6692707422433786,loftr+magsac++,,0.33406883478164673,0.9986559139784946
synthetic_d000_x+12.37_y-8.63_s0,0.0,12.37,-8.63,0,60.0,3,4,verified,29,29,1.0,0.1751557559602765,0.0,0.0,0.9952817658160455,True,0.31207039952278137,18.724223971366882,False,0,0,0.6692707422433786,loftr+magsac++,,0.33406883478164673,0.9986559139784946
synthetic_d000_x+12.37_y-8.63_s0,0.0,12.37,-8.63,0,60.0,3,5,verified,29,29,1.0,0.16982098097015272,0.0,0.0,0.9942368483960152,True,0.31526750326156616,18.91605019569397,False,0,0,0.6692707422433786,loftr+magsac++,,0.33406883478164673,0.9986559139784946
synthetic_d000_x+12.37_y-8.63_s0,0.0,12.37,-8.63,0,60.0,3,6,verified,32,32,1.0,0.16646849868397107,0.0,0.0,0.995131205996282,True,0.32155847549438477,19.293508529663086,False,0,0,0.6692707422433786,loftr+magsac++,,0.33406883478164673,0.9986559139784946
synthetic_d000_x+12.37_y-8.63_s0,0.0,12.37,-8.63,0,60.0,3,7,verified,16,16,1.0,0.14435619656006454,0.0,0.0,0.9076470037328965,True,0.33108752965927124,19.865251779556274,False,0,0,0.6692707422433786,loftr+magsac++,,0.33406883478164673,0.9986559139784946
synthetic_d000_x+12.37_y-8.63_s0,0.0,12.37,-8.63,0,60.0,4,0,verified,15,15,1.0,0.29803946835610573,0.0,0.0,0.42637174797487626,True,0.29837825894355774,17.902695536613464,False,0,0,0.6692707422433786,loftr+magsac++,,0.33406883478164673,0.9986559139784946
synthetic_d000_x+12.37_y-8.63_s0,0.0,12.37,-8.63,0,60.0,4,1,verified,30,30,1.0,0.23216242054571062,0.0,0.0,0.9957513189154861,True,0.29641658067703247,17.78499484062195,False,0,0,0.6692707422433786,loftr+magsac++,,0.33406883478164673,0.9986559139784946
synthetic_d000_x+12.37_y-8.63_s0,0.0,12.37,-8.63,0,60.0,4,2,verified,32,32,1.0,0.18207152252844122,0.0,0.0,0.9934084068189813,True,0.2974618077278137,17.847708463668823,False,0,0,0.6692707422433786,loftr+magsac++,,0.33406883478164673,0.9986559139784946
synthetic_d000_x+12.37_y-8.63_s0,0.0,12.37,-8.63,0,60.0,4,3,verified,35,35,1.0,0.19660176153512085,0.0,0.0,0.997693149105487,True,0.30148789286613464,18.08927357196808,False,0,0,0.6692707422433786,loftr+magsac++,,0.33406883478164673,0.9986559139784946
synthetic_d000_x+12.37_y-8.63_s0,0.0,12.37,-8.63,0,60.0,4,4,verified,25,25,1.0,0.1861856438881441,0.0,0.0,0.9971885226878981,True,0.30848023295402527,18.508813977241516,False,0,0,0.6692707422433786,loftr+magsac++,,0.33406883478164673,0.9986559139784946
synthetic_d000_x+12.37_y-8.63_s0,0.0,12.37,-8.63,0,60.0,4,5,verified,34,34,1.0,0.14693215016812206,0.0,0.0,0.9967477096071654,True,0.31855493783950806,19.113296270370483,False,0,0,0.6692707422433786,loftr+magsac++,,0.33406883478164673,0.9986559139784946
synthetic_d000_x+12.37_y-8.63_s0,0.0,12.37,-8.63,0,60.0,4,6,verified,30,30,1.0,0.15688745597370612,0.0,0.0,0.9951425033931501,True,0.3318062126636505,19.90837275981903,False,0,0,0.6692707422433786,loftr+magsac++,,0.33406883478164673,0.9986559139784946
synthetic_d000_x+12.37_y-8.63_s0,0.0,12.37,-8.63,0,60.0,4,7,verified,16,16,1.0,0.1423379523567099,0.0,0.0,0.9119218656180125,True,0.3484383225440979,20.906299352645874,False,0,0,0.6692707422433786,loftr+magsac++,,0.33406883478164673,0.9986559139784946
synthetic_d000_x+12.37_y-8.63_s0,0.0,12.37,-8.63,0,60.0,5,0,verified,14,14,1.0,0.23491747762061643,0.0,0.0,0.5066663421222397,True,0.27898579835891724,16.739147901535034,False,0,0,0.6692707422433786,loftr+magsac++,,0.33406883478164673,0.9986559139784946
synthetic_d000_x+12.37_y-8.63_s0,0.0,12.37,-8.63,0,60.0,5,1,verified,23,23,1.0,0.21221355949573736,0.0,0.0,0.9935995113210853,True,0.28401777148246765,17.04106628894806,False,0,0,0.6692707422433786,loftr+magsac++,,0.33406883478164673,0.9986559139784946
synthetic_d000_x+12.37_y-8.63_s0,0.0,12.37,-8.63,0,60.0,5,2,verified,31,31,1.0,0.14436340654593113,0.0,0.0,0.9946877885660326,True,0.2917497456073761,17.504984736442566,False,0,0,0.6692707422433786,loftr+magsac++,,0.33406883478164673,0.9986559139784946
synthetic_d000_x+12.37_y-8.63_s0,0.0,12.37,-8.63,0,60.0,5,3,verified,35,35,1.0,0.17001657820278293,0.0,0.0,0.9970900758075057,True,0.30227237939834595,18.136342763900757,False,0,0,0.6692707422433786,loftr+magsac++,,0.33406883478164673,0.9986559139784946
synthetic_d000_x+12.37_y-8.63_s0,0.0,12.37,-8.63,0,60.0,5,4,verified,26,26,1.0,0.16388091377638717,0.0,0.0,0.9976835511938761,True,0.315681517124176,18.94089102745056,False,0,0,0.6692707422433786,loftr+magsac++,,0.33406883478164673,0.9986559139784946
synthetic_d000_x+12.37_y-8.63_s0,0.0,12.37,-8.63,0,60.0,5,5,verified,25,25,1.0,0.18374550411666862,0.0,0.0,0.9963632138500046,True,0.3322007954120636,19.932047724723816,False,0,0,0.6692707422433786,loftr+magsac++,,0.33406883478164673,0.9986559139784946
synthetic_d000_x+12.37_y-8.63_s0,0.0,12.37,-8.63,0,60.0,5,6,verified,32,32,1.0,0.12780607965201735,0.0,0.0,0.9951257951133899,True,0.35198110342025757,21.118866205215454,False,0,0,0.6692707422433786,loftr+magsac++,,0.33406883478164673,0.9986559139784946
synthetic_d000_x+12.37_y-8.63_s0,0.0,12.37,-8.63,0,60.0,5,7,verified,18,18,1.0,0.10872137091548245,0.0,0.0,0.801763274379629,True,0.3752765655517578,22.51659393310547,False,0,0,0.6692707422433786,loftr+magsac++,,0.33406883478164673,0.9986559139784946
synthetic_d000_x+12.37_y-8.63_s0,0.0,12.37,-8.63,0,60.0,6,0,weak,17,17,1.0,0.27827173614829426,-13.0,-3.0,0.637248919584936,False,0.2761152684688568,16.56691610813141,False,0,0,0.6692707422433786,loftr+magsac++,,0.33406883478164673,0.9986559139784946
synthetic_d000_x+12.37_y-8.63_s0,0.0,12.37,-8.63,0,60.0,6,1,verified,30,30,1.0,0.21580018310366011,0.0,0.0,0.9991877488599782,True,0.28704315423965454,17.222589254379272,False,0,0,0.6692707422433786,loftr+magsac++,,0.33406883478164673,0.9986559139784946
synthetic_d000_x+12.37_y-8.63_s0,0.0,12.37,-8.63,0,60.0,6,2,verified,31,31,1.0,0.17856338424117568,0.0,0.0,0.9898100917405298,True,0.3003872334957123,18.023234009742737,False,0,0,0.6692707422433786,loftr+magsac++,,0.33406883478164673,0.9986559139784946
synthetic_d000_x+12.37_y-8.63_s0,0.0,12.37,-8.63,0,60.0,6,3,verified,31,31,1.0,0.16238736323265235,0.0,0.0,0.9974283513606742,True,0.31640490889549255,18.984294533729553,False,0,0,0.6692707422433786,loftr+magsac++,,0.33406883478164673,0.9986559139784946
synthetic_d000_x+12.37_y-8.63_s0,0.0,12.37,-8.63,0,60.0,6,4,verified,27,27,1.0,0.1697973755773118,0.0,0.0,0.9979604593920602,True,0.33533012866973877,20.119807720184326,False,0,0,0.6692707422433786,loftr+magsac++,,0.33406883478164673,0.9986559139784946
synthetic_d000_x+12.37_y-8.63_s0,0.0,12.37,-8.63,0,60.0,6,5,verified,31,31,1.0,0.19479493468436554,0.0,0.0,0.9956348608603566,True,0.3574739694595337,21.44843816757202,False,0,0,0.6692707422433786,loftr+magsac++,,0.33406883478164673,0.9986559139784946
synthetic_d000_x+12.37_y-8.63_s0,0.0,12.37,-8.63,0,60.0,6,6,verified,32,32,1.0,0.1415756285706524,0.0,0.0,0.9882168298984915,True,0.3830507695674896,22.983046174049377,False,0,0,0.6692707422433786,loftr+magsac++,,0.33406883478164673,0.9986559139784946
synthetic_d000_x+12.37_y-8.63_s0,0.0,12.37,-8.63,0,60.0,6,7,verified,16,16,1.0,0.08191462478130446,0.0,0.0,0.9389027054907684,True,0.4123363196849823,24.740179181098938,False,0,0,0.6692707422433786,loftr+magsac++,,0.33406883478164673,0.9986559139784946
synthetic_d000_x+12.37_y-8.63_s0,0.0,12.37,-8.63,0,60.0,7,0,weak,4,4,1.0,0.24284293375745034,-12.0,9.0,0.7900527031922331,False,0.294032484292984,17.64194905757904,False,0,0,0.6692707422433786,loftr+magsac++,,0.33406883478164673,0.9986559139784946
synthetic_d000_x+12.37_y-8.63_s0,0.0,12.37,-8.63,0,60.0,7,1,verified,9,9,1.0,0.2090241749969604,0.0,0.0,0.6019452101054162,True,0.3089340031147003,18.53604018688202,False,0,0,0.6692707422433786,loftr+magsac++,,0.33406883478164673,0.9986559139784946
synthetic_d000_x+12.37_y-8.63_s0,0.0,12.37,-8.63,0,60.0,7,2,verified,12,12,1.0,0.17803703597488513,0.0,0.0,0.5896456202080789,True,0.326202392578125,19.5721435546875,False,0,0,0.6692707422433786,loftr+magsac++,,0.33406883478164673,0.9986559139784946
synthetic_d000_x+12.37_y-8.63_s0,0.0,12.37,-8.63,0,60.0,7,3,verified,12,12,1.0,0.14093531951335644,0.0,0.0,0.5719739078265569,True,0.3462579846382141,20.775479078292847,False,0,0,0.6692707422433786,loftr+magsac++,,0.33406883478164673,0.9986559139784946
synthetic_d000_x+12.37_y-8.63_s0,0.0,12.37,-8.63,0,60.0,7,4,verified,8,8,1.0,0.16200586901848313,0.0,0.0,0.6393074463081525,True,0.3694336712360382,22.166020274162292,False,0,0,0.6692707422433786,loftr+magsac++,,0.33406883478164673,0.9986559139784946
synthetic_d000_x+12.37_y-8.63_s0,0.0,12.37,-8.63,0,60.0,7,5,verified,11,11,1.0,0.12187018583644192,0.0,0.0,0.5988962638377582,True,0.39612042903900146,23.767225742340088,False,0,0,0.6692707422433786,loftr+magsac++,,0.33406883478164673,0.9986559139784946
synthetic_d000_x+12.37_y-8.63_s0,0.0,12.37,-8.63,0,60.0,7,6,verified,11,11,1.0,0.13979745796613313,0.0,0.0,0.6021455219219707,True,0.4265325665473938,25.591953992843628,False,0,0,0.6692707422433786,loftr+magsac++,,0.33406883478164673,0.9986559139784946
synthetic_d000_x+12.37_y-8.63_s0,0.0,12.37,-8.63,0,60.0,7,7,verified,6,6,1.0,0.05081273285462995,0.0,0.0,0.667910708672253,True,0.46097230911254883,27.65833854675293,False,0,0,0.6692707422433786,loftr+magsac++,,0.33406883478164673,0.9986559139784946
synthetic_d000_x+12.88_y-3.85_s1,0.0,12.881859496403079,-3.8544356440887766,1,60.0,0,0,verified,10,10,1.0,0.06403570524815788,0.0,0.0,0.45461713982736224,True,0.07536575198173523,4.521945118904114,False,0,0,0.8225309736866125,loftr+magsac++,,0.07984846830368042,1.0
synthetic_d000_x+12.88_y-3.85_s1,0.0,12.881859496403079,-3.8544356440887766,1,60.0,0,1,verified,18,18,1.0,0.1066276314214504,0.0,0.0,0.9979832051361895,True,0.0724404826760292,4.346428960561752,False,0,0,0.8225309736866125,loftr+magsac++,,0.07984846830368042,1.0
synthetic_d000_x+12.88_y-3.85_s1,0.0,12.881859496403079,-3.8544356440887766,1,60.0,0,2,verified,17,17,1.0,0.07060405843890621,0.0,0.0,0.9962099765861099,True,0.06963309645652771,4.177985787391663,False,0,0,0.8225309736866125,loftr+magsac++,,0.07984846830368042,1.0
synthetic_d000_x+12.88_y-3.85_s1,0.0,12.881859496403079,-3.8544356440887766,1,60.0,0,3,verified,11,11,1.0,0.0901777600520179,0.0,0.0,0.9941295073833172,True,0.06693725287914276,4.016235172748566,False,0,0,0.8225309736866125,loftr+magsac++,,0.07984846830368042,1.0
synthetic_d000_x+12.88_y-3.85_s1,0.0,12.881859496403079,-3.8544356440887766,1,60.0,0,4,verified,15,15,1.0,0.05087188108875964,0.0,0.0,0.9936802307858358,True,0.06434949487447739,3.860969692468643,False,0,0,0.8225309736866125,loftr+magsac++,,0.07984846830368042,1.0
synthetic_d000_x+12.88_y-3.85_s1,0.0,12.881859496403079,-3.8544356440887766,1,60.0,0,5,verified,18,18,1.0,0.08382695591068413,0.0,0.0,0.9880516456273176,True,0.06186772510409355,3.712063506245613,False,0,0,0.8225309736866125,loftr+magsac++,,0.07984846830368042,1.0
synthetic_d000_x+12.88_y-3.85_s1,0.0,12.881859496403079,-3.8544356440887766,1,60.0,0,6,verified,21,21,1.0,0.058820809188886186,0.0,0.0,0.9929825134230811,True,0.05948315188288689,3.568989112973213,False,0,0,0.8225309736866125,loftr+magsac++,,0.07984846830368042,1.0
synthetic_d000_x+12.88_y-3.85_s1,0.0,12.881859496403079,-3.8544356440887766,1,60.0,0,7,verified,11,11,1.0,0.09438146358709293,0.0,0.0,0.9806160654119778,True,0.05719070881605148,3.431442528963089,False,0,0,0.8225309736866125,loftr+magsac++,,0.07984846830368042,1.0
synthetic_d000_x+12.88_y-3.85_s1,0.0,12.881859496403079,-3.8544356440887766,1,60.0,1,0,verified,13,13,1.0,0.07306564442203134,0.0,0.0,0.4932772797101692,True,0.08033108711242676,4.8198652267456055,False,0,0,0.8225309736866125,loftr+magsac++,,0.07984846830368042,1.0
synthetic_d000_x+12.88_y-3.85_s1,0.0,12.881859496403079,-3.8544356440887766,1,60.0,1,1,verified,24,24,1.0,0.08298088334783639,0.0,0.0,0.998444203971521,True,0.07745137065649033,4.6470822393894196,False,0,0,0.8225309736866125,loftr+magsac++,,0.07984846830368042,1.0
synthetic_d000_x+12.88_y-3.85_s1,0.0,12.881859496403079,-3.8544356440887766,1,60.0,1,2,verified,24,24,1.0,0.0860863096329666,0.0,0.0,0.9998538532064228,True,0.0746755450963974,4.480532705783844,False,0,0,0.8225309736866125,loftr+magsac++,,0.07984846830368042,1.0
synthetic_d000_x+12.88_y-3.85_s1,0.0,12.881859496403079,-3.8544356440887766,1,60.0,1,3,verified,29,29,1.0,0.0781122674103154,0.0,0.0,0.9996830025685601,True,0.07199934124946594,4.3199604749679565,False,0,0,0.8225309736866125,loftr+magsac++,,0.07984846830368042,1.0
synthetic_d000_x+12.88_y-3.85_s1,0.0,12.881859496403079,-3.8544356440887766,1,60.0,1,4,verified,21,21,1.0,0.09263160335197283,0.0,0.0,0.9998305960215944,True,0.06941930949687958,4.165158569812775,False,0,0,0.8225309736866125,loftr+magsac++,,0.07984846830368042,1.0
synthetic_d000_x+12.88_y-3.85_s1,0.0,12.881859496403079,-3.8544356440887766,1,60.0,1,5,verified,25,25,1.0,0.08439050246141348,0.0,0.0,0.9985390531028386,True,0.06693392992019653,4.016035795211792,False,0,0,0.8225309736866125,loftr+magsac++,,0.07984846830368042,1.0
synthetic_d000_x+12.88_y-3.85_s1,0.0,12.881859496403079,-3.8544356440887766,1,60.0,1,6,verified,29,29,1.0,0.07765157762822898,0.0,0.0,0.9979311442999551,True,0.06453074514865875,3.871844708919525,False,0,0,0.8225309736866125,loftr+magsac++,,0.07984846830368042,1.0
synthetic_d000_x+12.88_y-3.85_s1,0.0,12.881859496403079,-3.8544356440887766,1,60.0,1,7,verified,14,14,1.0,0.07039599546077874,0.0,0.0,0.9836007072381047,True,0.062209587544202805,3.7325752526521683,False,0,0,0.8225309736866125,loftr+magsac++,,0.07984846830368042,1.0
synthetic_d000_x+12.88_y-3.85_s1,0.0,12.881859496403079,-3.8544356440887766,1,60.0,2,0,weak,12,12,1.0,0.07728222899658896,-13.0,0.0,0.5451522002313883,False,0.08500444889068604,5.100266933441162,False,0,0,0.8225309736866125,loftr+magsac++,,0.07984846830368042,1.0
synthetic_d000_x+12.88_y-3.85_s1,0.0,12.881859496403079,-3.8544356440887766,1,60.0,2,1,verified,27,27,1.0,0.057731775117518626,0.0,0.0,0.9991579913291078,True,0.08216305822134018,4.929783493280411,False,0,0,0.8225309736866125,loftr+magsac++,,0.07984846830368042,1.0
synthetic_d000_x+12.88_y-3.85_s1,0.0,12.881859496403079,-3.8544356440887766,1,60.0,2,2,verified,28,28,1.0,0.08142740342882025,0.0,0.0,0.9989903269919496,True,0.07941315323114395,4.764789193868637,False,0,0,0.8225309736866125,loftr+magsac++,,0.07984846830368042,1.0
synthetic_d000_x+12.88_y-3.85_s1,0.0,12.881859496403079,-3.8544356440887766,1,60.0,2,3,verified,25,25,1.0,0.07385517777702227,0.0,0.0,0.999682459091626,True,0.07675453275442123,4.605271965265274,False,0,0,0.8225309736866125,loftr+magsac++,,0.07984846830368042,1.0
synthetic_d000_x+12.88_y-3.85_s1,0.0,12.881859496403079,-3.8544356440887766,1,60.0,2,4,verified,23,23,1.0,0.07911842808062053,0.0,0.0,0.9996293748088955,True,0.07417983561754227,4.450790137052536,False,0,0,0.8225309736866125,loftr+magsac++,,0.07984846830368042,1.0
synthetic_d000_x+12.88_y-3.85_s1,0.0,12.881859496403079,-3.8544356440887766,1,60.0,2,5,verified,26,26,1.0,0.06426614519574902,0.0,0.0,0.999001040363556,True,0.07169057428836823,4.3014344573020935,False,0,0,0.8225309736866125,loftr+magsac++,,0.07984846830368042,1.0
synthetic_d000_x+12.88_y-3.85_s1,0.0,12.881859496403079,-3.8544356440887766,1,60.0,2,6,verified,31,31,1.0,0.09039951201027698,0.0,0.0,0.9988300733532041,True,0.06927558034658432,4.156534820795059,False,0,0,0.8225309736866125,loftr+magsac++,,0.07984846830368042,1.0
synthetic_d000_x+12.88_y-3.85_s1,0.0,12.881859496403079,-3.8544356440887766,1,60.0,2,7,verified,14,14,1.0,0.06951404812231675,0.0,0.0,0.993060869257163,True,0.06693447381258011,4.0160684287548065,False,0,0,0.8225309736866125,loftr+magsac++,,0.07984846830368042,1.0
synthetic_d000_x+12.88_y-3.85_s1,0.0,12.881859496403079,-3.8544356440887766,1,60.0,3,0,weak,10,10,1.0,0.058345314905691406,-13.0,-5.0,0.768145892869835,False,0.089327372610569,5.35964235663414,False,0,0,0.8225309736866125,loftr+magsac++,,0.07984846830368042,1.0
synthetic_d000_x+12.88_y-3.85_s1,0.0,12.881859496403079,-3.8544356440887766,1,60.0,3,1,verified,15,15,1.0,0.055293849880274734,0.0,0.0,0.9993545252646188,True,0.08651529252529144,5.190917551517487,False,0,0,0.8225309736866125,loftr+magsac++,,0.07984846830368042,1.0
synthetic_d000_x+12.88_y-3.85_s1,0.0,12.881859496403079,-3.8544356440887766,1,60.0,3,2,verified,23,23,1.0,0.07591722483131844,0.0,0.0,0.9995770664372758,True,0.0837872177362442,5.027233064174652,False,0,0,0.8225309736866125,loftr+magsac++,,0.07984846830368042,1.0
synthetic_d000_x+12.88_y-3.85_s1,0.0,12.881859496403079,-3.8544356440887766,1,60.0,3,3,verified,20,20,1.0,0.09212566429248845,0.0,0.0,0.9996143812104067,True,0.08114366978406906,4.868620187044144,False,0,0,0.8225309736866125,loftr+magsac++,,0.07984846830368042,1.0
synthetic_d000_x+12.88_y-3.85_s1,0.0,12.881859496403079,-3.8544356440887766,1,60.0,3,4,verified,22,22,1.0,0.07544191154683542,0.0,0.0,0.9993929312547489,True,0.07857730239629745,4.714638143777847,False,0,0,0.8225309736866125,loftr+magsac++,,0.07984846830368042,1.0
synthetic_d000_x+12.88_y-3.85_s1,0.0,12.881859496403079,-3.8544356440887766,1,60.0,3,5,verified,23,23,1.0,0.0746214382545288,0.0,0.0,0.9991088564174612,True,0.07608617097139359,4.565170258283615,False,0,0,0.8225309736866125,loftr+magsac++,,0.07984846830368042,1.0
synthetic_d000_x+12.88_y-3.85_s1,0.0,12.881859496403079,-3.8544356440887766,1,60.0,3,6,verified,24,24,1.0,0.0734401359584741,0.0,0.0,0.9992667788410259,True,0.0736662745475769,4.419976472854614,False,0,0,0.8225309736866125,loftr+magsac++,,0.07984846830368042,1.0
synthetic_d000_x+12.88_y-3.85_s1,0.0,12.881859496403079,-3.8544356440887766,1,60.0,3,7,verified,11,11,1.0,0.078952814280859,0.0,0.0,0.9935364559923574,True,0.07131324708461761,4.278794825077057,False,0,0,0.8225309736866125,loftr+magsac++,,0.07984846830368042,1.0
synthetic_d000_x+12.88_y-3.85_s1,0.0,12.881859496403079,-3.8544356440887766,1,60.0,4,0,verified,11,11,1.0,0.18218768787747514,0.0,0.0,0.5370236915365371,True,0.09328421205282211,5.597052723169327,False,0,0,0.8225309736866125,loftr+magsac++,,0.07984846830368042,1.0
synthetic_d000_x+12.88_y-3.85_s1,0.0,12.881859496403079,-3.8544356440887766,1,60.0,4,1,verified,23,23,1.0,0.07238522021997827,0.0,0.0,0.9991194668495401,True,0.09049886465072632,5.429931879043579,False,0,0,0.8225309736866125,loftr+magsac++,,0.07984846830368042,1.0
synthetic_d000_x+12.88_y-3.85_s1,0.0,12.881859496403079,-3.8544356440887766,1,60.0,4,2,verified,23,23,1.0,0.07538045810919326,0.0,0.0,0.9987670129295786,True,0.08779159933328629,5.267495959997177,False,0,0,0.8225309736866125,loftr+magsac++,,0.07984846830368042,1.0
synthetic_d000_x+12.88_y-3.85_s1,0.0,12.881859496403079,-3.8544356440887766,1,60.0,4,3,verified,30,30,1.0,0.08772926084218992,0.0,0.0,0.9995691839669917,True,0.08515877276659012,5.109526365995407,False,0,0,0.8225309736866125,loftr+magsac++,,0.07984846830368042,1.0
synthetic_d000_x+12.88_y-3.85_s1,0.0,12.881859496403079,-3.8544356440887766,1,60.0,4,4,verified,24,24,1.0,0.07583574630366227,0.0,0.0,0.9994991576227301,True,0.08260112255811691,4.956067353487015,False,0,0,0.8225309736866125,loftr+magsac++,,0.07984846830368042,1.0
synthetic_d000_x+12.88_y-3.85_s1,0.0,12.881859496403079,-3.8544356440887766,1,60.0,4,5,verified,31,31,1.0,0.06559394388251981,0.0,0.0,0.9994361068773947,True,0.08011416345834732,4.806849807500839,False,0,0,0.8225309736866125,loftr+magsac++,,0.07984846830368042,1.0
synthetic_d000_x+12.88_y-3.85_s1,0.0,12.881859496403079,-3.8544356440887766,1,60.0,4,6,verified,24,24,1.0,0.08501696852089843,0.0,0.0,0.9992674728263388,True,0.07769397646188736,4.661638587713242,False,0,0,0.8225309736866125,loftr+magsac++,,0.07984846830368042,1.0
synthetic_d000_x+12.88_y-3.85_s1,0.0,12.881859496403079,-3.8544356440887766,1,60.0,4,7,verified,14,14,1.0,0.07790937665452186,0.0,0.0,0.9952561755605692,True,0.07534027099609375,4.520416259765625,False,0,0,0.8225309736866125,loftr+magsac++,,0.07984846830368042,1.0
synthetic_d000_x+12.88_y-3.85_s1,0.0,12.881859496403079,-3.8544356440887766,1,60.0,5,0,verified,15,15,1.0,0.06071697966357209,0.0,0.0,0.5613252007033495,True,0.09688122570514679,5.812873542308807,False,0,0,0.8225309736866125,loftr+magsac++,,0.07984846830368042,1.0
synthetic_d000_x+12.88_y-3.85_s1,0.0,12.881859496403079,-3.8544356440887766,1,60.0,5,1,verified,21,21,1.0,0.05512295904147649,0.0,0.0,0.9987087144817164,True,0.09412045031785965,5.647227019071579,False,0,0,0.8225309736866125,loftr+magsac++,,0.07984846830368042,1.0
synthetic_d000_x+12.88_y-3.85_s1,0.0,12.881859496403079,-3.8544356440887766,1,60.0,5,2,verified,31,31,1.0,0.0601480508804097,0.0,0.0,0.9990011947296681,True,0.09142912924289703,5.485747754573822,False,0,0,0.8225309736866125,loftr+magsac++,,0.07984846830368042,1.0
synthetic_d000_x+12.88_y-3.85_s1,0.0,12.881859496403079,-3.8544356440887766,1,60.0,5,3,verified,26,26,1.0,0.07119250003803465,0.0,0.0,0.9994903999552323,True,0.08881308138370514,5.328784883022308,False,0,0,0.8225309736866125,loftr+magsac++,,0.07984846830368042,1.0
synthetic_d000_x+12.88_y-3.85_s1,0.0,12.881859496403079,-3.8544356440887766,1,60.0,5,4,verified,22,22,1.0,0.07971514993540127,0.0,0.0,0.9996506359555888,True,0.08626417070627213,5.1758502423763275,False,0,0,0.8225309736866125,loftr+magsac++,,0.07984846830368042,1.0
synthetic_d000_x+12.88_y-3.85_s1,0.0,12.881859496403079,-3.8544356440887766,1,60.0,5,5,verified,31,31,1.0,0.0755328862119951,0.0,0.0,0.9993836562036774,True,0.08378786593675613,5.027271956205368,False,0,0,0.8225309736866125,loftr+magsac++,,0.07984846830368042,1.0
synthetic_d000_x+12.88_y-3.85_s1,0.0,12.881859496403079,-3.8544356440887766,1,60.0,5,6,verified,26,26,1.0,0.06162975686905441,0.0,0.0,0.9993151720974579,True,0.08137502521276474,4.882501512765884,False,0,0,0.8225309736866125,loftr+magsac++,,0.07984846830368042,1.0
synthetic_d000_x+12.88_y-3.85_s1,0.0,12.881859496403079,-3.8544356440887766,1,60.0,5,7,verified,15,15,1.0,0.0804144336307737,0.0,0.0,0.9893009738888997,True,0.07902942597866058,4.741765558719635,False,0,0,0.8225309736866125,loftr+magsac++,,0.07984846830368042,1.0
synthetic_d000_x+12.88_y-3.85_s1,0.0,12.881859496403079,-3.8544356440887766,1,60.0,6,0,weak,15,15,1.0,0.051959473201462804,-13.0,-3.0,0.6605418568867829,False,0.1001196801662445,6.00718080997467,False,0,0,0.8225309736866125,loftr+magsac++,,0.07984846830368042,1.0
synthetic_d000_x+12.88_y-3.85_s1,0.0,12.881859496403079,-3.8544356440887766,1,60.0,6,1,verified,26,26,1.0,0.06218813076767886,0.0,0.0,0.9998323907844762,True,0.09737973660230637,5.842784196138382,False,0,0,0.8225309736866125,loftr+magsac++,,0.07984846830368042,1.0
synthetic_d000_x+12.88_y-3.85_s1,0.0,12.881859496403079,-3.8544356440887766,1,60.0,6,2,verified,26,26,1.0,0.06587825909272084,0.0,0.0,0.9981178360070921,True,0.09470448642969131,5.682269185781479,False,0,0,0.8225309736866125,loftr+magsac++,,0.07984846830368042,1.0
synthetic_d000_x+12.88_y-3.85_s1,0.0,12.881859496403079,-3.8544356440887766,1,60.0,6,3,verified,26,26,1.0,0.06640326518262876,0.0,0.0,0.9995153931046808,True,0.09210582822561264,5.526349693536758,False,0,0,0.8225309736866125,loftr+magsac++,,0.07984846830368042,1.0
synthetic_d000_x+12.88_y-3.85_s1,0.0,12.881859496403079,-3.8544356440887766,1,60.0,6,4,verified,26,26,1.0,0.08635159637331419,0.0,0.0,0.9996796958449565,True,0.08957652747631073,5.374591648578644,False,0,0,0.8225309736866125,loftr+magsac++,,0.07984846830368042,1.0
synthetic_d000_x+12.88_y-3.85_s1,0.0,12.881859496403079,-3.8544356440887766,1,60.0,6,5,verified,24,24,1.0,0.11003057811856803,0.0,0.0,0.9992144353516706,True,0.08710955828428268,5.226573497056961,False,0,0,0.8225309736866125,loftr+magsac++,,0.07984846830368042,1.0
synthetic_d000_x+12.88_y-3.85_s1,0.0,12.881859496403079,-3.8544356440887766,1,60.0,6,6,verified,22,22,1.0,0.05413258157738652,0.0,0.0,0.9982600615925115,True,0.08471045643091202,5.082627385854721,False,0,0,0.8225309736866125,loftr+magsac++,,0.07984846830368042,1.0
synthetic_d000_x+12.88_y-3.85_s1,0.0,12.881859496403079,-3.8544356440887766,1,60.0,6,7,verified,15,15,1.0,0.07639394081754775,0.0,0.0,0.9971866400406544,True,0.08238022774457932,4.942813664674759,False,0,0,0.8225309736866125,loftr+magsac++,,0.07984846830368042,1.0
synthetic_d000_x+12.88_y-3.85_s1,0.0,12.881859496403079,-3.8544356440887766,1,60.0,7,0,weak,6,6,1.0,0.06290973390839047,-13.0,4.0,0.8435138362234353,False,0.10299185663461685,6.179511398077011,False,0,0,0.8225309736866125,loftr+magsac++,,0.07984846830368042,1.0
synthetic_d000_x+12.88_y-3.85_s1,0.0,12.881859496403079,-3.8544356440887766,1,60.0,7,1,verified,14,14,1.0,0.08224317996821578,0.0,0.0,0.7936815054490882,True,0.10027018189430237,6.016210913658142,False,0,0,0.8225309736866125,loftr+magsac++,,0.07984846830368042,1.0
synthetic_d000_x+12.88_y-3.85_s1,0.0,12.881859496403079,-3.8544356440887766,1,60.0,7,2,verified,18,18,1.0,0.0615798305815708,0.0,0.0,0.8143795046556239,True,0.09762553125619888,5.857531875371933,False,0,0,0.8225309736866125,loftr+magsac++,,0.07984846830368042,1.0
synthetic_d000_x+12.88_y-3.85_s1,0.0,12.881859496403079,-3.8544356440887766,1,60.0,7,3,verified,13,13,1.0,0.055826537694100474,0.0,0.0,0.8149216505028104,True,0.09504351764917374,5.702611058950424,False,0,0,0.8225309736866125,loftr+magsac++,,0.07984846830368042,1.0
synthetic_d000_x+12.88_y-3.85_s1,0.0,12.881859496403079,-3.8544356440887766,1,60.0,7,4,verified,13,13,1.0,0.07004185251624366,0.0,0.0,0.7892738612421467,True,0.09253010898828506,5.551806539297104,False,0,0,0.8225309736866125,loftr+magsac++,,0.07984846830368042,1.0
synthetic_d000_x+12.88_y-3.85_s1,0.0,12.881859496403079,-3.8544356440887766,1,60.0,7,5,verified,14,14,1.0,0.0811567208904219,0.0,0.0,0.8219746456302086,True,0.09008435159921646,5.405061095952988,False,0,0,0.8225309736866125,loftr+magsac++,,0.07984846830368042,1.0
synthetic_d000_x+12.88_y-3.85_s1,0.0,12.881859496403079,-3.8544356440887766,1,60.0,7,6,verified,12,12,1.0,0.07256546259829606,0.0,0.0,0.7968034602060825,True,0.08771221339702606,5.262732803821564,False,0,0,0.8225309736866125,loftr+magsac++,,0.07984846830368042,1.0
synthetic_d000_x+12.88_y-3.85_s1,0.0,12.881859496403079,-3.8544356440887766,1,60.0,7,7,verified,3,3,1.0,0.06235369306642143,0.0,0.0,0.7391865842677144,True,0.0854043960571289,5.124263763427734,False,0,0,0.8225309736866125,loftr+magsac++,,0.07984846830368042,1.0
synthetic_d000_x+9.88_y-11.68_s2,0.0,9.879345610991795,-11.678106279030521,2,60.0,0,0,verified,12,12,1.0,0.1620985386528669,0.0,0.0,0.4342172379851964,True,0.11211838573217392,6.727103143930435,False,0,0,0.7571668682837649,loftr+magsac++,,0.085813507437706,0.9972470750172058
synthetic_d000_x+9.88_y-11.68_s2,0.0,9.879345610991795,-11.678106279030521,2,60.0,0,1,verified,24,24,1.0,0.20351264347477402,0.0,0.0,0.9914767850532736,True,0.10194845497608185,6.116907298564911,False,0,0,0.7571668682837649,loftr+magsac++,,0.085813507437706,0.9972470750172058
synthetic_d000_x+9.88_y-11.68_s2,0.0,9.879345610991795,-11.678106279030521,2,60.0,0,2,verified,14,14,1.0,0.1847365131875229,0.0,0.0,0.9815971548772445,True,0.09272583574056625,5.563550144433975,False,0,0,0.7571668682837649,loftr+magsac++,,0.085813507437706,0.9972470750172058
synthetic_d000_x+9.88_y-11.68_s2,0.0,9.879345610991795,-11.678106279030521,2,60.0,0,3,verified,19,19,1.0,0.1927991563903315,0.0,0.0,0.974074275564784,True,0.08424149453639984,5.0544896721839905,False,0,0,0.7571668682837649,loftr+magsac++,,0.085813507437706,0.9972470750172058
synthetic_d000_x+9.88_y-11.68_s2,0.0,9.879345610991795,-11.678106279030521,2,60.0,0,4,verified,19,19,1.0,0.20874574999744466,0.0,0.0,0.9716969637760422,True,0.07658476382493973,4.595085829496384,False,0,0,0.7571668682837649,loftr+magsac++,,0.085813507437706,0.9972470750172058
synthetic_d000_x+9.88_y-11.68_s2,0.0,9.879345610991795,-11.678106279030521,2,60.0,0,5,verified,18,18,1.0,0.19475931793796636,0.0,0.0,0.9391057905674207,True,0.07040002942085266,4.22400176525116,False,0,0,0.7571668682837649,loftr+magsac++,,0.085813507437706,0.9972470750172058
synthetic_d000_x+9.88_y-11.68_s2,0.0,9.879345610991795,-11.678106279030521,2,60.0,0,6,verified,21,21,1.0,0.1660427260827359,0.0,0.0,0.9596298223116206,True,0.06696943938732147,4.018166363239288,False,0,0,0.7571668682837649,loftr+magsac++,,0.085813507437706,0.9972470750172058
synthetic_d000_x+9.88_y-11.68_s2,0.0,9.879345610991795,-11.678106279030521,2,60.0,0,7,verified,12,12,1.0,0.16989150762249955,0.0,0.0,0.919244491728821,True,0.0681762620806694,4.090575724840164,False,0,0,0.7571668682837649,loftr+magsac++,,0.085813507437706,0.9972470750172058
synthetic_d000_x+9.88_y-11.68_s2,0.0,9.879345610991795,-11.678106279030521,2,60.0,1,0,verified,14,14,1.0,0.16799899055132833,0.0,0.0,0.4892931204828984,True,0.10750709474086761,6.450425684452057,False,0,0,0.7571668682837649,loftr+magsac++,,0.085813507437706,0.9972470750172058
synthetic_d000_x+9.88_y-11.68_s2,0.0,9.879345610991795,-11.678106279030521,2,60.0,1,1,verified,32,32,1.0,0.14007728497609423,0.0,0.0,0.9959098221638156,True,0.09924834221601486,5.954900532960892,False,0,0,0.7571668682837649,loftr+magsac++,,0.085813507437706,0.9972470750172058
synthetic_d000_x+9.88_y-11.68_s2,0.0,9.879345610991795,-11.678106279030521,2,60.0,1,2,verified,25,25,1.0,0.1720108774344388,0.0,0.0,0.9996584291071047,True,0.09187375754117966,5.512425452470779,False,0,0,0.7571668682837649,loftr+magsac++,,0.085813507437706,0.9972470750172058
synthetic_d000_x+9.88_y-11.68_s2,0.0,9.879345610991795,-11.678106279030521,2,60.0,1,3,verified,34,34,1.0,0.18147675333094399,0.0,0.0,0.9992024937063798,True,0.08510207384824753,5.106124430894852,False,0,0,0.7571668682837649,loftr+magsac++,,0.085813507437706,0.9972470750172058
synthetic_d000_x+9.88_y-11.68_s2,0.0,9.879345610991795,-11.678106279030521,2,60.0,1,4,verified,32,32,1.0,0.2034938429815681,0.0,0.0,0.9995509726754668,True,0.07895353436470032,4.737212061882019,False,0,0,0.7571668682837649,loftr+magsac++,,0.085813507437706,0.9972470750172058
synthetic_d000_x+9.88_y-11.68_s2,0.0,9.879345610991795,-11.678106279030521,2,60.0,1,5,verified,28,28,1.0,0.14083547498508744,0.0,0.0,0.995693744854086,True,0.07394340634346008,4.436604380607605,False,0,0,0.7571668682837649,loftr+magsac++,,0.085813507437706,0.9972470750172058
synthetic_d000_x+9.88_y-11.68_s2,0.0,9.879345610991795,-11.678106279030521,2,60.0,1,6,verified,31,31,1.0,0.16134236682186834,0.0,0.0,0.9936303880439425,True,0.07114822417497635,4.268893450498581,False,0,0,0.7571668682837649,loftr+magsac++,,0.085813507437706,0.9972470750172058
synthetic_d000_x+9.88_y-11.68_s2,0.0,9.879345610991795,-11.678106279030521,2,60.0,1,7,verified,20,20,1.0,0.17785942219053258,0.0,0.0,0.948174282150063,True,0.07220800966024399,4.332480579614639,False,0,0,0.7571668682837649,loftr+magsac++,,0.085813507437706,0.9972470750172058
synthetic_d000_x+9.88_y-11.68_s2,0.0,9.879345610991795,-11.678106279030521,2,60.0,2,0,weak,15,15,1.0,0.1742559065952524,-10.0,0.0,0.514882251077723,False,0.10310833156108856,6.186499893665314,False,0,0,0.7571668682837649,loftr+magsac++,,0.085813507437706,0.9972470750172058
synthetic_d000_x+9.88_y-11.68_s2,0.0,9.879345610991795,-11.678106279030521,2,60.0,2,1,verified,29,29,1.0,0.1632574018446052,0.0,0.0,0.9979025284889994,True,0.09683102369308472,5.809861421585083,False,0,0,0.7571668682837649,loftr+magsac++,,0.085813507437706,0.9972470750172058
synthetic_d000_x+9.88_y-11.68_s2,0.0,9.879345610991795,-11.678106279030521,2,60.0,2,2,verified,24,25,0.96,0.15673831562906004,0.0,0.0,0.9974293333587562,True,0.0913609117269516,5.481654703617096,False,0,0,0.7571668682837649,loftr+magsac++,,0.085813507437706,0.9972470750172058
synthetic_d000_x+9.88_y-11.68_s2,0.0,9.879345610991795,-11.678106279030521,2,60.0,2,3,verified,30,30,1.0,0.18546737938980484,0.0,0.0,0.999270446597899,True,0.08635599911212921,5.181359946727753,False,0,0,0.7571668682837649,loftr+magsac++,,0.085813507437706,0.9972470750172058
synthetic_d000_x+9.88_y-11.68_s2,0.0,9.879345610991795,-11.678106279030521,2,60.0,2,4,verified,35,35,1.0,0.16613084497280065,0.0,0.0,0.9990494811084785,True,0.08178465813398361,4.907079488039017,False,0,0,0.7571668682837649,loftr+magsac++,,0.085813507437706,0.9972470750172058
synthetic_d000_x+9.88_y-11.68_s2,0.0,9.879345610991795,-11.678106279030521,2,60.0,2,5,verified,25,25,1.0,0.13906156326632094,0.0,0.0,0.9974583109492772,True,0.07806906849145889,4.684144109487534,False,0,0,0.7571668682837649,loftr+magsac++,,0.085813507437706,0.9972470750172058
synthetic_d000_x+9.88_y-11.68_s2,0.0,9.879345610991795,-11.678106279030521,2,60.0,2,6,verified,30,30,1.0,0.18181946525434128,0.0,0.0,0.9967749260710238,True,0.07612569630146027,4.567541778087616,False,0,0,0.7571668682837649,loftr+magsac++,,0.085813507437706,0.9972470750172058
synthetic_d000_x+9.88_y-11.68_s2,0.0,9.879345610991795,-11.678106279030521,2,60.0,2,7,verified,21,21,1.0,0.16071454003906185,0.0,0.0,0.9765965437851716,True,0.07738513499498367,4.64310809969902,False,0,0,0.7571668682837649,loftr+magsac++,,0.085813507437706,0.9972470750172058
synthetic_d000_x+9.88_y-11.68_s2,0.0,9.879345610991795,-11.678106279030521,2,60.0,3,0,weak,14,14,1.0,0.1266708992103724,-10.0,-4.0,0.7732340003276396,False,0.09898941218852997,5.939364731311798,False,0,0,0.7571668682837649,loftr+magsac++,,0.085813507437706,0.9972470750172058
synthetic_d000_x+9.88_y-11.68_s2,0.0,9.879345610991795,-11.678106279030521,2,60.0,3,1,verified,24,24,1.0,0.15988494998599964,0.0,0.0,0.9984992719602018,True,0.09473918378353119,5.684351027011871,False,0,0,0.7571668682837649,loftr+magsac++,,0.085813507437706,0.9972470750172058
synthetic_d000_x+9.88_y-11.68_s2,0.0,9.879345610991795,-11.678106279030521,2,60.0,3,2,verified,24,24,1.0,0.1521320923686563,0.0,0.0,0.9989633875868726,True,0.09120462834835052,5.4722777009010315,False,0,0,0.7571668682837649,loftr+magsac++,,0.085813507437706,0.9972470750172058
synthetic_d000_x+9.88_y-11.68_s2,0.0,9.879345610991795,-11.678106279030521,2,60.0,3,3,verified,26,26,1.0,0.17519048609672722,0.0,0.0,0.999071027457458,True,0.08798880130052567,5.27932807803154,False,0,0,0.7571668682837649,loftr+magsac++,,0.085813507437706,0.9972470750172058
synthetic_d000_x+9.88_y-11.68_s2,0.0,9.879345610991795,-11.678106279030521,2,60.0,3,4,verified,28,28,1.0,0.1786160921566164,0.0,0.0,0.9985283694891169,True,0.085030198097229,5.10181188583374,False,0,0,0.7571668682837649,loftr+magsac++,,0.085813507437706,0.9972470750172058
synthetic_d000_x+9.88_y-11.68_s2,0.0,9.879345610991795,-11.678106279030521,2,60.0,3,5,verified,21,21,1.0,0.17894278337052444,0.0,0.0,0.9977021382165934,True,0.08268986642360687,4.961391985416412,False,0,0,0.7571668682837649,loftr+magsac++,,0.085813507437706,0.9972470750172058
synthetic_d000_x+9.88_y-11.68_s2,0.0,9.879345610991795,-11.678106279030521,2,60.0,3,6,verified,27,27,1.0,0.1805976803714217,0.0,0.0,0.9981466690859971,True,0.08177062124013901,4.9062372744083405,False,0,0,0.7571668682837649,loftr+magsac++,,0.085813507437706,0.9972470750172058
synthetic_d000_x+9.88_y-11.68_s2,0.0,9.879345610991795,-11.678106279030521,2,60.0,3,7,verified,15,15,1.0,0.14639014153553892,0.0,0.0,0.9788322541856294,True,0.08351610600948334,5.010966360569,False,0,0,0.7571668682837649,loftr+magsac++,,0.085813507437706,0.9972470750172058
synthetic_d000_x+9.88_y-11.68_s2,0.0,9.879345610991795,-11.678106279030521,2,60.0,4,0,verified,16,16,1.0,0.34844665047347745,0.0,0.0,0.43835494832514205,True,0.09516526758670807,5.709916055202484,False,0,0,0.7571668682837649,loftr+magsac++,,0.085813507437706,0.9972470750172058
synthetic_d000_x+9.88_y-11.68_s2,0.0,9.879345610991795,-11.678106279030521,2,60.0,4,1,verified,33,33,1.0,0.1330595497373283,0.0,0.0,0.9980177701569415,True,0.09298145025968552,5.578887015581131,False,0,0,0.7571668682837649,loftr+magsac++,,0.085813507437706,0.9972470750172058
synthetic_d000_x+9.88_y-11.68_s2,0.0,9.879345610991795,-11.678106279030521,2,60.0,4,2,verified,27,27,1.0,0.23076362216086163,0.0,0.0,0.9969477714240342,True,0.09139741212129593,5.483844727277756,False,0,0,0.7571668682837649,loftr+magsac++,,0.085813507437706,0.9972470750172058
synthetic_d000_x+9.88_y-11.68_s2,0.0,9.879345610991795,-11.678106279030521,2,60.0,4,3,verified,31,32,0.96875,0.17746402935321418,0.0,0.0,0.9989565268842568,True,0.08998342603445053,5.399005562067032,False,0,0,0.7571668682837649,loftr+magsac++,,0.085813507437706,0.9972470750172058
synthetic_d000_x+9.88_y-11.68_s2,0.0,9.879345610991795,-11.678106279030521,2,60.0,4,4,verified,30,30,1.0,0.1604394967755107,0.0,0.0,0.9988643059087299,True,0.08866062760353088,5.319637656211853,False,0,0,0.7571668682837649,loftr+magsac++,,0.085813507437706,0.9972470750172058
synthetic_d000_x+9.88_y-11.68_s2,0.0,9.879345610991795,-11.678106279030521,2,60.0,4,5,verified,29,29,1.0,0.12265566765744165,0.0,0.0,0.9986397575265228,True,0.08775240927934647,5.265144556760788,False,0,0,0.7571668682837649,loftr+magsac++,,0.085813507437706,0.9972470750172058
synthetic_d000_x+9.88_y-11.68_s2,0.0,9.879345610991795,-11.678106279030521,2,60.0,4,6,verified,27,27,1.0,0.15283757952286914,0.0,0.0,0.9981607227758994,True,0.0879809558391571,5.278857350349426,False,0,0,0.7571668682837649,loftr+magsac++,,0.085813507437706,0.9972470750172058
synthetic_d000_x+9.88_y-11.68_s2,0.0,9.879345610991795,-11.678106279030521,2,60.0,4,7,verified,20,20,1.0,0.20419264166901008,0.0,0.0,0.9839454468364508,True,0.0904507115483284,5.427042692899704,False,0,0,0.7571668682837649,loftr+magsac++,,0.085813507437706,0.9972470750172058
synthetic_d000_x+9.88_y-11.68_s2,0.0,9.879345610991795,-11.678106279030521,2,60.0,5,0,verified,16,16,1.0,0.19778526599519913,0.0,0.0,0.5474672798177024,True,0.09166058152914047,5.499634891748428,False,0,0,0.7571668682837649,loftr+magsac++,,0.085813507437706,0.9972470750172058
synthetic_d000_x+9.88_y-11.68_s2,0.0,9.879345610991795,-11.678106279030521,2,60.0,5,1,verified,31,31,1.0,0.1389142163701517,0.0,0.0,0.9970163345713392,True,0.09157659113407135,5.494595468044281,False,0,0,0.7571668682837649,loftr+magsac++,,0.085813507437706,0.9972470750172058
synthetic_d000_x+9.88_y-11.68_s2,0.0,9.879345610991795,-11.678106279030521,2,60.0,5,2,verified,29,29,1.0,0.1639554775941397,0.0,0.0,0.9977246126034464,True,0.09195065498352051,5.5170392990112305,False,0,0,0.7571668682837649,loftr+magsac++,,0.085813507437706,0.9972470750172058
synthetic_d000_x+9.88_y-11.68_s2,0.0,9.879345610991795,-11.678106279030521,2,60.0,5,3,verified,31,31,1.0,0.14071338081631884,0.0,0.0,0.9989510823295042,True,0.09233184158802032,5.5399104952812195,False,0,0,0.7571668682837649,loftr+magsac++,,0.085813507437706,0.9972470750172058
synthetic_d000_x+9.88_y-11.68_s2,0.0,9.879345610991795,-11.678106279030521,2,60.0,5,4,verified,33,33,1.0,0.11867715336793147,0.0,0.0,0.9992390061521629,True,0.09265059977769852,5.559035986661911,False,0,0,0.7571668682837649,loftr+magsac++,,0.085813507437706,0.9972470750172058
synthetic_d000_x+9.88_y-11.68_s2,0.0,9.879345610991795,-11.678106279030521,2,60.0,5,5,verified,28,28,1.0,0.15366595330093474,0.0,0.0,0.9986047743947477,True,0.09321468323469162,5.592880994081497,False,0,0,0.7571668682837649,loftr+magsac++,,0.085813507437706,0.9972470750172058
synthetic_d000_x+9.88_y-11.68_s2,0.0,9.879345610991795,-11.678106279030521,2,60.0,5,6,verified,35,35,1.0,0.14551306401447295,0.0,0.0,0.9983360386491292,True,0.09468743205070496,5.681245923042297,False,0,0,0.7571668682837649,loftr+magsac++,,0.085813507437706,0.9972470750172058
synthetic_d000_x+9.88_y-11.68_s2,0.0,9.879345610991795,-11.678106279030521,2,60.0,5,7,verified,19,20,0.95,0.15850685832851236,0.0,0.0,0.9624952264747365,True,0.0980677530169487,5.884065181016922,False,0,0,0.7571668682837649,loftr+magsac++,,0.085813507437706,0.9972470750172058
synthetic_d000_x+9.88_y-11.68_s2,0.0,9.879345610991795,-11.678106279030521,2,60.0,6,0,weak,18,18,1.0,0.1555433475134555,-10.0,-4.0,0.6458407495020024,False,0.0885007381439209,5.310044288635254,False,0,0,0.7571668682837649,loftr+magsac++,,0.085813507437706,0.9972470750172058
synthetic_d000_x+9.88_y-11.68_s2,0.0,9.879345610991795,-11.678106279030521,2,60.0,6,1,verified,30,30,1.0,0.16128620225551596,0.0,0.0,0.9996383290130616,True,0.0905313491821289,5.431880950927734,False,0,0,0.7571668682837649,loftr+magsac++,,0.085813507437706,0.9972470750172058
synthetic_d000_x+9.88_y-11.68_s2,0.0,9.879345610991795,-11.678106279030521,2,60.0,6,2,verified,25,26,0.9615384615384616,0.1620117261080657,0.0,0.0,0.9953234969177084,True,0.09285442531108856,5.571265518665314,False,0,0,0.7571668682837649,loftr+magsac++,,0.085813507437706,0.9972470750172058
synthetic_d000_x+9.88_y-11.68_s2,0.0,9.879345610991795,-11.678106279030521,2,60.0,6,3,verified,32,32,1.0,0.17056762897236968,0.0,0.0,0.9989794167218398,True,0.09501659125089645,5.700995475053787,False,0,0,0.7571668682837649,loftr+magsac++,,0.085813507437706,0.9972470750172058
synthetic_d000_x+9.88_y-11.68_s2,0.0,9.879345610991795,-11.678106279030521,2,60.0,6,4,verified,32,32,1.0,0.1926835662469918,0.0,0.0,0.9993128255362778,True,0.09697724133729935,5.818634480237961,False,0,0,0.7571668682837649,loftr+magsac++,,0.085813507437706,0.9972470750172058
synthetic_d000_x+9.88_y-11.68_s2,0.0,9.879345610991795,-11.678106279030521,2,60.0,6,5,verified,22,22,1.0,0.10366422456769225,0.0,0.0,0.9982203178147797,True,0.09904485195875168,5.942691117525101,False,0,0,0.7571668682837649,loftr+magsac++,,0.085813507437706,0.9972470750172058
synthetic_d000_x+9.88_y-11.68_s2,0.0,9.879345610991795,-11.678106279030521,2,60.0,6,6,verified,31,31,1.0,0.16055474482458212,0.0,0.0,0.9955585768141596,True,0.10183481127023697,6.110088676214218,False,0,0,0.7571668682837649,loftr+magsac++,,0.085813507437706,0.9972470750172058
synthetic_d000_x+9.88_y-11.68_s2,0.0,9.879345610991795,-11.678106279030521,2,60.0,6,7,verified,17,17,1.0,0.1677366388440884,0.0,0.0,0.9909333522769455,True,0.10625401139259338,6.375240683555603,False,0,0,0.7571668682837649,loftr+magsac++,,0.085813507437706,0.9972470750172058
synthetic_d000_x+9.88_y-11.68_s2,0.0,9.879345610991795,-11.678106279030521,2,60.0,7,0,weak,5,5,1.0,0.18060993051340626,-10.0,12.0,0.7540703507474942,False,0.08569874614477158,5.1419247686862946,False,0,0,0.7571668682837649,loftr+magsac++,,0.085813507437706,0.9972470750172058
synthetic_d000_x+9.88_y-11.68_s2,0.0,9.879345610991795,-11.678106279030521,2,60.0,7,1,verified,11,11,1.0,0.26739951578703697,0.0,0.0,0.6401347166871432,True,0.08985263109207153,5.391157865524292,False,0,0,0.7571668682837649,loftr+magsac++,,0.085813507437706,0.9972470750172058
synthetic_d000_x+9.88_y-11.68_s2,0.0,9.879345610991795,-11.678106279030521,2,60.0,7,2,verified,7,7,1.0,0.1821152148840532,0.0,0.0,0.6651547254776886,True,0.09409730136394501,5.6458380818367,False,0,0,0.7571668682837649,loftr+magsac++,,0.085813507437706,0.9972470750172058
synthetic_d000_x+9.88_y-11.68_s2,0.0,9.879345610991795,-11.678106279030521,2,60.0,7,3,verified,9,9,1.0,0.10987406783663285,0.0,0.0,0.6837727844755481,True,0.09803204983472824,5.8819229900836945,False,0,0,0.7571668682837649,loftr+magsac++,,0.085813507437706,0.9972470750172058
synthetic_d000_x+9.88_y-11.68_s2,0.0,9.879345610991795,-11.678106279030521,2,60.0,7,4,verified,9,9,1.0,0.11651121342039403,0.0,0.0,0.6885163579735303,True,0.10161858797073364,6.0971152782440186,False,0,0,0.7571668682837649,loftr+magsac++,,0.085813507437706,0.9972470750172058
synthetic_d000_x+9.88_y-11.68_s2,0.0,9.879345610991795,-11.678106279030521,2,60.0,7,5,verified,10,10,1.0,0.13365637905019806,0.0,0.0,0.6495624375051113,True,0.10520034283399582,6.312020570039749,False,0,0,0.7571668682837649,loftr+magsac++,,0.085813507437706,0.9972470750172058
synthetic_d000_x+9.88_y-11.68_s2,0.0,9.879345610991795,-11.678106279030521,2,60.0,7,6,verified,6,6,1.0,0.14715985571716972,0.0,0.0,0.6504865377844401,True,0.1093629002571106,6.561774015426636,False,0,0,0.7571668682837649,loftr+magsac++,,0.085813507437706,0.9972470750172058
synthetic_d000_x+9.88_y-11.68_s2,0.0,9.879345610991795,-11.678106279030521,2,60.0,7,7,verified,7,7,1.0,0.1366911076803078,0.0,0.0,0.6694601526485017,True,0.11493465304374695,6.896079182624817,False,0,0,0.7571668682837649,loftr+magsac++,,0.085813507437706,0.9972470750172058
synthetic_d000_x+7.77_y-12.42_s3,0.0,7.767790005723492,-12.418273920846806,3,60.0,0,0,verified,12,12,1.0,0.22873973374608841,0.0,0.0,0.41754806083510254,True,0.20272386074066162,12.163431644439697,False,0,0,0.71509129833852,loftr+magsac++,,0.22328296303749084,0.999346832135859
synthetic_d000_x+7.77_y-12.42_s3,0.0,7.767790005723492,-12.418273920846806,3,60.0,0,1,verified,24,24,1.0,0.22201274007962601,0.0,0.0,0.9719027867529931,True,0.20718048512935638,12.430829107761383,False,0,0,0.71509129833852,loftr+magsac++,,0.22328296303749084,0.999346832135859
synthetic_d000_x+7.77_y-12.42_s3,0.0,7.767790005723492,-12.418273920846806,3,60.0,0,2,verified,24,24,1.0,0.2597500765745568,0.0,0.0,0.9347904526024098,True,0.21302764117717743,12.781658470630646,False,0,0,0.71509129833852,loftr+magsac++,,0.22328296303749084,0.999346832135859
synthetic_d000_x+7.77_y-12.42_s3,0.0,7.767790005723492,-12.418273920846806,3,60.0,0,3,verified,19,19,1.0,0.24850382167040533,0.0,0.0,0.9353440518694366,True,0.22026604413986206,13.215962648391724,False,0,0,0.71509129833852,loftr+magsac++,,0.22328296303749084,0.999346832135859
synthetic_d000_x+7.77_y-12.42_s3,0.0,7.767790005723492,-12.418273920846806,3,60.0,0,4,verified,21,21,1.0,0.2324448507036281,0.0,0.0,0.9236004083811017,True,0.2288932353258133,13.733594119548798,False,0,0,0.71509129833852,loftr+magsac++,,0.22328296303749084,0.999346832135859
synthetic_d000_x+7.77_y-12.42_s3,0.0,7.767790005723492,-12.418273920846806,3,60.0,0,5,verified,23,23,1.0,0.15918329510566412,0.0,0.0,0.851796349363714,True,0.23896484076976776,14.337890446186066,False,0,0,0.71509129833852,loftr+magsac++,,0.22328296303749084,0.999346832135859
synthetic_d000_x+7.77_y-12.42_s3,0.0,7.767790005723492,-12.418273920846806,3,60.0,0,6,verified,16,16,1.0,0.15978063928814623,0.0,0.0,0.8989603171439206,True,0.25050559639930725,15.030335783958435,False,0,0,0.71509129833852,loftr+magsac++,,0.22328296303749084,0.999346832135859
synthetic_d000_x+7.77_y-12.42_s3,0.0,7.767790005723492,-12.418273920846806,3,60.0,0,7,verified,16,16,1.0,0.19742786724013586,0.0,0.0,0.8951856581814052,True,0.26360785961151123,15.816471576690674,False,0,0,0.71509129833852,loftr+magsac++,,0.22328296303749084,0.999346832135859
synthetic_d000_x+7.77_y-12.42_s3,0.0,7.767790005723492,-12.418273920846806,3,60.0,1,0,verified,14,14,1.0,0.20248773765707795,0.0,0.0,0.4734600410925136,True,0.20115554332733154,12.069332599639893,False,0,0,0.71509129833852,loftr+magsac++,,0.22328296303749084,0.999346832135859
synthetic_d000_x+7.77_y-12.42_s3,0.0,7.767790005723492,-12.418273920846806,3,60.0,1,1,verified,36,36,1.0,0.20361393374240278,0.0,0.0,0.9933445605766673,True,0.2059597373008728,12.357584238052368,False,0,0,0.71509129833852,loftr+magsac++,,0.22328296303749084,0.999346832135859
synthetic_d000_x+7.77_y-12.42_s3,0.0,7.767790005723492,-12.418273920846806,3,60.0,1,2,verified,32,32,1.0,0.20483005619597527,0.0,0.0,0.9993920532365913,True,0.21217288076877594,12.730372846126556,False,0,0,0.71509129833852,loftr+magsac++,,0.22328296303749084,0.999346832135859
synthetic_d000_x+7.77_y-12.42_s3,0.0,7.767790005723492,-12.418273920846806,3,60.0,1,3,verified,26,26,1.0,0.2130357096602303,0.0,0.0,0.998626688443775,True,0.21977604925632477,13.186562955379486,False,0,0,0.71509129833852,loftr+magsac++,,0.22328296303749084,0.999346832135859
synthetic_d000_x+7.77_y-12.42_s3,0.0,7.767790005723492,-12.418273920846806,3,60.0,1,4,verified,35,35,1.0,0.18193539420448657,0.0,0.0,0.9989237578203778,True,0.22874563932418823,13.724738359451294,False,0,0,0.71509129833852,loftr+magsac++,,0.22328296303749084,0.999346832135859
synthetic_d000_x+7.77_y-12.42_s3,0.0,7.767790005723492,-12.418273920846806,3,60.0,1,5,verified,34,34,1.0,0.18464058360636976,0.0,0.0,0.9910532244087452,True,0.23911957442760468,14.34717446565628,False,0,0,0.71509129833852,loftr+magsac++,,0.22328296303749084,0.999346832135859
synthetic_d000_x+7.77_y-12.42_s3,0.0,7.767790005723492,-12.418273920846806,3,60.0,1,6,verified,24,24,1.0,0.16401259849369457,0.0,0.0,0.9883049488755716,True,0.25091859698295593,15.055115818977356,False,0,0,0.71509129833852,loftr+magsac++,,0.22328296303749084,0.999346832135859
synthetic_d000_x+7.77_y-12.42_s3,0.0,7.767790005723492,-12.418273920846806,3,60.0,1,7,verified,20,20,1.0,0.18783695438538398,0.0,0.0,0.9859411424584855,True,0.2642204165458679,15.853224992752075,False,0,0,0.71509129833852,loftr+magsac++,,0.22328296303749084,0.999346832135859
synthetic_d000_x+7.77_y-12.42_s3,0.0,7.767790005723492,-12.418273920846806,3,60.0,2,0,weak,14,14,1.0,0.192170295237174,-8.0,0.0,0.48506718280857175,False,0.19886881113052368,11.932128667831421,False,0,0,0.71509129833852,loftr+magsac++,,0.22328296303749084,0.999346832135859
synthetic_d000_x+7.77_y-12.42_s3,0.0,7.767790005723492,-12.418273920846806,3,60.0,2,1,verified,31,31,1.0,0.20471242676132184,0.0,0.0,0.9964183487115543,True,0.2040039598941803,12.240237593650818,False,0,0,0.71509129833852,loftr+magsac++,,0.22328296303749084,0.999346832135859
synthetic_d000_x+7.77_y-12.42_s3,0.0,7.767790005723492,-12.418273920846806,3,60.0,2,2,verified,33,33,1.0,0.20676822193275957,0.0,0.0,0.9957275428463063,True,0.2105831801891327,12.634990811347961,False,0,0,0.71509129833852,loftr+magsac++,,0.22328296303749084,0.999346832135859
synthetic_d000_x+7.77_y-12.42_s3,0.0,7.767790005723492,-12.418273920846806,3,60.0,2,3,verified,30,30,1.0,0.21856201313581275,0.0,0.0,0.9985569557828042,True,0.2185647338628769,13.113884031772614,False,0,0,0.71509129833852,loftr+magsac++,,0.22328296303749084,0.999346832135859
synthetic_d000_x+7.77_y-12.42_s3,0.0,7.767790005723492,-12.418273920846806,3,60.0,2,4,verified,35,35,1.0,0.21643620436602565,0.0,0.0,0.9982602552519302,True,0.22790417075157166,13.6742502450943,False,0,0,0.71509129833852,loftr+magsac++,,0.22328296303749084,0.999346832135859
synthetic_d000_x+7.77_y-12.42_s3,0.0,7.767790005723492,-12.418273920846806,3,60.0,2,5,verified,33,33,1.0,0.19005058789392862,0.0,0.0,0.9952414400319388,True,0.2386220097541809,14.317320585250854,False,0,0,0.71509129833852,loftr+magsac++,,0.22328296303749084,0.999346832135859
synthetic_d000_x+7.77_y-12.42_s3,0.0,7.767790005723492,-12.418273920846806,3,60.0,2,6,verified,27,27,1.0,0.2055722097633243,0.0,0.0,0.9934579743696874,True,0.2507316470146179,15.043898820877075,False,0,0,0.71509129833852,loftr+magsac++,,0.22328296303749084,0.999346832135859
synthetic_d000_x+7.77_y-12.42_s3,0.0,7.767790005723492,-12.418273920846806,3,60.0,2,7,verified,23,23,1.0,0.16450279693636205,0.0,0.0,0.9904374773229626,True,0.2642808258533478,15.856849551200867,False,0,0,0.71509129833852,loftr+magsac++,,0.22328296303749084,0.999346832135859
synthetic_d000_x+7.77_y-12.42_s3,0.0,7.767790005723492,-12.418273920846806,3,60.0,3,0,weak,15,15,1.0,0.21001505168252493,-8.0,-2.0,0.7560754765643477,False,0.19589701294898987,11.753820776939392,False,0,0,0.71509129833852,loftr+magsac++,,0.22328296303749084,0.999346832135859
synthetic_d000_x+7.77_y-12.42_s3,0.0,7.767790005723492,-12.418273920846806,3,60.0,3,1,verified,30,30,1.0,0.1906419444264842,0.0,0.0,0.9973998990953054,True,0.20132718980312347,12.079631388187408,False,0,0,0.71509129833852,loftr+magsac++,,0.22328296303749084,0.999346832135859
synthetic_d000_x+7.77_y-12.42_s3,0.0,7.767790005723492,-12.418273920846806,3,60.0,3,2,verified,31,31,1.0,0.23988663029629873,0.0,0.0,0.9982483304905835,True,0.2082568109035492,12.495408654212952,False,0,0,0.71509129833852,loftr+magsac++,,0.22328296303749084,0.999346832135859
synthetic_d000_x+7.77_y-12.42_s3,0.0,7.767790005723492,-12.418273920846806,3,60.0,3,3,verified,23,23,1.0,0.16966524215378956,0.0,0.0,0.998365771895548,True,0.2166193723678589,12.997162342071533,False,0,0,0.71509129833852,loftr+magsac++,,0.22328296303749084,0.999346832135859
synthetic_d000_x+7.77_y-12.42_s3,0.0,7.767790005723492,-12.418273920846806,3,60.0,3,4,verified,29,29,1.0,0.21067776959362097,0.0,0.0,0.9970834988556045,True,0.22634585201740265,13.580751121044159,False,0,0,0.71509129833852,loftr+magsac++,,0.22328296303749084,0.999346832135859
synthetic_d000_x+7.77_y-12.42_s3,0.0,7.767790005723492,-12.418273920846806,3,60.0,3,5,verified,23,23,1.0,0.1955304461638782,0.0,0.0,0.9955152388056386,True,0.2374357432126999,14.246144592761993,False,0,0,0.71509129833852,loftr+magsac++,,0.22328296303749084,0.999346832135859
synthetic_d000_x+7.77_y-12.42_s3,0.0,7.767790005723492,-12.418273920846806,3,60.0,3,6,verified,23,23,1.0,0.21102361168677136,0.0,0.0,0.9964746608253634,True,0.24988505244255066,14.99310314655304,False,0,0,0.71509129833852,loftr+magsac++,,0.22328296303749084,0.999346832135859
synthetic_d000_x+7.77_y-12.42_s3,0.0,7.767790005723492,-12.418273920846806,3,60.0,3,7,verified,16,16,1.0,0.1935766881527931,0.0,0.0,0.9902489007075088,True,0.2637338638305664,15.824031829833984,False,0,0,0.71509129833852,loftr+magsac++,,0.22328296303749084,0.999346832135859
synthetic_d000_x+7.77_y-12.42_s3,0.0,7.767790005723492,-12.418273920846806,3,60.0,4,0,verified,18,18,1.0,0.2870410721180282,0.0,0.0,0.476866278464094,True,0.19227199256420135,11.536319553852081,False,0,0,0.71509129833852,loftr+magsac++,,0.22328296303749084,0.999346832135859
synthetic_d000_x+7.77_y-12.42_s3,0.0,7.767790005723492,-12.418273920846806,3,60.0,4,1,verified,33,33,1.0,0.2672494720155847,0.0,0.0,0.9967061360179058,True,0.1979481279850006,11.876887679100037,False,0,0,0.71509129833852,loftr+magsac++,,0.22328296303749084,0.999346832135859
synthetic_d000_x+7.77_y-12.42_s3,0.0,7.767790005723492,-12.418273920846806,3,60.0,4,2,verified,29,29,1.0,0.21700301336482053,0.0,0.0,0.9948013827809404,True,0.20520056784152985,12.31203407049179,False,0,0,0.71509129833852,loftr+magsac++,,0.22328296303749084,0.999346832135859
synthetic_d000_x+7.77_y-12.42_s3,0.0,7.767790005723492,-12.418273920846806,3,60.0,4,3,verified,27,27,1.0,0.1873143451675049,0.0,0.0,0.9982385952203965,True,0.21393147110939026,12.835888266563416,False,0,0,0.71509129833852,loftr+magsac++,,0.22328296303749084,0.999346832135859
synthetic_d000_x+7.77_y-12.42_s3,0.0,7.767790005723492,-12.418273920846806,3,60.0,4,4,verified,30,30,1.0,0.16846086657484402,0.0,0.0,0.9978995924263782,True,0.22405020892620087,13.443012535572052,False,0,0,0.71509129833852,loftr+magsac++,,0.22328296303749084,0.999346832135859
synthetic_d000_x+7.77_y-12.42_s3,0.0,7.767790005723492,-12.418273920846806,3,60.0,4,5,verified,30,30,1.0,0.18649925010542445,0.0,0.0,0.9975496648726059,True,0.23553191125392914,14.131914675235748,False,0,0,0.71509129833852,loftr+magsac++,,0.22328296303749084,0.999346832135859
synthetic_d000_x+7.77_y-12.42_s3,0.0,7.767790005723492,-12.418273920846806,3,60.0,4,6,verified,26,26,1.0,0.1412337607416581,0.0,0.0,0.9963756870489151,True,0.24834874272346497,14.900924563407898,False,0,0,0.71509129833852,loftr+magsac++,,0.22328296303749084,0.999346832135859
synthetic_d000_x+7.77_y-12.42_s3,0.0,7.767790005723492,-12.418273920846806,3,60.0,4,7,verified,24,24,1.0,0.21551085585268304,0.0,0.0,0.9935048030196683,True,0.2625429034233093,15.75257420539856,False,0,0,0.71509129833852,loftr+magsac++,,0.22328296303749084,0.999346832135859
synthetic_d000_x+7.77_y-12.42_s3,0.0,7.767790005723492,-12.418273920846806,3,60.0,5,0,verified,18,18,1.0,0.2718054979669915,0.0,0.0,0.5420367678852981,True,0.18803821504116058,11.282292902469635,False,0,0,0.71509129833852,loftr+magsac++,,0.22328296303749084,0.999346832135859
synthetic_d000_x+7.77_y-12.42_s3,0.0,7.767790005723492,-12.418273920846806,3,60.0,5,1,verified,31,31,1.0,0.2066390093810556,0.0,0.0,0.9947836647079359,True,0.19389031827449799,11.63341909646988,False,0,0,0.71509129833852,loftr+magsac++,,0.22328296303749084,0.999346832135859
synthetic_d000_x+7.77_y-12.42_s3,0.0,7.767790005723492,-12.418273920846806,3,60.0,5,2,verified,36,36,1.0,0.24060209569717378,0.0,0.0,0.9960749081653814,True,0.20142397284507751,12.08543837070465,False,0,0,0.71509129833852,loftr+magsac++,,0.22328296303749084,0.999346832135859
synthetic_d000_x+7.77_y-12.42_s3,0.0,7.767790005723492,-12.418273920846806,3,60.0,5,3,verified,28,28,1.0,0.210576637883214,0.0,0.0,0.9980081197359589,True,0.21050310134887695,12.630186080932617,False,0,0,0.71509129833852,loftr+magsac++,,0.22328296303749084,0.999346832135859
synthetic_d000_x+7.77_y-12.42_s3,0.0,7.767790005723492,-12.418273920846806,3,60.0,5,4,verified,34,34,1.0,0.2027854845453323,0.0,0.0,0.9984699399844021,True,0.22101017832756042,13.260610699653625,False,0,0,0.71509129833852,loftr+magsac++,,0.22328296303749084,0.999346832135859
synthetic_d000_x+7.77_y-12.42_s3,0.0,7.767790005723492,-12.418273920846806,3,60.0,5,5,verified,28,28,1.0,0.2268720306913711,0.0,0.0,0.9974187394895033,True,0.23289264738559723,13.973558843135834,False,0,0,0.71509129833852,loftr+magsac++,,0.22328296303749084,0.999346832135859
synthetic_d000_x+7.77_y-12.42_s3,0.0,7.767790005723492,-12.418273920846806,3,60.0,5,6,verified,28,28,1.0,0.15357173394190893,0.0,0.0,0.9967758282910064,True,0.2461002767086029,14.766016602516174,False,0,0,0.71509129833852,loftr+magsac++,,0.22328296303749084,0.999346832135859
synthetic_d000_x+7.77_y-12.42_s3,0.0,7.767790005723492,-12.418273920846806,3,60.0,5,7,verified,18,18,1.0,0.16658599137579222,0.0,0.0,0.9891622485759672,True,0.2606565058231354,15.639390349388123,False,0,0,0.71509129833852,loftr+magsac++,,0.22328296303749084,0.999346832135859
synthetic_d000_x+7.77_y-12.42_s3,0.0,7.767790005723492,-12.418273920846806,3,60.0,6,0,weak,17,17,1.0,0.22330493921943434,-8.0,-3.0,0.6488009536669712,False,0.18325234949588776,10.995140969753265,False,0,0,0.71509129833852,loftr+magsac++,,0.22328296303749084,0.999346832135859
synthetic_d000_x+7.77_y-12.42_s3,0.0,7.767790005723492,-12.418273920846806,3,60.0,6,1,verified,33,33,1.0,0.24796846149551138,0.0,0.0,0.9993801959654652,True,0.18919675052165985,11.351805031299591,False,0,0,0.71509129833852,loftr+magsac++,,0.22328296303749084,0.999346832135859
synthetic_d000_x+7.77_y-12.42_s3,0.0,7.767790005723492,-12.418273920846806,3,60.0,6,2,verified,33,33,1.0,0.22596429612362606,0.0,0.0,0.9921448533714969,True,0.19694784283638,11.8168705701828,False,0,0,0.71509129833852,loftr+magsac++,,0.22328296303749084,0.999346832135859
synthetic_d000_x+7.77_y-12.42_s3,0.0,7.767790005723492,-12.418273920846806,3,60.0,6,3,verified,28,28,1.0,0.23318905490092562,0.0,0.0,0.9981656333285472,True,0.2063441127538681,12.380646765232086,False,0,0,0.71509129833852,loftr+magsac++,,0.22328296303749084,0.999346832135859
synthetic_d000_x+7.77_y-12.42_s3,0.0,7.767790005723492,-12.418273920846806,3,60.0,6,4,verified,36,36,1.0,0.17561134625523175,0.0,0.0,0.9986352076926858,True,0.21721871197223663,13.033122718334198,False,0,0,0.71509129833852,loftr+magsac++,,0.22328296303749084,0.999346832135859
synthetic_d000_x+7.77_y-12.42_s3,0.0,7.767790005723492,-12.418273920846806,3,60.0,6,5,verified,34,34,1.0,0.22062384069410212,0.0,0.0,0.9968102319367822,True,0.2295038104057312,13.770228624343872,False,0,0,0.71509129833852,loftr+magsac++,,0.22328296303749084,0.999346832135859
synthetic_d000_x+7.77_y-12.42_s3,0.0,7.767790005723492,-12.418273920846806,3,60.0,6,6,verified,22,22,1.0,0.17074440906253596,0.0,0.0,0.992014232268147,True,0.2431180775165558,14.587084650993347,False,0,0,0.71509129833852,loftr+magsac++,,0.22328296303749084,0.999346832135859
synthetic_d000_x+7.77_y-12.42_s3,0.0,7.767790005723492,-12.418273920846806,3,60.0,6,7,verified,21,22,0.9545454545454546,0.17550983933382835,0.0,0.0,0.9974134839623863,True,0.25807979702949524,15.484787821769714,False,0,0,0.71509129833852,loftr+magsac++,,0.22328296303749084,0.999346832135859
synthetic_d000_x+7.77_y-12.42_s3,0.0,7.767790005723492,-12.418273920846806,3,60.0,7,0,weak,6,6,1.0,0.3246597123458455,-8.0,13.0,0.7281663241141033,False,0.1779950112104416,10.679700672626495,False,0,0,0.71509129833852,loftr+magsac++,,0.22328296303749084,0.999346832135859
synthetic_d000_x+7.77_y-12.42_s3,0.0,7.767790005723492,-12.418273920846806,3,60.0,7,1,verified,11,11,1.0,0.34220334305132954,0.0,0.0,0.6163199984255423,True,0.18391667306423187,11.035000383853912,False,0,0,0.71509129833852,loftr+magsac++,,0.22328296303749084,0.999346832135859
synthetic_d000_x+7.77_y-12.42_s3,0.0,7.767790005723492,-12.418273920846806,3,60.0,7,2,verified,12,12,1.0,0.23518270093368995,0.0,0.0,0.6174759253242537,True,0.19180895388126373,11.508537232875824,False,0,0,0.71509129833852,loftr+magsac++,,0.22328296303749084,0.999346832135859
synthetic_d000_x+7.77_y-12.42_s3,0.0,7.767790005723492,-12.418273920846806,3,60.0,7,3,verified,8,8,1.0,0.24611901666762886,0.0,0.0,0.6220750364553138,True,0.2014608383178711,12.087650299072266,False,0,0,0.71509129833852,loftr+magsac++,,0.22328296303749084,0.999346832135859
synthetic_d000_x+7.77_y-12.42_s3,0.0,7.767790005723492,-12.418273920846806,3,60.0,7,4,verified,12,12,1.0,0.19734264678936814,0.0,0.0,0.6127315419926109,True,0.2126815915107727,12.760895490646362,False,0,0,0.71509129833852,loftr+magsac++,,0.22328296303749084,0.999346832135859
synthetic_d000_x+7.77_y-12.42_s3,0.0,7.767790005723492,-12.418273920846806,3,60.0,7,5,verified,10,10,1.0,0.31837372598642233,0.0,0.0,0.5671913893393524,True,0.22535721957683563,13.521433174610138,False,0,0,0.71509129833852,loftr+magsac++,,0.22328296303749084,0.999346832135859
synthetic_d000_x+7.77_y-12.42_s3,0.0,7.767790005723492,-12.418273920846806,3,60.0,7,6,verified,9,9,1.0,0.1439004613393436,0.0,0.0,0.5939165961677151,True,0.23938514292240143,14.363108575344086,False,0,0,0.71509129833852,loftr+magsac++,,0.22328296303749084,0.999346832135859
synthetic_d000_x+7.77_y-12.42_s3,0.0,7.767790005723492,-12.418273920846806,3,60.0,7,7,verified,8,8,1.0,0.24247148526779783,0.0,0.0,0.6677901379332969,True,0.25475433468818665,15.285260081291199,False,0,0,0.71509129833852,loftr+magsac++,,0.22328296303749084,0.999346832135859
synthetic_d000_x+18.06_y-9.12_s4,0.0,18.056673266868412,-9.124069366227662,4,60.0,0,0,verified,8,8,1.0,0.05703638695149159,0.0,0.0,0.4700936313858145,True,0.07511285692453384,4.506771415472031,False,0,0,0.8427442284761196,loftr+magsac++,,0.07435204833745956,1.0
synthetic_d000_x+18.06_y-9.12_s4,0.0,18.056673266868412,-9.124069366227662,4,60.0,0,1,verified,25,25,1.0,0.07866866650152025,0.0,0.0,0.9959262768994004,True,0.07287723571062088,4.372634142637253,False,0,0,0.8427442284761196,loftr+magsac++,,0.07435204833745956,1.0
synthetic_d000_x+18.06_y-9.12_s4,0.0,18.056673266868412,-9.124069366227662,4,60.0,0,2,verified,22,22,1.0,0.06083114188639867,0.0,0.0,0.9923152727896579,True,0.07051821053028107,4.231092631816864,False,0,0,0.8427442284761196,loftr+magsac++,,0.07435204833745956,1.0
synthetic_d000_x+18.06_y-9.12_s4,0.0,18.056673266868412,-9.124069366227662,4,60.0,0,3,verified,25,25,1.0,0.07062090033436734,0.0,0.0,0.9898629241189263,True,0.06799905002117157,4.079943001270294,False,0,0,0.8427442284761196,loftr+magsac++,,0.07435204833745956,1.0
synthetic_d000_x+18.06_y-9.12_s4,0.0,18.056673266868412,-9.124069366227662,4,60.0,0,4,verified,24,24,1.0,0.06706291164521677,0.0,0.0,0.9909225943088419,True,0.06532005220651627,3.919203132390976,False,0,0,0.8427442284761196,loftr+magsac++,,0.07435204833745956,1.0
synthetic_d000_x+18.06_y-9.12_s4,0.0,18.056673266868412,-9.124069366227662,4,60.0,0,5,verified,20,20,1.0,0.0690715497957551,0.0,0.0,0.9822703029471426,True,0.06252750754356384,3.7516504526138306,False,0,0,0.8427442284761196,loftr+magsac++,,0.07435204833745956,1.0
synthetic_d000_x+18.06_y-9.12_s4,0.0,18.056673266868412,-9.124069366227662,4,60.0,0,6,verified,26,26,1.0,0.054850023082853985,0.0,0.0,0.9902185281195044,True,0.05972438305616379,3.5834629833698273,False,0,0,0.8427442284761196,loftr+magsac++,,0.07435204833745956,1.0
synthetic_d000_x+18.06_y-9.12_s4,0.0,18.056673266868412,-9.124069366227662,4,60.0,0,7,verified,18,18,1.0,0.06961506670002537,0.0,0.0,0.9869260810399262,True,0.05708957836031914,3.4253747016191483,False,0,0,0.8427442284761196,loftr+magsac++,,0.07435204833745956,1.0
synthetic_d000_x+18.06_y-9.12_s4,0.0,18.056673266868412,-9.124069366227662,4,60.0,1,0,verified,12,12,1.0,0.05000057761733742,0.0,0.0,0.4356078775201994,True,0.07604829967021942,4.562897980213165,False,0,0,0.8427442284761196,loftr+magsac++,,0.07435204833745956,1.0
synthetic_d000_x+18.06_y-9.12_s4,0.0,18.056673266868412,-9.124069366227662,4,60.0,1,1,verified,35,35,1.0,0.05613777241100582,0.0,0.0,0.9991432262568459,True,0.07434529811143875,4.460717886686325,False,0,0,0.8427442284761196,loftr+magsac++,,0.07435204833745956,1.0
synthetic_d000_x+18.06_y-9.12_s4,0.0,18.056673266868412,-9.124069366227662,4,60.0,1,2,verified,28,28,1.0,0.057241100794567,0.0,0.0,0.9999094804359618,True,0.07251816242933273,4.351089745759964,False,0,0,0.8427442284761196,loftr+magsac++,,0.07435204833745956,1.0
synthetic_d000_x+18.06_y-9.12_s4,0.0,18.056673266868412,-9.124069366227662,4,60.0,1,3,verified,35,35,1.0,0.05504913744569705,0.0,0.0,0.9998220667500568,True,0.07052671164274216,4.231602698564529,False,0,0,0.8427442284761196,loftr+magsac++,,0.07435204833745956,1.0
synthetic_d000_x+18.06_y-9.12_s4,0.0,18.056673266868412,-9.124069366227662,4,60.0,1,4,verified,36,36,1.0,0.07436128615116369,0.0,0.0,0.9998849167096612,True,0.0683683529496193,4.102101176977158,False,0,0,0.8427442284761196,loftr+magsac++,,0.07435204833745956,1.0
synthetic_d000_x+18.06_y-9.12_s4,0.0,18.056673266868412,-9.124069366227662,4,60.0,1,5,verified,30,30,1.0,0.059204383290786075,0.0,0.0,0.9990486920145432,True,0.0660816878080368,3.9649012684822083,False,0,0,0.8427442284761196,loftr+magsac++,,0.07435204833745956,1.0
synthetic_d000_x+18.06_y-9.12_s4,0.0,18.056673266868412,-9.124069366227662,4,60.0,1,6,verified,34,34,1.0,0.059564552897527295,0.0,0.0,0.9987832766219695,True,0.06375536322593689,3.8253217935562134,False,0,0,0.8427442284761196,loftr+magsac++,,0.07435204833745956,1.0
synthetic_d000_x+18.06_y-9.12_s4,0.0,18.056673266868412,-9.124069366227662,4,60.0,1,7,verified,22,22,1.0,0.05643318247472924,0.0,0.0,0.9977780517955366,True,0.06154472008347511,3.6926832050085068,False,0,0,0.8427442284761196,loftr+magsac++,,0.07435204833745956,1.0
synthetic_d000_x+18.06_y-9.12_s4,0.0,18.056673266868412,-9.124069366227662,4,60.0,2,0,weak,12,12,1.0,0.0545906819026053,-18.0,1.0,0.5261423134521859,False,0.0766453966498375,4.59872379899025,False,0,0,0.8427442284761196,loftr+magsac++,,0.07435204833745956,1.0
synthetic_d000_x+18.06_y-9.12_s4,0.0,18.056673266868412,-9.124069366227662,4,60.0,2,1,verified,36,36,1.0,0.04902107009889224,0.0,0.0,0.9995188127904753,True,0.0754820927977562,4.528925567865372,False,0,0,0.8427442284761196,loftr+magsac++,,0.07435204833745956,1.0
synthetic_d000_x+18.06_y-9.12_s4,0.0,18.056673266868412,-9.124069366227662,4,60.0,2,2,verified,30,30,1.0,0.05248254099537535,0.0,0.0,0.9994247282172213,True,0.07419426739215851,4.4516560435295105,False,0,0,0.8427442284761196,loftr+magsac++,,0.07435204833745956,1.0
synthetic_d000_x+18.06_y-9.12_s4,0.0,18.056673266868412,-9.124069366227662,4,60.0,2,3,verified,36,36,1.0,0.058801867361693766,0.0,0.0,0.9997869664347516,True,0.07273871451616287,4.364322870969772,False,0,0,0.8427442284761196,loftr+magsac++,,0.07435204833745956,1.0
synthetic_d000_x+18.06_y-9.12_s4,0.0,18.056673266868412,-9.124069366227662,4,60.0,2,4,verified,36,36,1.0,0.06778611951593866,0.0,0.0,0.9997643508080912,True,0.07110758125782013,4.266454875469208,False,0,0,0.8427442284761196,loftr+magsac++,,0.07435204833745956,1.0
synthetic_d000_x+18.06_y-9.12_s4,0.0,18.056673266868412,-9.124069366227662,4,60.0,2,5,verified,30,30,1.0,0.056396414484011954,0.0,0.0,0.9994577282882536,True,0.06933289021253586,4.1599734127521515,False,0,0,0.8427442284761196,loftr+magsac++,,0.07435204833745956,1.0
synthetic_d000_x+18.06_y-9.12_s4,0.0,18.056673266868412,-9.124069366227662,4,60.0,2,6,verified,36,36,1.0,0.06742506361508471,0.0,0.0,0.999278787489052,True,0.06749612092971802,4.049767255783081,False,0,0,0.8427442284761196,loftr+magsac++,,0.07435204833745956,1.0
synthetic_d000_x+18.06_y-9.12_s4,0.0,18.056673266868412,-9.124069366227662,4,60.0,2,7,verified,24,24,1.0,0.06215050783035011,0.0,0.0,0.9987140774853143,True,0.06573041528463364,3.943824917078018,False,0,0,0.8427442284761196,loftr+magsac++,,0.07435204833745956,1.0
synthetic_d000_x+18.06_y-9.12_s4,0.0,18.056673266868412,-9.124069366227662,4,60.0,3,0,weak,12,12,1.0,0.06456469491771599,-18.0,-7.0,0.722950518075453,False,0.07689277082681656,4.6135662496089935,False,0,0,0.8427442284761196,loftr+magsac++,,0.07435204833745956,1.0
synthetic_d000_x+18.06_y-9.12_s4,0.0,18.056673266868412,-9.124069366227662,4,60.0,3,1,verified,36,36,1.0,0.05419374699890979,0.0,0.0,0.9996388736293272,True,0.07627272605895996,4.576363563537598,False,0,0,0.8427442284761196,loftr+magsac++,,0.07435204833745956,1.0
synthetic_d000_x+18.06_y-9.12_s4,0.0,18.056673266868412,-9.124069366227662,4,60.0,3,2,verified,30,30,1.0,0.061651050297857515,0.0,0.0,0.9997580506269944,True,0.07552594691514969,4.531556814908981,False,0,0,0.8427442284761196,loftr+magsac++,,0.07435204833745956,1.0
synthetic_d000_x+18.06_y-9.12_s4,0.0,18.056673266868412,-9.124069366227662,4,60.0,3,3,verified,36,36,1.0,0.06394001035296061,0.0,0.0,0.9997756966398674,True,0.07460580766201019,4.476348459720612,False,0,0,0.8427442284761196,loftr+magsac++,,0.07435204833745956,1.0
synthetic_d000_x+18.06_y-9.12_s4,0.0,18.056673266868412,-9.124069366227662,4,60.0,3,4,verified,36,36,1.0,0.041119313894397255,0.0,0.0,0.999577677560864,True,0.07350317388772964,4.410190433263779,False,0,0,0.8427442284761196,loftr+magsac++,,0.07435204833745956,1.0
synthetic_d000_x+18.06_y-9.12_s4,0.0,18.056673266868412,-9.124069366227662,4,60.0,3,5,verified,30,30,1.0,0.06141592521139084,0.0,0.0,0.9994375233414828,True,0.07224326580762863,4.334595948457718,False,0,0,0.8427442284761196,loftr+magsac++,,0.07435204833745956,1.0
synthetic_d000_x+18.06_y-9.12_s4,0.0,18.056673266868412,-9.124069366227662,4,60.0,3,6,verified,36,36,1.0,0.07390479580800942,0.0,0.0,0.9995770451793922,True,0.07090004533529282,4.254002720117569,False,0,0,0.8427442284761196,loftr+magsac++,,0.07435204833745956,1.0
synthetic_d000_x+18.06_y-9.12_s4,0.0,18.056673266868412,-9.124069366227662,4,60.0,3,7,verified,24,24,1.0,0.07906656985112621,0.0,0.0,0.9985149655123683,True,0.06959313154220581,4.175587892532349,False,0,0,0.8427442284761196,loftr+magsac++,,0.07435204833745956,1.0
synthetic_d000_x+18.06_y-9.12_s4,0.0,18.056673266868412,-9.124069366227662,4,60.0,4,0,verified,12,12,1.0,0.06684857358283035,0.0,0.0,0.4726155734616812,True,0.07679087668657303,4.607452601194382,False,0,0,0.8427442284761196,loftr+magsac++,,0.07435204833745956,1.0
synthetic_d000_x+18.06_y-9.12_s4,0.0,18.056673266868412,-9.124069366227662,4,60.0,4,1,verified,36,36,1.0,0.06378655025815966,0.0,0.0,0.9995276068078927,True,0.07671501487493515,4.602900892496109,False,0,0,0.8427442284761196,loftr+magsac++,,0.07435204833745956,1.0
synthetic_d000_x+18.06_y-9.12_s4,0.0,18.056673266868412,-9.124069366227662,4,60.0,4,2,verified,30,30,1.0,0.048802338343896384,0.0,0.0,0.9992696409721948,True,0.07650920003652573,4.590552002191544,False,0,0,0.8427442284761196,loftr+magsac++,,0.07435204833745956,1.0
synthetic_d000_x+18.06_y-9.12_s4,0.0,18.056673266868412,-9.124069366227662,4,60.0,4,3,verified,36,36,1.0,0.058361274647006155,0.0,0.0,0.9997506509314394,True,0.07612811774015427,4.567687064409256,False,0,0,0.8427442284761196,loftr+magsac++,,0.07435204833745956,1.0
synthetic_d000_x+18.06_y-9.12_s4,0.0,18.056673266868412,-9.124069366227662,4,60.0,4,4,verified,36,36,1.0,0.06202273247956333,0.0,0.0,0.9997257478621764,True,0.07555574923753738,4.533344954252243,False,0,0,0.8427442284761196,loftr+magsac++,,0.07435204833745956,1.0
synthetic_d000_x+18.06_y-9.12_s4,0.0,18.056673266868412,-9.124069366227662,4,60.0,4,5,verified,30,30,1.0,0.05080515619901296,0.0,0.0,0.9996551816015182,True,0.07481208443641663,4.488725066184998,False,0,0,0.8427442284761196,loftr+magsac++,,0.07435204833745956,1.0
synthetic_d000_x+18.06_y-9.12_s4,0.0,18.056673266868412,-9.124069366227662,4,60.0,4,6,verified,36,36,1.0,0.055250279619285934,0.0,0.0,0.9995557032340011,True,0.07396864891052246,4.438118934631348,False,0,0,0.8427442284761196,loftr+magsac++,,0.07435204833745956,1.0
synthetic_d000_x+18.06_y-9.12_s4,0.0,18.056673266868412,-9.124069366227662,4,60.0,4,7,verified,24,24,1.0,0.06302961176839365,0.0,0.0,0.9988353543813958,True,0.07312730699777603,4.387638419866562,False,0,0,0.8427442284761196,loftr+magsac++,,0.07435204833745956,1.0
synthetic_d000_x+18.06_y-9.12_s4,0.0,18.056673266868412,-9.124069366227662,4,60.0,5,0,verified,12,12,1.0,0.08043261728707687,0.0,0.0,0.5228882753602507,True,0.07634773850440979,4.580864310264587,False,0,0,0.8427442284761196,loftr+magsac++,,0.07435204833745956,1.0
synthetic_d000_x+18.06_y-9.12_s4,0.0,18.056673266868412,-9.124069366227662,4,60.0,5,1,verified,36,36,1.0,0.060279226445907705,0.0,0.0,0.9992711829764005,True,0.07682011276483536,4.6092067658901215,False,0,0,0.8427442284761196,loftr+magsac++,,0.07435204833745956,1.0
synthetic_d000_x+18.06_y-9.12_s4,0.0,18.056673266868412,-9.124069366227662,4,60.0,5,2,verified,30,30,1.0,0.061625794514136904,0.0,0.0,0.9994171794114051,True,0.07716261595487595,4.629756957292557,False,0,0,0.8427442284761196,loftr+magsac++,,0.07435204833745956,1.0
synthetic_d000_x+18.06_y-9.12_s4,0.0,18.056673266868412,-9.124069366227662,4,60.0,5,3,verified,36,36,1.0,0.05383984596044099,0.0,0.0,0.9996982768243916,True,0.07731668651103973,4.639001190662384,False,0,0,0.8427442284761196,loftr+magsac++,,0.07435204833745956,1.0
synthetic_d000_x+18.06_y-9.12_s4,0.0,18.056673266868412,-9.124069366227662,4,60.0,5,4,verified,36,36,1.0,0.05698325614061031,0.0,0.0,0.999778629110057,True,0.07727520912885666,4.6365125477313995,False,0,0,0.8427442284761196,loftr+magsac++,,0.07435204833745956,1.0
synthetic_d000_x+18.06_y-9.12_s4,0.0,18.056673266868412,-9.124069366227662,4,60.0,5,5,verified,30,30,1.0,0.06294792073369473,0.0,0.0,0.9996639906829954,True,0.07704925537109375,4.622955322265625,False,0,0,0.8427442284761196,loftr+magsac++,,0.07435204833745956,1.0
synthetic_d000_x+18.06_y-9.12_s4,0.0,18.056673266868412,-9.124069366227662,4,60.0,5,6,verified,36,36,1.0,0.06390332026339415,0.0,0.0,0.9995968898900636,True,0.0767042487859726,4.602254927158356,False,0,0,0.8427442284761196,loftr+magsac++,,0.07435204833745956,1.0
synthetic_d000_x+18.06_y-9.12_s4,0.0,18.056673266868412,-9.124069366227662,4,60.0,5,7,verified,24,24,1.0,0.06124921016548268,0.0,0.0,0.9978654974267771,True,0.0763373076915741,4.580238461494446,False,0,0,0.8427442284761196,loftr+magsac++,,0.07435204833745956,1.0
synthetic_d000_x+18.06_y-9.12_s4,0.0,18.056673266868412,-9.124069366227662,4,60.0,6,0,weak,12,12,1.0,0.045987741904183685,-18.0,-4.0,0.7073214609737268,False,0.07555653154850006,4.533391892910004,False,0,0,0.8427442284761196,loftr+magsac++,,0.07435204833745956,1.0
synthetic_d000_x+18.06_y-9.12_s4,0.0,18.056673266868412,-9.124069366227662,4,60.0,6,1,verified,36,36,1.0,0.05752591172849576,0.0,0.0,0.9999175115128038,True,0.07657899707555771,4.5947398245334625,False,0,0,0.8427442284761196,loftr+magsac++,,0.07435204833745956,1.0
synthetic_d000_x+18.06_y-9.12_s4,0.0,18.056673266868412,-9.124069366227662,4,60.0,6,2,verified,30,30,1.0,0.05587749377798207,0.0,0.0,0.9989619491170421,True,0.07746640592813492,4.647984355688095,False,0,0,0.8427442284761196,loftr+magsac++,,0.07435204833745956,1.0
synthetic_d000_x+18.06_y-9.12_s4,0.0,18.056673266868412,-9.124069366227662,4,60.0,6,3,verified,36,36,1.0,0.057212807735860974,0.0,0.0,0.9997323710020263,True,0.07816095650196075,4.689657390117645,False,0,0,0.8427442284761196,loftr+magsac++,,0.07435204833745956,1.0
synthetic_d000_x+18.06_y-9.12_s4,0.0,18.056673266868412,-9.124069366227662,4,60.0,6,4,verified,36,36,1.0,0.04836065212592111,0.0,0.0,0.9997918056841171,True,0.07864945381879807,4.718967229127884,False,0,0,0.8427442284761196,loftr+magsac++,,0.07435204833745956,1.0
synthetic_d000_x+18.06_y-9.12_s4,0.0,18.056673266868412,-9.124069366227662,4,60.0,6,5,verified,30,30,1.0,0.05452500264603352,0.0,0.0,0.9995204349065933,True,0.07894627004861832,4.736776202917099,False,0,0,0.8427442284761196,loftr+magsac++,,0.07435204833745956,1.0
synthetic_d000_x+18.06_y-9.12_s4,0.0,18.056673266868412,-9.124069366227662,4,60.0,6,6,verified,36,36,1.0,0.05429811774667943,0.0,0.0,0.9990198368404344,True,0.07910259068012238,4.7461554408073425,False,0,0,0.8427442284761196,loftr+magsac++,,0.07435204833745956,1.0
synthetic_d000_x+18.06_y-9.12_s4,0.0,18.056673266868412,-9.124069366227662,4,60.0,6,7,verified,24,24,1.0,0.05119313165142528,0.0,0.0,0.9993524634123808,True,0.07921431958675385,4.752859175205231,False,0,0,0.8427442284761196,loftr+magsac++,,0.07435204833745956,1.0
synthetic_d000_x+18.06_y-9.12_s4,0.0,18.056673266868412,-9.124069366227662,4,60.0,7,0,weak,4,4,1.0,0.035736677385443595,-18.0,9.0,0.7959835854414978,False,0.07440999150276184,4.4645994901657104,False,0,0,0.8427442284761196,loftr+magsac++,,0.07435204833745956,1.0
synthetic_d000_x+18.06_y-9.12_s4,0.0,18.056673266868412,-9.124069366227662,4,60.0,7,1,verified,12,12,1.0,0.0569401820498176,0.0,0.0,0.7757334944327968,True,0.07598710805177689,4.559226483106613,False,0,0,0.8427442284761196,loftr+magsac++,,0.07435204833745956,1.0
synthetic_d000_x+18.06_y-9.12_s4,0.0,18.056673266868412,-9.124069366227662,4,60.0,7,2,verified,10,10,1.0,0.05092462904224784,0.0,0.0,0.7644007104940339,True,0.07742321491241455,4.645392894744873,False,0,0,0.8427442284761196,loftr+magsac++,,0.07435204833745956,1.0
synthetic_d000_x+18.06_y-9.12_s4,0.0,18.056673266868412,-9.124069366227662,4,60.0,7,3,verified,12,12,1.0,0.04484755931021428,0.0,0.0,0.7791750005598305,True,0.07865980267524719,4.7195881605148315,False,0,0,0.8427442284761196,loftr+magsac++,,0.07435204833745956,1.0
synthetic_d000_x+18.06_y-9.12_s4,0.0,18.056673266868412,-9.124069366227662,4,60.0,7,4,verified,12,12,1.0,0.06593757871269343,0.0,0.0,0.8054914636868311,True,0.07968249171972275,4.780949503183365,False,0,0,0.8427442284761196,loftr+magsac++,,0.07435204833745956,1.0
synthetic_d000_x+18.06_y-9.12_s4,0.0,18.056673266868412,-9.124069366227662,4,60.0,7,5,verified,10,10,1.0,0.055173674253463444,0.0,0.0,0.7782227395608271,True,0.08049467206001282,4.829680323600769,False,0,0,0.8427442284761196,loftr+magsac++,,0.07435204833745956,1.0
synthetic_d000_x+18.06_y-9.12_s4,0.0,18.056673266868412,-9.124069366227662,4,60.0,7,6,verified,12,12,1.0,0.04405932851836558,0.0,0.0,0.7628372202152868,True,0.08115943521261215,4.869566112756729,False,0,0,0.8427442284761196,loftr+magsac++,,0.07435204833745956,1.0
synthetic_d000_x+18.06_y-9.12_s4,0.0,18.056673266868412,-9.124069366227662,4,60.0,7,7,verified,8,8,1.0,0.06113576118917337,0.0,0.0,0.7512102507361588,True,0.08175484836101532,4.905290901660919,False,0,0,0.8427442284761196,loftr+magsac++,,0.07435204833745956,1.0
synthetic_d015_x+12.37_y-8.63_s0,15.0,12.37,-8.63,0,60.0,0,0,verified,5,6,0.8333333333333334,0.28908388633329857,0.0,0.0,0.4328402108228014,True,0.3340456187725067,20.042737126350403,False,0,0,0.5486573702116371,loftr+magsac++,,0.33217453956604004,0.9773755656108597
synthetic_d015_x+12.37_y-8.63_s0,15.0,12.37,-8.63,0,60.0,0,1,verified,10,11,0.9090909090909091,0.6629267259393261,0.0,0.0,0.9652581663365993,True,0.2910895347595215,17.46537208557129,False,0,0,0.5486573702116371,loftr+magsac++,,0.33217453956604004,0.9773755656108597
synthetic_d015_x+12.37_y-8.63_s0,15.0,12.37,-8.63,0,60.0,0,2,verified,18,18,1.0,0.37023046747229477,0.0,0.0,0.9702179655464696,True,0.2585538923740387,15.513233542442322,False,0,0,0.5486573702116371,loftr+magsac++,,0.33217453956604004,0.9773755656108597
synthetic_d015_x+12.37_y-8.63_s0,15.0,12.37,-8.63,0,60.0,0,3,verified,18,18,1.0,0.269469121595732,0.0,0.0,0.972604323277574,True,0.23560278117656708,14.136166870594025,False,0,0,0.5486573702116371,loftr+magsac++,,0.33217453956604004,0.9773755656108597
synthetic_d015_x+12.37_y-8.63_s0,15.0,12.37,-8.63,0,60.0,0,4,verified,17,17,1.0,0.2746181701668123,0.0,0.0,0.9529070657550897,True,0.22330641746520996,13.398385047912598,False,0,0,0.5486573702116371,loftr+magsac++,,0.33217453956604004,0.9773755656108597
synthetic_d015_x+12.37_y-8.63_s0,15.0,12.37,-8.63,0,60.0,0,5,verified,24,24,1.0,0.31666596300776806,0.0,0.0,0.9170483851315782,True,0.22569461166858673,13.541676700115204,False,0,0,0.5486573702116371,loftr+magsac++,,0.33217453956604004,0.9773755656108597
synthetic_d015_x+12.37_y-8.63_s0,15.0,12.37,-8.63,0,60.0,0,6,verified,20,20,1.0,0.2856566334870225,0.0,0.0,0.9332475885214236,True,0.24760989844799042,14.856593906879425,False,0,0,0.5486573702116371,loftr+magsac++,,0.33217453956604004,0.9773755656108597
synthetic_d015_x+12.37_y-8.63_s0,15.0,12.37,-8.63,0,60.0,0,7,verified,11,13,0.8461538461538461,0.20150767671829722,0.0,0.0,0.8002664970072061,True,0.2924303412437439,17.545820474624634,False,0,0,0.5486573702116371,loftr+magsac++,,0.33217453956604004,0.9773755656108597
synthetic_d015_x+12.37_y-8.63_s0,15.0,12.37,-8.63,0,60.0,1,0,verified,6,6,1.0,0.14346838924194552,0.0,0.0,0.4811314734230255,True,0.2796857953071594,16.781147718429565,False,0,0,0.5486573702116371,loftr+magsac++,,0.33217453956604004,0.9773755656108597
synthetic_d015_x+12.37_y-8.63_s0,15.0,12.37,-8.63,0,60.0,1,1,verified,19,19,1.0,0.2886044435801135,0.0,0.0,0.9230982298996633,True,0.24315539002418518,14.58932340145111,False,0,0,0.5486573702116371,loftr+magsac++,,0.33217453956604004,0.9773755656108597
synthetic_d015_x+12.37_y-8.63_s0,15.0,12.37,-8.63,0,60.0,1,2,verified,23,23,1.0,0.35949763846878724,0.0,0.0,0.9849736759869764,True,0.2180437594652176,13.082625567913055,False,0,0,0.5486573702116371,loftr+magsac++,,0.33217453956604004,0.9773755656108597
synthetic_d015_x+12.37_y-8.63_s0,15.0,12.37,-8.63,0,60.0,1,3,verified,32,33,0.9696969696969697,0.2662447757998762,0.0,0.0,0.9921085861637231,True,0.20280833542346954,12.168500125408173,False,0,0,0.5486573702116371,loftr+magsac++,,0.33217453956604004,0.9773755656108597
synthetic_d015_x+12.37_y-8.63_s0,15.0,12.37,-8.63,0,60.0,1,4,verified,23,23,1.0,0.3776588470574272,0.0,0.0,0.9692901087830651,True,0.19787636399269104,11.872581839561462,False,0,0,0.5486573702116371,loftr+magsac++,,0.33217453956604004,0.9773755656108597
synthetic_d015_x+12.37_y-8.63_s0,15.0,12.37,-8.63,0,60.0,1,5,verified,32,32,1.0,0.2634548350494571,0.0,0.0,0.959548180724217,True,0.2066720873117447,12.400325238704681,False,0,0,0.5486573702116371,loftr+magsac++,,0.33217453956604004,0.9773755656108597
synthetic_d015_x+12.37_y-8.63_s0,15.0,12.37,-8.63,0,60.0,1,6,verified,34,34,1.0,0.26683610471863717,0.0,0.0,0.949688174387432,True,0.23345007002353668,14.007004201412201,False,0,0,0.5486573702116371,loftr+magsac++,,0.33217453956604004,0.9773755656108597
synthetic_d015_x+12.37_y-8.63_s0,15.0,12.37,-8.63,0,60.0,1,7,verified,18,18,1.0,0.2824198006607792,0.0,0.0,0.7583948122774905,True,0.2812858819961548,16.877152919769287,False,0,0,0.5486573702116371,loftr+magsac++,,0.33217453956604004,0.9773755656108597
synthetic_d015_x+12.37_y-8.63_s0,15.0,12.37,-8.63,0,60.0,2,0,weak,7,7,1.0,0.2700411492547002,-12.0,0.0,0.5232772405975035,False,0.22740688920021057,13.644413352012634,False,0,0,0.5486573702116371,loftr+magsac++,,0.33217453956604004,0.9773755656108597
synthetic_d015_x+12.37_y-8.63_s0,15.0,12.37,-8.63,0,60.0,2,1,verified,21,25,0.84,0.37713686025751825,0.0,0.0,0.969449559908305,True,0.19659531116485596,11.795718669891357,False,0,0,0.5486573702116371,loftr+magsac++,,0.33217453956604004,0.9773755656108597
synthetic_d015_x+12.37_y-8.63_s0,15.0,12.37,-8.63,0,60.0,2,2,verified,26,27,0.9629629629629629,0.574909292262134,0.0,0.0,0.928356339933052,True,0.17873011529445648,10.723806917667389,False,0,0,0.5486573702116371,loftr+magsac++,,0.33217453956604004,0.9773755656108597
synthetic_d015_x+12.37_y-8.63_s0,15.0,12.37,-8.63,0,60.0,2,3,verified,24,24,1.0,0.37592893197526117,0.0,0.0,0.9864317457328492,True,0.1712721586227417,10.276329517364502,False,0,0,0.5486573702116371,loftr+magsac++,,0.33217453956604004,0.9773755656108597
synthetic_d015_x+12.37_y-8.63_s0,15.0,12.37,-8.63,0,60.0,2,4,verified,22,22,1.0,0.33985814361290245,0.0,0.0,0.9869728246203333,True,0.17375439405441284,10.42526364326477,False,0,0,0.5486573702116371,loftr+magsac++,,0.33217453956604004,0.9773755656108597
synthetic_d015_x+12.37_y-8.63_s0,15.0,12.37,-8.63,0,60.0,2,5,verified,27,27,1.0,0.27203413347255845,0.0,0.0,0.9684624709195667,True,0.18894387781620026,11.336632668972015,False,0,0,0.5486573702116371,loftr+magsac++,,0.33217453956604004,0.9773755656108597
synthetic_d015_x+12.37_y-8.63_s0,15.0,12.37,-8.63,0,60.0,2,6,verified,29,29,1.0,0.28843313092723627,0.0,0.0,0.9593949863607375,True,0.22058410942554474,13.235046565532684,False,0,0,0.5486573702116371,loftr+magsac++,,0.33217453956604004,0.9773755656108597
synthetic_d015_x+12.37_y-8.63_s0,15.0,12.37,-8.63,0,60.0,2,7,verified,18,18,1.0,0.2587178678112677,0.0,0.0,0.8636629048031175,True,0.27159368991851807,16.295621395111084,False,0,0,0.5486573702116371,loftr+magsac++,,0.33217453956604004,0.9773755656108597
synthetic_d015_x+12.37_y-8.63_s0,15.0,12.37,-8.63,0,60.0,3,0,weak,16,16,1.0,0.320100073755468,-12.0,-5.0,0.7735735598148064,False,0.17855557799339294,10.713334679603577,False,0,0,0.5486573702116371,loftr+magsac++,,0.33217453956604004,0.9773755656108597
synthetic_d015_x+12.37_y-8.63_s0,15.0,12.37,-8.63,0,60.0,3,1,verified,21,21,1.0,0.47200900901163106,0.0,0.0,0.9405005391855087,True,0.1521182805299759,9.127096831798553,False,0,0,0.5486573702116371,loftr+magsac++,,0.33217453956604004,0.9773755656108597
synthetic_d015_x+12.37_y-8.63_s0,15.0,12.37,-8.63,0,60.0,3,2,verified,31,31,1.0,0.41631172644536935,0.0,0.0,0.96464490277547,True,0.141095370054245,8.4657222032547,False,0,0,0.5486573702116371,loftr+magsac++,,0.33217453956604004,0.9773755656108597
synthetic_d015_x+12.37_y-8.63_s0,15.0,12.37,-8.63,0,60.0,3,3,verified,28,30,0.9333333333333333,0.37818503282585453,0.0,0.0,0.9596590985440525,True,0.1414564996957779,8.487389981746674,False,0,0,0.5486573702116371,loftr+magsac++,,0.33217453956604004,0.9773755656108597
synthetic_d015_x+12.37_y-8.63_s0,15.0,12.37,-8.63,0,60.0,3,4,verified,22,22,1.0,0.3329649324774721,0.0,0.0,0.9657703002450029,True,0.15138918161392212,9.083350896835327,False,0,0,0.5486573702116371,loftr+magsac++,,0.33217453956604004,0.9773755656108597
synthetic_d015_x+12.37_y-8.63_s0,15.0,12.37,-8.63,0,60.0,3,5,verified,32,32,1.0,0.3075907528719275,0.0,0.0,0.9725810197149071,True,0.17294806241989136,10.376883745193481,False,0,0,0.5486573702116371,loftr+magsac++,,0.33217453956604004,0.9773755656108597
synthetic_d015_x+12.37_y-8.63_s0,15.0,12.37,-8.63,0,60.0,3,6,verified,27,27,1.0,0.3300671804887793,0.0,0.0,0.9565791043750597,True,0.2094832956790924,12.568997740745544,False,0,0,0.5486573702116371,loftr+magsac++,,0.33217453956604004,0.9773755656108597
synthetic_d015_x+12.37_y-8.63_s0,15.0,12.37,-8.63,0,60.0,3,7,verified,15,17,0.8823529411764706,0.2566806120471968,0.0,0.0,0.8805177391538648,True,0.2638668417930603,15.832010507583618,False,0,0,0.5486573702116371,loftr+magsac++,,0.33217453956604004,0.9773755656108597
synthetic_d015_x+12.37_y-8.63_s0,15.0,12.37,-8.63,0,60.0,4,0,verified,14,14,1.0,0.5207032787678502,0.0,0.0,0.3596650261034869,True,0.13476338982582092,8.085803389549255,False,0,0,0.5486573702116371,loftr+magsac++,,0.33217453956604004,0.9773755656108597
synthetic_d015_x+12.37_y-8.63_s0,15.0,12.37,-8.63,0,60.0,4,1,verified,24,24,1.0,0.37180938624710214,0.0,0.0,0.9587541594164268,True,0.11012748628854752,6.607649177312851,False,0,0,0.5486573702116371,loftr+magsac++,,0.33217453956604004,0.9773755656108597
synthetic_d015_x+12.37_y-8.63_s0,15.0,12.37,-8.63,0,60.0,4,2,verified,25,25,1.0,0.40616935751441685,0.0,0.0,0.9508814001937154,True,0.10519827902317047,6.311896741390228,False,0,0,0.5486573702116371,loftr+magsac++,,0.33217453956604004,0.9773755656108597
synthetic_d015_x+12.37_y-8.63_s0,15.0,12.37,-8.63,0,60.0,4,3,verified,29,30,0.9666666666666667,0.344658802413387,0.0,0.0,0.9767749721041766,True,0.11354348063468933,6.81260883808136,False,0,0,0.5486573702116371,loftr+magsac++,,0.33217453956604004,0.9773755656108597
synthetic_d015_x+12.37_y-8.63_s0,15.0,12.37,-8.63,0,60.0,4,4,verified,22,22,1.0,0.3713735978297031,0.0,0.0,0.9619314031770231,True,0.131056010723114,7.863360643386841,False,0,0,0.5486573702116371,loftr+magsac++,,0.33217453956604004,0.9773755656108597
synthetic_d015_x+12.37_y-8.63_s0,15.0,12.37,-8.63,0,60.0,4,5,verified,31,32,0.96875,0.3126217999619131,0.0,0.0,0.9814477259522482,True,0.15901623666286469,9.540974199771881,False,0,0,0.5486573702116371,loftr+magsac++,,0.33217453956604004,0.9773755656108597
synthetic_d015_x+12.37_y-8.63_s0,15.0,12.37,-8.63,0,60.0,4,6,verified,30,30,1.0,0.31756378850971656,0.0,0.0,0.9610075041232495,True,0.2005452662706375,12.03271597623825,False,0,0,0.5486573702116371,loftr+magsac++,,0.33217453956604004,0.9773755656108597
synthetic_d015_x+12.37_y-8.63_s0,15.0,12.37,-8.63,0,60.0,4,7,verified,13,13,1.0,0.323430183864629,0.0,0.0,0.8991531668415629,True,0.2585601508617401,15.513609051704407,False,0,0,0.5486573702116371,loftr+magsac++,,0.33217453956604004,0.9773755656108597
synthetic_d015_x+12.37_y-8.63_s0,15.0,12.37,-8.63,0,60.0,5,0,verified,17,17,1.0,0.4400507744061711,0.0,0.0,0.4701312603718339,True,0.10000254958868027,6.000152975320816,False,0,0,0.5486573702116371,loftr+magsac++,,0.33217453956604004,0.9773755656108597
synthetic_d015_x+12.37_y-8.63_s0,15.0,12.37,-8.63,0,60.0,5,1,verified,17,18,0.9444444444444444,0.40290679815776254,0.0,0.0,0.9654257219438303,True,0.07186782360076904,4.312069416046143,False,0,0,0.5486573702116371,loftr+magsac++,,0.33217453956604004,0.9773755656108597
synthetic_d015_x+12.37_y-8.63_s0,15.0,12.37,-8.63,0,60.0,5,2,verified,26,27,0.9629629629629629,0.405339677097249,0.0,0.0,0.927504419591194,True,0.07123160362243652,4.273896217346191,False,0,0,0.5486573702116371,loftr+magsac++,,0.33217453956604004,0.9773755656108597
synthetic_d015_x+12.37_y-8.63_s0,15.0,12.37,-8.63,0,60.0,5,3,verified,32,34,0.9411764705882353,0.5107477692881394,0.0,0.0,0.9532862315194551,True,0.08795130252838135,5.277078151702881,False,0,0,0.5486573702116371,loftr+magsac++,,0.33217453956604004,0.9773755656108597
synthetic_d015_x+12.37_y-8.63_s0,15.0,12.37,-8.63,0,60.0,5,4,verified,27,27,1.0,0.49370963304701815,0.0,0.0,0.9531758259083326,True,0.11321324855089188,6.792794913053513,False,0,0,0.5486573702116371,loftr+magsac++,,0.33217453956604004,0.9773755656108597
synthetic_d015_x+12.37_y-8.63_s0,15.0,12.37,-8.63,0,60.0,5,5,verified,29,29,1.0,0.3709042341272492,0.0,0.0,0.9881150432464374,True,0.14758597314357758,8.855158388614655,False,0,0,0.5486573702116371,loftr+magsac++,,0.33217453956604004,0.9773755656108597
synthetic_d015_x+12.37_y-8.63_s0,15.0,12.37,-8.63,0,60.0,5,6,verified,29,30,0.9666666666666667,0.31769842007940674,0.0,0.0,0.9759598807418999,True,0.1942087560892105,11.65252536535263,False,0,0,0.5486573702116371,loftr+magsac++,,0.33217453956604004,0.9773755656108597
synthetic_d015_x+12.37_y-8.63_s0,15.0,12.37,-8.63,0,60.0,5,7,verified,17,17,1.0,0.21435490881861935,0.0,0.0,0.8169848029809847,True,0.2561267912387848,15.367607474327087,False,0,0,0.5486573702116371,loftr+magsac++,,0.33217453956604004,0.9773755656108597
synthetic_d015_x+12.37_y-8.63_s0,15.0,12.37,-8.63,0,60.0,6,0,weak,18,18,1.0,0.4603645045832352,-13.0,-8.0,0.6669320160712559,False,0.08290895074605942,4.974537044763565,False,0,0,0.5486573702116371,loftr+magsac++,,0.33217453956604004,0.9773755656108597
synthetic_d015_x+12.37_y-8.63_s0,15.0,12.37,-8.63,0,60.0,6,1,verified,14,14,1.0,0.446126820157698,0.0,0.0,0.9972028137156456,True,0.042738474905490875,2.5643084943294525,False,0,0,0.5486573702116371,loftr+magsac++,,0.33217453956604004,0.9773755656108597
synthetic_d015_x+12.37_y-8.63_s0,15.0,12.37,-8.63,0,60.0,6,2,verified,19,20,0.95,0.4939619248199768,0.0,0.0,0.8904043491913562,True,0.04008662700653076,2.4051976203918457,False,0,0,0.5486573702116371,loftr+magsac++,,0.33217453956604004,0.9773755656108597
synthetic_d015_x+12.37_y-8.63_s0,15.0,12.37,-8.63,0,60.0,6,3,verified,34,34,1.0,0.4414658400510353,0.0,0.0,0.9826921213727211,True,0.06571944802999496,3.943166881799698,False,0,0,0.5486573702116371,loftr+magsac++,,0.33217453956604004,0.9773755656108597
synthetic_d015_x+12.37_y-8.63_s0,15.0,12.37,-8.63,0,60.0,6,4,verified,26,27,0.9629629629629629,0.4393559906589777,0.0,0.0,0.9619848448126949,True,0.09860344976186752,5.916206985712051,False,0,0,0.5486573702116371,loftr+magsac++,,0.33217453956604004,0.9773755656108597
synthetic_d015_x+12.37_y-8.63_s0,15.0,12.37,-8.63,0,60.0,6,5,verified,27,28,0.9642857142857143,0.327166183901319,0.0,0.0,0.9377866754841233,True,0.1392034888267517,8.352209329605103,False,0,0,0.5486573702116371,loftr+magsac++,,0.33217453956604004,0.9773755656108597
synthetic_d015_x+12.37_y-8.63_s0,15.0,12.37,-8.63,0,60.0,6,6,verified,21,22,0.9545454545454546,0.26301697178955125,0.0,0.0,0.8993531869175047,True,0.19094687700271606,11.456812620162964,False,0,0,0.5486573702116371,loftr+magsac++,,0.33217453956604004,0.9773755656108597
synthetic_d015_x+12.37_y-8.63_s0,15.0,12.37,-8.63,0,60.0,6,7,verified,17,17,1.0,0.27093640091012045,0.0,0.0,0.948095824306848,True,0.25701189041137695,15.420713424682617,False,0,0,0.5486573702116371,loftr+magsac++,,0.33217453956604004,0.9773755656108597
synthetic_d015_x+12.37_y-8.63_s0,15.0,12.37,-8.63,0,60.0,7,0,weak,6,6,1.0,0.4460178579311723,-12.0,9.0,0.7993546252392714,False,0.09097690135240555,5.458614081144333,False,0,0,0.5486573702116371,loftr+magsac++,,0.33217453956604004,0.9773755656108597
synthetic_d015_x+12.37_y-8.63_s0,15.0,12.37,-8.63,0,60.0,7,1,weak,6,6,1.0,0.49394124296535535,0.0,-18.0,0.6270052834030979,False,0.04135635495185852,2.4813812971115112,False,0,0,0.5486573702116371,loftr+magsac++,,0.33217453956604004,0.9773755656108597
synthetic_d015_x+12.37_y-8.63_s0,15.0,12.37,-8.63,0,60.0,7,2,verified,8,8,1.0,0.555185697725689,0.0,0.0,0.4191412379296954,True,0.01908121258020401,1.1448727548122406,False,0,0,0.5486573702116371,loftr+magsac++,,0.33217453956604004,0.9773755656108597
synthetic_d015_x+12.37_y-8.63_s0,15.0,12.37,-8.63,0,60.0,7,3,verified,11,11,1.0,0.3808070281318988,0.0,0.0,0.4937618008472574,True,0.049421023577451706,2.9652614146471024,False,0,0,0.5486573702116371,loftr+magsac++,,0.33217453956604004,0.9773755656108597
synthetic_d015_x+12.37_y-8.63_s0,15.0,12.37,-8.63,0,60.0,7,4,verified,9,9,1.0,0.37917427686576316,0.0,0.0,0.5657446436251644,True,0.0882781594991684,5.296689569950104,False,0,0,0.5486573702116371,loftr+magsac++,,0.33217453956604004,0.9773755656108597
synthetic_d015_x+12.37_y-8.63_s0,15.0,12.37,-8.63,0,60.0,7,5,verified,12,12,1.0,0.3775024415155765,0.0,0.0,0.4780331191805633,True,0.13445158302783966,8.06709498167038,False,0,0,0.5486573702116371,loftr+magsac++,,0.33217453956604004,0.9773755656108597
synthetic_d015_x+12.37_y-8.63_s0,15.0,12.37,-8.63,0,60.0,7,6,verified,9,9,1.0,0.2807068563845541,0.0,0.0,0.5769211873815552,True,0.19120149314403534,11.47208958864212,False,0,0,0.5486573702116371,loftr+magsac++,,0.33217453956604004,0.9773755656108597
synthetic_d015_x+12.37_y-8.63_s0,15.0,12.37,-8.63,0,60.0,7,7,verified,6,6,1.0,0.28512370336686915,0.0,0.0,0.668718798606686,True,0.26156502962112427,15.693901777267456,False,0,0,0.5486573702116371,loftr+magsac++,,0.33217453956604004,0.9773755656108597
synthetic_d015_x+12.88_y-3.85_s1,15.0,12.881859496403079,-3.8544356440887766,1,60.0,0,0,verified,7,8,0.875,0.41926776742363364,0.0,0.0,0.43775234011048414,True,0.4601176083087921,27.607056498527527,False,0,0,0.5851896459264544,loftr+magsac++,,0.08563927561044693,0.9404216315307058
synthetic_d015_x+12.88_y-3.85_s1,15.0,12.881859496403079,-3.8544356440887766,1,60.0,0,1,verified,6,7,0.8571428571428571,0.3217350409866506,0.0,0.0,0.9653226029556238,True,0.34749165177345276,20.849499106407166,False,0,0,0.5851896459264544,loftr+magsac++,,0.08563927561044693,0.9404216315307058
synthetic_d015_x+12.88_y-3.85_s1,15.0,12.881859496403079,-3.8544356440887766,1,60.0,0,2,verified,6,7,0.8571428571428571,0.37522750428929685,0.0,0.0,0.9738241586528108,True,0.2544931173324585,15.26958703994751,False,0,0,0.5851896459264544,loftr+magsac++,,0.08563927561044693,0.9404216315307058
synthetic_d015_x+12.88_y-3.85_s1,15.0,12.881859496403079,-3.8544356440887766,1,60.0,0,3,verified,5,6,0.8333333333333334,0.14720936707480395,0.0,0.0,0.9797221282915629,True,0.17869938910007477,10.721963346004486,False,0,0,0.5851896459264544,loftr+magsac++,,0.08563927561044693,0.9404216315307058
synthetic_d015_x+12.88_y-3.85_s1,15.0,12.881859496403079,-3.8544356440887766,1,60.0,0,4,verified,13,13,1.0,0.1095884913223567,0.0,0.0,0.9684079734138082,True,0.11822590976953506,7.093554586172104,False,0,0,0.5851896459264544,loftr+magsac++,,0.08563927561044693,0.9404216315307058
synthetic_d015_x+12.88_y-3.85_s1,15.0,12.881859496403079,-3.8544356440887766,1,60.0,0,5,verified,10,10,1.0,0.1644929882346289,0.0,0.0,0.9439121757532772,True,0.08401640504598618,5.0409843027591705,False,0,0,0.5851896459264544,loftr+magsac++,,0.08563927561044693,0.9404216315307058
synthetic_d015_x+12.88_y-3.85_s1,15.0,12.881859496403079,-3.8544356440887766,1,60.0,0,6,verified,16,16,1.0,0.1804724241597712,0.0,0.0,0.9382593453506819,True,0.10547677427530289,6.328606456518173,False,0,0,0.5851896459264544,loftr+magsac++,,0.08563927561044693,0.9404216315307058
synthetic_d015_x+12.88_y-3.85_s1,15.0,12.881859496403079,-3.8544356440887766,1,60.0,0,7,verified,8,9,0.8888888888888888,0.21485043126064227,0.0,0.0,0.8233548583968661,True,0.1744920313358307,10.469521880149841,False,0,0,0.5851896459264544,loftr+magsac++,,0.08563927561044693,0.9404216315307058
synthetic_d015_x+12.88_y-3.85_s1,15.0,12.881859496403079,-3.8544356440887766,1,60.0,1,0,weak,2,2,1.0,0.31896180192454504,0.0,0.0,0.48425655015335145,True,0.3714592158794403,22.28755295276642,False,0,0,0.5851896459264544,loftr+magsac++,,0.08563927561044693,0.9404216315307058
synthetic_d015_x+12.88_y-3.85_s1,15.0,12.881859496403079,-3.8544356440887766,1,60.0,1,1,verified,9,12,0.75,0.2633097237789972,0.0,0.0,0.9272438509394005,True,0.26858577132225037,16.115146279335022,False,0,0,0.5851896459264544,loftr+magsac++,,0.08563927561044693,0.9404216315307058
synthetic_d015_x+12.88_y-3.85_s1,15.0,12.881859496403079,-3.8544356440887766,1,60.0,1,2,verified,17,18,0.9444444444444444,0.19605642530817255,0.0,0.0,0.9852598716109031,True,0.18717947602272034,11.23076856136322,False,0,0,0.5851896459264544,loftr+magsac++,,0.08563927561044693,0.9404216315307058
synthetic_d015_x+12.88_y-3.85_s1,15.0,12.881859496403079,-3.8544356440887766,1,60.0,1,3,verified,22,22,1.0,0.15986751741606936,0.0,0.0,0.9930181049780482,True,0.12442021071910858,7.465212643146515,False,0,0,0.5851896459264544,loftr+magsac++,,0.08563927561044693,0.9404216315307058
synthetic_d015_x+12.88_y-3.85_s1,15.0,12.881859496403079,-3.8544356440887766,1,60.0,1,4,verified,24,24,1.0,0.2665741944338421,0.0,0.0,0.9695133977272097,True,0.07709929347038269,4.625957608222961,False,0,0,0.5851896459264544,loftr+magsac++,,0.08563927561044693,0.9404216315307058
synthetic_d015_x+12.88_y-3.85_s1,15.0,12.881859496403079,-3.8544356440887766,1,60.0,1,5,verified,25,25,1.0,0.13601247824541984,0.0,0.0,0.9628262718150347,True,0.0567927248775959,3.407563492655754,False,0,0,0.5851896459264544,loftr+magsac++,,0.08563927561044693,0.9404216315307058
synthetic_d015_x+12.88_y-3.85_s1,15.0,12.881859496403079,-3.8544356440887766,1,60.0,1,6,verified,29,30,0.9666666666666667,0.1632696426237984,0.0,0.0,0.9521491104669341,True,0.08943469077348709,5.3660814464092255,False,0,0,0.5851896459264544,loftr+magsac++,,0.08563927561044693,0.9404216315307058
synthetic_d015_x+12.88_y-3.85_s1,15.0,12.881859496403079,-3.8544356440887766,1,60.0,1,7,verified,13,13,1.0,0.2608800409350459,0.0,0.0,0.8307493136770829,True,0.15868499875068665,9.521099925041199,False,0,0,0.5851896459264544,loftr+magsac++,,0.08563927561044693,0.9404216315307058
synthetic_d015_x+12.88_y-3.85_s1,15.0,12.881859496403079,-3.8544356440887766,1,60.0,2,0,weak,6,7,0.8571428571428571,1.699233275813296,-13.0,0.0,0.5376592948913039,False,0.2909984588623047,17.45990753173828,False,0,0,0.5851896459264544,loftr+magsac++,,0.08563927561044693,0.9404216315307058
synthetic_d015_x+12.88_y-3.85_s1,15.0,12.881859496403079,-3.8544356440887766,1,60.0,2,1,verified,16,18,0.8888888888888888,0.22607618102322247,0.0,0.0,0.9712875734830804,True,0.1967991441488266,11.807948648929596,False,0,0,0.5851896459264544,loftr+magsac++,,0.08563927561044693,0.9404216315307058
synthetic_d015_x+12.88_y-3.85_s1,15.0,12.881859496403079,-3.8544356440887766,1,60.0,2,2,verified,20,22,0.9090909090909091,0.19550245710464287,0.0,0.0,0.9303687912918827,True,0.12657102942466736,7.5942617654800415,False,0,0,0.5851896459264544,loftr+magsac++,,0.08563927561044693,0.9404216315307058
synthetic_d015_x+12.88_y-3.85_s1,15.0,12.881859496403079,-3.8544356440887766,1,60.0,2,3,verified,22,23,0.9565217391304348,0.13631176540870021,0.0,0.0,0.9871426414380287,True,0.07743605971336365,4.646163582801819,False,0,0,0.5851896459264544,loftr+magsac++,,0.08563927561044693,0.9404216315307058
synthetic_d015_x+12.88_y-3.85_s1,15.0,12.881859496403079,-3.8544356440887766,1,60.0,2,4,verified,18,18,1.0,0.1782396012394741,0.0,0.0,0.9879139989489764,True,0.04331522434949875,2.598913460969925,False,0,0,0.5851896459264544,loftr+magsac++,,0.08563927561044693,0.9404216315307058
synthetic_d015_x+12.88_y-3.85_s1,15.0,12.881859496403079,-3.8544356440887766,1,60.0,2,5,verified,23,23,1.0,0.12433053583073507,0.0,0.0,0.9710269944406852,True,0.03330003097653389,1.9980018585920334,False,0,0,0.5851896459264544,loftr+magsac++,,0.08563927561044693,0.9404216315307058
synthetic_d015_x+12.88_y-3.85_s1,15.0,12.881859496403079,-3.8544356440887766,1,60.0,2,6,verified,20,20,1.0,0.15833621000488374,0.0,0.0,0.9627979532657851,True,0.0713719055056572,4.282314330339432,False,0,0,0.5851896459264544,loftr+magsac++,,0.08563927561044693,0.9404216315307058
synthetic_d015_x+12.88_y-3.85_s1,15.0,12.881859496403079,-3.8544356440887766,1,60.0,2,7,verified,14,15,0.9333333333333333,0.2707503712540645,0.0,0.0,0.9013887076621065,True,0.1393158882856369,8.358953297138214,False,0,0,0.5851896459264544,loftr+magsac++,,0.08563927561044693,0.9404216315307058
synthetic_d015_x+12.88_y-3.85_s1,15.0,12.881859496403079,-3.8544356440887766,1,60.0,3,0,weak,9,10,0.9,0.2219867118861265,-13.0,-6.0,0.7594000189319855,False,0.22047056257724762,13.228233754634857,False,0,0,0.5851896459264544,loftr+magsac++,,0.08563927561044693,0.9404216315307058
synthetic_d015_x+12.88_y-3.85_s1,15.0,12.881859496403079,-3.8544356440887766,1,60.0,3,1,verified,14,15,0.9333333333333333,0.1824780879237018,0.0,0.0,0.9437980035893415,True,0.1332320272922516,7.993921637535095,False,0,0,0.5851896459264544,loftr+magsac++,,0.08563927561044693,0.9404216315307058
synthetic_d015_x+12.88_y-3.85_s1,15.0,12.881859496403079,-3.8544356440887766,1,60.0,3,2,verified,23,24,0.9583333333333334,0.17160460300436226,0.0,0.0,0.9659154360528148,True,0.07372303307056427,4.423381984233856,False,0,0,0.5851896459264544,loftr+magsac++,,0.08563927561044693,0.9404216315307058
synthetic_d015_x+12.88_y-3.85_s1,15.0,12.881859496403079,-3.8544356440887766,1,60.0,3,3,verified,22,24,0.9166666666666666,0.14329387827505163,0.0,0.0,0.9608251273146038,True,0.041889507323503494,2.5133704394102097,False,0,0,0.5851896459264544,loftr+magsac++,,0.08563927561044693,0.9404216315307058
synthetic_d015_x+12.88_y-3.85_s1,15.0,12.881859496403079,-3.8544356440887766,1,60.0,3,4,verified,13,14,0.9285714285714286,0.12180673467118214,0.0,0.0,0.9667308282676562,True,0.02571512758731842,1.5429076552391052,False,0,0,0.5851896459264544,loftr+magsac++,,0.08563927561044693,0.9404216315307058
synthetic_d015_x+12.88_y-3.85_s1,15.0,12.881859496403079,-3.8544356440887766,1,60.0,3,5,verified,26,27,0.9629629629629629,0.15528738456359348,0.0,0.0,0.9761159721451198,True,0.01619633659720421,0.9717801958322525,False,0,0,0.5851896459264544,loftr+magsac++,,0.08563927561044693,0.9404216315307058
synthetic_d015_x+12.88_y-3.85_s1,15.0,12.881859496403079,-3.8544356440887766,1,60.0,3,6,verified,18,19,0.9473684210526315,0.1905106237632576,0.0,0.0,0.958507052356297,True,0.051676616072654724,3.1005969643592834,False,0,0,0.5851896459264544,loftr+magsac++,,0.08563927561044693,0.9404216315307058
synthetic_d015_x+12.88_y-3.85_s1,15.0,12.881859496403079,-3.8544356440887766,1,60.0,3,7,verified,7,8,0.875,0.22879665824329795,0.0,0.0,0.9169588520831583,True,0.11888624727725983,7.13317483663559,False,0,0,0.5851896459264544,loftr+magsac++,,0.08563927561044693,0.9404216315307058
synthetic_d015_x+12.88_y-3.85_s1,15.0,12.881859496403079,-3.8544356440887766,1,60.0,4,0,verified,9,10,0.9,0.17901473202515544,0.0,0.0,0.37690522444081415,True,0.16147907078266144,9.688744246959686,False,0,0,0.5851896459264544,loftr+magsac++,,0.08563927561044693,0.9404216315307058
synthetic_d015_x+12.88_y-3.85_s1,15.0,12.881859496403079,-3.8544356440887766,1,60.0,4,1,verified,16,18,0.8888888888888888,0.1983596905036491,0.0,0.0,0.9613099695205995,True,0.07905673235654831,4.743403941392899,False,0,0,0.5851896459264544,loftr+magsac++,,0.08563927561044693,0.9404216315307058
synthetic_d015_x+12.88_y-3.85_s1,15.0,12.881859496403079,-3.8544356440887766,1,60.0,4,2,verified,20,22,0.9090909090909091,0.1528328194354528,0.0,0.0,0.9557224367572449,True,0.03266667574644089,1.9600005447864532,False,0,0,0.5851896459264544,loftr+magsac++,,0.08563927561044693,0.9404216315307058
synthetic_d015_x+12.88_y-3.85_s1,15.0,12.881859496403079,-3.8544356440887766,1,60.0,4,3,verified,31,31,1.0,0.09525710904007055,0.0,0.0,0.9783341131424623,True,0.03573174774646759,2.1439048647880554,False,0,0,0.5851896459264544,loftr+magsac++,,0.08563927561044693,0.9404216315307058
synthetic_d015_x+12.88_y-3.85_s1,15.0,12.881859496403079,-3.8544356440887766,1,60.0,4,4,verified,21,21,1.0,0.12253234114771563,0.0,0.0,0.9626034562635125,True,0.03942243009805679,2.3653458058834076,False,0,0,0.5851896459264544,loftr+magsac++,,0.08563927561044693,0.9404216315307058
synthetic_d015_x+12.88_y-3.85_s1,15.0,12.881859496403079,-3.8544356440887766,1,60.0,4,5,verified,28,28,1.0,0.12251564845188914,0.0,0.0,0.9833941175357965,True,0.025938211008906364,1.5562926605343819,False,0,0,0.5851896459264544,loftr+magsac++,,0.08563927561044693,0.9404216315307058
synthetic_d015_x+12.88_y-3.85_s1,15.0,12.881859496403079,-3.8544356440887766,1,60.0,4,6,verified,23,24,0.9583333333333334,0.18569839276622158,0.0,0.0,0.9634314036616672,True,0.03805103152990341,2.2830618917942047,False,0,0,0.5851896459264544,loftr+magsac++,,0.08563927561044693,0.9404216315307058
synthetic_d015_x+12.88_y-3.85_s1,15.0,12.881859496403079,-3.8544356440887766,1,60.0,4,7,verified,13,13,1.0,0.2146215091332837,0.0,0.0,0.9312235158139874,True,0.10394612699747086,6.236767619848251,False,0,0,0.5851896459264544,loftr+magsac++,,0.08563927561044693,0.9404216315307058
synthetic_d015_x+12.88_y-3.85_s1,15.0,12.881859496403079,-3.8544356440887766,1,60.0,5,0,verified,11,12,0.9166666666666666,0.19981772621840935,0.0,0.0,0.4675635613961456,True,0.11789131164550781,7.073478698730469,False,0,0,0.5851896459264544,loftr+magsac++,,0.08563927561044693,0.9404216315307058
synthetic_d015_x+12.88_y-3.85_s1,15.0,12.881859496403079,-3.8544356440887766,1,60.0,5,1,verified,21,22,0.9545454545454546,0.22385858400087547,0.0,0.0,0.9679062672931658,True,0.04215751215815544,2.5294507294893265,False,0,0,0.5851896459264544,loftr+magsac++,,0.08563927561044693,0.9404216315307058
synthetic_d015_x+12.88_y-3.85_s1,15.0,12.881859496403079,-3.8544356440887766,1,60.0,5,2,verified,28,29,0.9655172413793104,0.14406107495433157,0.0,0.0,0.9302429378891889,True,0.03464831784367561,2.078899070620537,False,0,0,0.5851896459264544,loftr+magsac++,,0.08563927561044693,0.9404216315307058
synthetic_d015_x+12.88_y-3.85_s1,15.0,12.881859496403079,-3.8544356440887766,1,60.0,5,3,verified,22,25,0.88,0.14975542817264884,0.0,0.0,0.9543629514318185,True,0.05983596295118332,3.590157777070999,False,0,0,0.5851896459264544,loftr+magsac++,,0.08563927561044693,0.9404216315307058
synthetic_d015_x+12.88_y-3.85_s1,15.0,12.881859496403079,-3.8544356440887766,1,60.0,5,4,verified,21,22,0.9545454545454546,0.15568877548086188,0.0,0.0,0.954310274227687,True,0.06561210751533508,3.936726450920105,False,0,0,0.5851896459264544,loftr+magsac++,,0.08563927561044693,0.9404216315307058
synthetic_d015_x+12.88_y-3.85_s1,15.0,12.881859496403079,-3.8544356440887766,1,60.0,5,5,verified,24,24,1.0,0.1429558511221093,0.0,0.0,0.989968588490588,True,0.05311766639351845,3.187059983611107,False,0,0,0.5851896459264544,loftr+magsac++,,0.08563927561044693,0.9404216315307058
synthetic_d015_x+12.88_y-3.85_s1,15.0,12.881859496403079,-3.8544356440887766,1,60.0,5,6,verified,26,27,0.9629629629629629,0.13428070674954212,0.0,0.0,0.9781301937805713,True,0.0513528473675251,3.081170842051506,False,0,0,0.5851896459264544,loftr+magsac++,,0.08563927561044693,0.9404216315307058
synthetic_d015_x+12.88_y-3.85_s1,15.0,12.881859496403079,-3.8544356440887766,1,60.0,5,7,verified,16,17,0.9411764705882353,0.17432897102095446,0.0,0.0,0.8844550980437526,True,0.10658277571201324,6.394966542720795,False,0,0,0.5851896459264544,loftr+magsac++,,0.08563927561044693,0.9404216315307058
synthetic_d015_x+12.88_y-3.85_s1,15.0,12.881859496403079,-3.8544356440887766,1,60.0,6,0,weak,14,14,1.0,0.17879684388789963,-13.0,-7.0,0.6853471177091406,False,0.09687986224889755,5.812791734933853,False,0,0,0.5851896459264544,loftr+magsac++,,0.08563927561044693,0.9404216315307058
synthetic_d015_x+12.88_y-3.85_s1,15.0,12.881859496403079,-3.8544356440887766,1,60.0,6,1,verified,18,21,0.8571428571428571,0.14832327374970675,0.0,0.0,0.9976130323253646,True,0.048767294734716415,2.926037684082985,False,0,0,0.5851896459264544,loftr+magsac++,,0.08563927561044693,0.9404216315307058
synthetic_d015_x+12.88_y-3.85_s1,15.0,12.881859496403079,-3.8544356440887766,1,60.0,6,2,verified,12,17,0.7058823529411765,0.094625568486712,0.0,0.0,0.8989097335745423,True,0.06793592125177383,4.07615527510643,False,0,0,0.5851896459264544,loftr+magsac++,,0.08563927561044693,0.9404216315307058
synthetic_d015_x+12.88_y-3.85_s1,15.0,12.881859496403079,-3.8544356440887766,1,60.0,6,3,verified,29,30,0.9666666666666667,0.09935335491317178,0.0,0.0,0.9837238446304096,True,0.0904337540268898,5.426025241613388,False,0,0,0.5851896459264544,loftr+magsac++,,0.08563927561044693,0.9404216315307058
synthetic_d015_x+12.88_y-3.85_s1,15.0,12.881859496403079,-3.8544356440887766,1,60.0,6,4,verified,21,23,0.9130434782608695,0.15313554673950194,0.0,0.0,0.9626861110842538,True,0.09570102393627167,5.7420614361763,False,0,0,0.5851896459264544,loftr+magsac++,,0.08563927561044693,0.9404216315307058
synthetic_d015_x+12.88_y-3.85_s1,15.0,12.881859496403079,-3.8544356440887766,1,60.0,6,5,verified,25,25,1.0,0.0865442627672526,0.0,0.0,0.9399943561864993,True,0.08765316754579544,5.259190052747726,False,0,0,0.5851896459264544,loftr+magsac++,,0.08563927561044693,0.9404216315307058
synthetic_d015_x+12.88_y-3.85_s1,15.0,12.881859496403079,-3.8544356440887766,1,60.0,6,6,verified,14,17,0.8235294117647058,0.1336382210686791,0.0,0.0,0.9063926346707174,True,0.08911553770303726,5.346932262182236,False,0,0,0.5851896459264544,loftr+magsac++,,0.08563927561044693,0.9404216315307058
synthetic_d015_x+12.88_y-3.85_s1,15.0,12.881859496403079,-3.8544356440887766,1,60.0,6,7,verified,12,12,1.0,0.15930462197520778,0.0,0.0,0.9671645355571125,True,0.1350291520357132,8.101749122142792,False,0,0,0.5851896459264544,loftr+magsac++,,0.08563927561044693,0.9404216315307058
synthetic_d015_x+12.88_y-3.85_s1,15.0,12.881859496403079,-3.8544356440887766,1,60.0,7,0,weak,5,5,1.0,0.23474517351258647,-13.0,4.0,0.8485853236380201,False,0.10170889645814896,6.102533787488937,False,0,0,0.5851896459264544,loftr+magsac++,,0.08563927561044693,0.9404216315307058
synthetic_d015_x+12.88_y-3.85_s1,15.0,12.881859496403079,-3.8544356440887766,1,60.0,7,1,verified,10,10,1.0,0.11227938312360972,0.0,-1.0,0.7244025782499538,True,0.08120490610599518,4.872294366359711,False,0,0,0.5851896459264544,loftr+magsac++,,0.08563927561044693,0.9404216315307058
synthetic_d015_x+12.88_y-3.85_s1,15.0,12.881859496403079,-3.8544356440887766,1,60.0,7,2,verified,5,9,0.5555555555555556,0.11205500571361586,0.0,0.0,0.4955756672335374,True,0.10289021581411362,6.173412948846817,False,0,0,0.5851896459264544,loftr+magsac++,,0.08563927561044693,0.9404216315307058
synthetic_d015_x+12.88_y-3.85_s1,15.0,12.881859496403079,-3.8544356440887766,1,60.0,7,3,verified,10,10,1.0,0.11957548615391553,0.0,0.0,0.5888066324431936,True,0.12279094755649567,7.36745685338974,False,0,0,0.5851896459264544,loftr+magsac++,,0.08563927561044693,0.9404216315307058
synthetic_d015_x+12.88_y-3.85_s1,15.0,12.881859496403079,-3.8544356440887766,1,60.0,7,4,verified,11,11,1.0,0.08210422471587336,0.0,0.0,0.5948738962940968,True,0.12981906533241272,7.789143919944763,False,0,0,0.5851896459264544,loftr+magsac++,,0.08563927561044693,0.9404216315307058
synthetic_d015_x+12.88_y-3.85_s1,15.0,12.881859496403079,-3.8544356440887766,1,60.0,7,5,verified,11,13,0.8461538461538461,0.07318138141612136,0.0,0.0,0.5604159002439181,True,0.12932473421096802,7.759484052658081,False,0,0,0.5851896459264544,loftr+magsac++,,0.08563927561044693,0.9404216315307058
synthetic_d015_x+12.88_y-3.85_s1,15.0,12.881859496403079,-3.8544356440887766,1,60.0,7,6,verified,13,13,1.0,0.07616073575855656,0.0,0.0,0.6233426837243834,True,0.13984647393226624,8.390788435935974,False,0,0,0.5851896459264544,loftr+magsac++,,0.08563927561044693,0.9404216315307058
synthetic_d015_x+12.88_y-3.85_s1,15.0,12.881859496403079,-3.8544356440887766,1,60.0,7,7,verified,7,7,1.0,0.20868527095917497,0.0,-1.0,0.5970508304501624,True,0.18531881272792816,11.11912876367569,False,0,0,0.5851896459264544,loftr+magsac++,,0.08563927561044693,0.9404216315307058
synthetic_d015_x+9.88_y-11.68_s2,15.0,9.879345610991795,-11.678106279030521,2,60.0,0,0,verified,10,10,1.0,0.24766089787176016,1.0,0.0,0.40821136443011924,True,0.17256242036819458,10.353745222091675,False,0,0,0.5826270730969222,loftr+magsac++,,0.06319715082645416,0.9688995215311005
synthetic_d015_x+9.88_y-11.68_s2,15.0,9.879345610991795,-11.678106279030521,2,60.0,0,1,verified,9,9,1.0,0.6152470758618194,0.0,0.0,0.9616177861531618,True,0.1444775015115738,8.668650090694427,False,0,0,0.5826270730969222,loftr+magsac++,,0.06319715082645416,0.9688995215311005
synthetic_d015_x+9.88_y-11.68_s2,15.0,9.879345610991795,-11.678106279030521,2,60.0,0,2,verified,17,17,1.0,0.18155552840892716,0.0,0.0,0.9629514384951894,True,0.12375294417142868,7.425176650285721,False,0,0,0.5826270730969222,loftr+magsac++,,0.06319715082645416,0.9688995215311005
synthetic_d015_x+9.88_y-11.68_s2,15.0,9.879345610991795,-11.678106279030521,2,60.0,0,3,verified,16,16,1.0,0.27639937040816326,0.0,0.0,0.9681379583706241,True,0.10817760974168777,6.4906565845012665,False,0,0,0.5826270730969222,loftr+magsac++,,0.06319715082645416,0.9688995215311005
synthetic_d015_x+9.88_y-11.68_s2,15.0,9.879345610991795,-11.678106279030521,2,60.0,0,4,verified,16,17,0.9411764705882353,0.2085417495519571,0.0,0.0,0.9500525433762982,True,0.09496927261352539,5.698156356811523,False,0,0,0.5826270730969222,loftr+magsac++,,0.06319715082645416,0.9688995215311005
synthetic_d015_x+9.88_y-11.68_s2,15.0,9.879345610991795,-11.678106279030521,2,60.0,0,5,verified,17,17,1.0,0.16453862715760678,0.0,0.0,0.906312200258984,True,0.08183008432388306,4.909805059432983,False,0,0,0.5826270730969222,loftr+magsac++,,0.06319715082645416,0.9688995215311005
synthetic_d015_x+9.88_y-11.68_s2,15.0,9.879345610991795,-11.678106279030521,2,60.0,0,6,verified,15,16,0.9375,0.17931270165952984,0.0,0.0,0.9298587897204645,True,0.06765943020582199,4.0595658123493195,False,0,0,0.5826270730969222,loftr+magsac++,,0.06319715082645416,0.9688995215311005
synthetic_d015_x+9.88_y-11.68_s2,15.0,9.879345610991795,-11.678106279030521,2,60.0,0,7,verified,9,9,1.0,0.21847060694374773,0.0,0.0,0.9091213055908751,True,0.05422283709049225,3.253370225429535,False,0,0,0.5826270730969222,loftr+magsac++,,0.06319715082645416,0.9688995215311005
synthetic_d015_x+9.88_y-11.68_s2,15.0,9.879345610991795,-11.678106279030521,2,60.0,1,0,weak,2,3,0.6666666666666666,0.20968178638553486,0.0,0.0,0.47835197189474293,True,0.13499367237091064,8.099620342254639,False,0,0,0.5826270730969222,loftr+magsac++,,0.06319715082645416,0.9688995215311005
synthetic_d015_x+9.88_y-11.68_s2,15.0,9.879345610991795,-11.678106279030521,2,60.0,1,1,verified,18,20,0.9,0.1452992838094188,0.0,0.0,0.92606883997,True,0.1108519658446312,6.651117950677872,False,0,0,0.5826270730969222,loftr+magsac++,,0.06319715082645416,0.9688995215311005
synthetic_d015_x+9.88_y-11.68_s2,15.0,9.879345610991795,-11.678106279030521,2,60.0,1,2,verified,26,26,1.0,0.27161840246602836,0.0,0.0,0.9852653422991478,True,0.09555002301931381,5.733001381158829,False,0,0,0.5826270730969222,loftr+magsac++,,0.06319715082645416,0.9688995215311005
synthetic_d015_x+9.88_y-11.68_s2,15.0,9.879345610991795,-11.678106279030521,2,60.0,1,3,verified,28,29,0.9655172413793104,0.23531040005596043,0.0,0.0,0.992582480837552,True,0.08605849742889404,5.163509845733643,False,0,0,0.5826270730969222,loftr+magsac++,,0.06319715082645416,0.9688995215311005
synthetic_d015_x+9.88_y-11.68_s2,15.0,9.879345610991795,-11.678106279030521,2,60.0,1,4,verified,32,32,1.0,0.27393337572755205,0.0,0.0,0.9693773867526481,True,0.07852695137262344,4.711617082357407,False,0,0,0.5826270730969222,loftr+magsac++,,0.06319715082645416,0.9688995215311005
synthetic_d015_x+9.88_y-11.68_s2,15.0,9.879345610991795,-11.678106279030521,2,60.0,1,5,verified,24,24,1.0,0.17792885821010823,0.0,0.0,0.9616527616517317,True,0.06999623030424118,4.199773818254471,False,0,0,0.5826270730969222,loftr+magsac++,,0.06319715082645416,0.9688995215311005
synthetic_d015_x+9.88_y-11.68_s2,15.0,9.879345610991795,-11.678106279030521,2,60.0,1,6,verified,23,27,0.8518518518518519,0.22050561816309025,0.0,0.0,0.9553548354144101,True,0.059284407645463943,3.5570644587278366,False,0,0,0.5826270730969222,loftr+magsac++,,0.06319715082645416,0.9688995215311005
synthetic_d015_x+9.88_y-11.68_s2,15.0,9.879345610991795,-11.678106279030521,2,60.0,1,7,verified,10,11,0.9090909090909091,0.23877689241865818,0.0,0.0,0.93509320468955,True,0.04843801259994507,2.906280755996704,False,0,0,0.5826270730969222,loftr+magsac++,,0.06319715082645416,0.9688995215311005
synthetic_d015_x+9.88_y-11.68_s2,15.0,9.879345610991795,-11.678106279030521,2,60.0,2,0,weak,14,14,1.0,0.19747415407499647,-10.0,0.0,0.5100658951780985,False,0.09957278519868851,5.97436711192131,False,0,0,0.5826270730969222,loftr+magsac++,,0.06319715082645416,0.9688995215311005
synthetic_d015_x+9.88_y-11.68_s2,15.0,9.879345610991795,-11.678106279030521,2,60.0,2,1,verified,17,19,0.8947368421052632,0.18360902162835727,0.0,0.0,0.9708850000287772,True,0.07940861582756042,4.7645169496536255,False,0,0,0.5826270730969222,loftr+magsac++,,0.06319715082645416,0.9688995215311005
synthetic_d015_x+9.88_y-11.68_s2,15.0,9.879345610991795,-11.678106279030521,2,60.0,2,2,verified,19,19,1.0,0.2264787488579798,0.0,0.0,0.9301732598960266,True,0.07057115435600281,4.2342692613601685,False,0,0,0.5826270730969222,loftr+magsac++,,0.06319715082645416,0.9688995215311005
synthetic_d015_x+9.88_y-11.68_s2,15.0,9.879345610991795,-11.678106279030521,2,60.0,2,3,verified,27,29,0.9310344827586207,0.29436361778597353,0.0,0.0,0.9868395035664136,True,0.06821762770414352,4.0930576622486115,False,0,0,0.5826270730969222,loftr+magsac++,,0.06319715082645416,0.9688995215311005
synthetic_d015_x+9.88_y-11.68_s2,15.0,9.879345610991795,-11.678106279030521,2,60.0,2,4,verified,27,27,1.0,0.21603516741198117,0.0,0.0,0.9876448986748456,True,0.06664732098579407,3.998839259147644,False,0,0,0.5826270730969222,loftr+magsac++,,0.06319715082645416,0.9688995215311005
synthetic_d015_x+9.88_y-11.68_s2,15.0,9.879345610991795,-11.678106279030521,2,60.0,2,5,verified,25,25,1.0,0.174814486362153,0.0,0.0,0.969779360287591,True,0.06238652393221855,3.743191435933113,False,0,0,0.5826270730969222,loftr+magsac++,,0.06319715082645416,0.9688995215311005
synthetic_d015_x+9.88_y-11.68_s2,15.0,9.879345610991795,-11.678106279030521,2,60.0,2,6,verified,27,27,1.0,0.20669883681493337,0.0,0.0,0.9625320081441687,True,0.05458573251962662,3.275143951177597,False,0,0,0.5826270730969222,loftr+magsac++,,0.06319715082645416,0.9688995215311005
synthetic_d015_x+9.88_y-11.68_s2,15.0,9.879345610991795,-11.678106279030521,2,60.0,2,7,verified,16,16,1.0,0.2249497126336329,0.0,0.0,0.9529436209925519,True,0.04580044001340866,2.7480264008045197,False,0,0,0.5826270730969222,loftr+magsac++,,0.06319715082645416,0.9688995215311005
synthetic_d015_x+9.88_y-11.68_s2,15.0,9.879345610991795,-11.678106279030521,2,60.0,3,0,weak,11,12,0.9166666666666666,0.6486116512182748,-10.0,-4.0,0.7744376122893761,False,0.06705083698034286,4.023050218820572,False,0,0,0.5826270730969222,loftr+magsac++,,0.06319715082645416,0.9688995215311005
synthetic_d015_x+9.88_y-11.68_s2,15.0,9.879345610991795,-11.678106279030521,2,60.0,3,1,verified,23,23,1.0,0.2617405452655973,0.0,0.0,0.9420067816438457,True,0.05098392441868782,3.0590354651212692,False,0,0,0.5826270730969222,loftr+magsac++,,0.06319715082645416,0.9688995215311005
synthetic_d015_x+9.88_y-11.68_s2,15.0,9.879345610991795,-11.678106279030521,2,60.0,3,2,verified,24,24,1.0,0.30286415911420606,0.0,0.0,0.9654016739341508,True,0.05073881149291992,3.0443286895751953,False,0,0,0.5826270730969222,loftr+magsac++,,0.06319715082645416,0.9688995215311005
synthetic_d015_x+9.88_y-11.68_s2,15.0,9.879345610991795,-11.678106279030521,2,60.0,3,3,verified,20,23,0.8695652173913043,0.30600578440476134,0.0,0.0,0.9599532824347252,True,0.0565224252641201,3.391345515847206,False,0,0,0.5826270730969222,loftr+magsac++,,0.06319715082645416,0.9688995215311005
synthetic_d015_x+9.88_y-11.68_s2,15.0,9.879345610991795,-11.678106279030521,2,60.0,3,4,verified,25,25,1.0,0.2576997616124903,0.0,0.0,0.9655510717397012,True,0.06034886837005615,3.620932102203369,False,0,0,0.5826270730969222,loftr+magsac++,,0.06319715082645416,0.9688995215311005
synthetic_d015_x+9.88_y-11.68_s2,15.0,9.879345610991795,-11.678106279030521,2,60.0,3,5,verified,18,19,0.9473684210526315,0.2812560129693092,0.0,0.0,0.9742888008321311,True,0.059356167912483215,3.561370074748993,False,0,0,0.5826270730969222,loftr+magsac++,,0.06319715082645416,0.9688995215311005
synthetic_d015_x+9.88_y-11.68_s2,15.0,9.879345610991795,-11.678106279030521,2,60.0,3,6,verified,31,31,1.0,0.32377163415285604,0.0,0.0,0.958004833244261,True,0.053639061748981476,3.2183437049388885,False,0,0,0.5826270730969222,loftr+magsac++,,0.06319715082645416,0.9688995215311005
synthetic_d015_x+9.88_y-11.68_s2,15.0,9.879345610991795,-11.678106279030521,2,60.0,3,7,verified,12,12,1.0,0.18938252250740245,0.0,0.0,0.958413786792831,True,0.04646126925945282,2.787676155567169,False,0,0,0.5826270730969222,loftr+magsac++,,0.06319715082645416,0.9688995215311005
synthetic_d015_x+9.88_y-11.68_s2,15.0,9.879345610991795,-11.678106279030521,2,60.0,4,0,verified,15,15,1.0,0.6020072061277371,0.0,0.0,0.3523992313088693,True,0.038656651973724365,2.319399118423462,False,0,0,0.5826270730969222,loftr+magsac++,,0.06319715082645416,0.9688995215311005
synthetic_d015_x+9.88_y-11.68_s2,15.0,9.879345610991795,-11.678106279030521,2,60.0,4,1,verified,23,24,0.9583333333333334,0.28698501409543825,0.0,0.0,0.9600976018849791,True,0.027629029005765915,1.657741740345955,False,0,0,0.5826270730969222,loftr+magsac++,,0.06319715082645416,0.9688995215311005
synthetic_d015_x+9.88_y-11.68_s2,15.0,9.879345610991795,-11.678106279030521,2,60.0,4,2,verified,21,23,0.9130434782608695,0.24770008507359742,0.0,0.0,0.9537584111003858,True,0.03966270014643669,2.3797620087862015,False,0,0,0.5826270730969222,loftr+magsac++,,0.06319715082645416,0.9688995215311005
synthetic_d015_x+9.88_y-11.68_s2,15.0,9.879345610991795,-11.678106279030521,2,60.0,4,3,verified,30,30,1.0,0.22939334750403859,0.0,0.0,0.9775808663674372,True,0.05250658839941025,3.150395303964615,False,0,0,0.5826270730969222,loftr+magsac++,,0.06319715082645416,0.9688995215311005
synthetic_d015_x+9.88_y-11.68_s2,15.0,9.879345610991795,-11.678106279030521,2,60.0,4,4,verified,28,28,1.0,0.20810963218813344,0.0,0.0,0.9621917859305071,True,0.0596746988594532,3.580481931567192,False,0,0,0.5826270730969222,loftr+magsac++,,0.06319715082645416,0.9688995215311005
synthetic_d015_x+9.88_y-11.68_s2,15.0,9.879345610991795,-11.678106279030521,2,60.0,4,5,verified,25,25,1.0,0.24505505971320568,0.0,0.0,0.982425801676963,True,0.060434553772211075,3.6260732263326645,False,0,0,0.5826270730969222,loftr+magsac++,,0.06319715082645416,0.9688995215311005
synthetic_d015_x+9.88_y-11.68_s2,15.0,9.879345610991795,-11.678106279030521,2,60.0,4,6,verified,31,31,1.0,0.2742438709165364,0.0,0.0,0.962315777982973,True,0.05598396435379982,3.359037861227989,False,0,0,0.5826270730969222,loftr+magsac++,,0.06319715082645416,0.9688995215311005
synthetic_d015_x+9.88_y-11.68_s2,15.0,9.879345610991795,-11.678106279030521,2,60.0,4,7,verified,19,20,0.95,0.22536961031500838,0.0,0.0,0.9607935855519258,True,0.05021624639630318,3.0129747837781906,False,0,0,0.5826270730969222,loftr+magsac++,,0.06319715082645416,0.9688995215311005
synthetic_d015_x+9.88_y-11.68_s2,15.0,9.879345610991795,-11.678106279030521,2,60.0,5,0,verified,14,15,0.9333333333333333,0.28314406539998316,1.0,0.0,0.4821622020128374,True,0.021885797381401062,1.3131478428840637,False,0,0,0.5826270730969222,loftr+magsac++,,0.06319715082645416,0.9688995215311005
synthetic_d015_x+9.88_y-11.68_s2,15.0,9.879345610991795,-11.678106279030521,2,60.0,5,1,verified,23,24,0.9583333333333334,0.24610205713889452,0.0,0.0,0.9666409583857765,True,0.020800631493330002,1.2480378895998,False,0,0,0.5826270730969222,loftr+magsac++,,0.06319715082645416,0.9688995215311005
synthetic_d015_x+9.88_y-11.68_s2,15.0,9.879345610991795,-11.678106279030521,2,60.0,5,2,verified,21,22,0.9545454545454546,0.24276288254431255,0.0,0.0,0.928708775441701,True,0.04096177965402603,2.457706779241562,False,0,0,0.5826270730969222,loftr+magsac++,,0.06319715082645416,0.9688995215311005
synthetic_d015_x+9.88_y-11.68_s2,15.0,9.879345610991795,-11.678106279030521,2,60.0,5,3,verified,25,28,0.8928571428571429,0.27064803943974197,0.0,0.0,0.9537435497705412,True,0.055745430290699005,3.3447258174419403,False,0,0,0.5826270730969222,loftr+magsac++,,0.06319715082645416,0.9688995215311005
synthetic_d015_x+9.88_y-11.68_s2,15.0,9.879345610991795,-11.678106279030521,2,60.0,5,4,verified,32,32,1.0,0.2802145159440429,0.0,0.0,0.9536569433797057,True,0.06350133568048477,3.8100801408290863,False,0,0,0.5826270730969222,loftr+magsac++,,0.06319715082645416,0.9688995215311005
synthetic_d015_x+9.88_y-11.68_s2,15.0,9.879345610991795,-11.678106279030521,2,60.0,5,5,verified,28,28,1.0,0.27238065481426144,0.0,0.0,0.9890927139555729,True,0.0646548792719841,3.879292756319046,False,0,0,0.5826270730969222,loftr+magsac++,,0.06319715082645416,0.9688995215311005
synthetic_d015_x+9.88_y-11.68_s2,15.0,9.879345610991795,-11.678106279030521,2,60.0,5,6,verified,29,29,1.0,0.2844112688164969,0.0,0.0,0.9773988758851507,True,0.06097066402435303,3.6582398414611816,False,0,0,0.5826270730969222,loftr+magsac++,,0.06319715082645416,0.9688995215311005
synthetic_d015_x+9.88_y-11.68_s2,15.0,9.879345610991795,-11.678106279030521,2,60.0,5,7,verified,17,18,0.9444444444444444,0.17983310439272293,0.0,0.0,0.9412025715231664,True,0.05674414709210396,3.4046488255262375,False,0,0,0.5826270730969222,loftr+magsac++,,0.06319715082645416,0.9688995215311005
synthetic_d015_x+9.88_y-11.68_s2,15.0,9.879345610991795,-11.678106279030521,2,60.0,6,0,weak,16,17,0.9411764705882353,0.19678850008133475,-10.0,-5.0,0.6789723108242329,False,0.03250094875693321,1.9500569254159927,False,0,0,0.5826270730969222,loftr+magsac++,,0.06319715082645416,0.9688995215311005
synthetic_d015_x+9.88_y-11.68_s2,15.0,9.879345610991795,-11.678106279030521,2,60.0,6,1,verified,19,19,1.0,0.28011230664452974,0.0,0.0,0.9974121191825168,True,0.035783130675554276,2.1469878405332565,False,0,0,0.5826270730969222,loftr+magsac++,,0.06319715082645416,0.9688995215311005
synthetic_d015_x+9.88_y-11.68_s2,15.0,9.879345610991795,-11.678106279030521,2,60.0,6,2,verified,15,17,0.8823529411764706,0.28239535290704726,0.0,0.0,0.8954752585510342,True,0.05126526206731796,3.0759157240390778,False,0,0,0.5826270730969222,loftr+magsac++,,0.06319715082645416,0.9688995215311005
synthetic_d015_x+9.88_y-11.68_s2,15.0,9.879345610991795,-11.678106279030521,2,60.0,6,3,verified,29,29,1.0,0.18656831221496395,0.0,0.0,0.9831498746501564,True,0.06366418302059174,3.819850981235504,False,0,0,0.5826270730969222,loftr+magsac++,,0.06319715082645416,0.9688995215311005
synthetic_d015_x+9.88_y-11.68_s2,15.0,9.879345610991795,-11.678106279030521,2,60.0,6,4,verified,26,28,0.9285714285714286,0.3408289667390282,0.0,0.0,0.9628390970652831,True,0.07020498812198639,4.212299287319183,False,0,0,0.5826270730969222,loftr+magsac++,,0.06319715082645416,0.9688995215311005
synthetic_d015_x+9.88_y-11.68_s2,15.0,9.879345610991795,-11.678106279030521,2,60.0,6,5,verified,25,26,0.9615384615384616,0.2102392879919919,0.0,0.0,0.9381232215582997,True,0.07103174924850464,4.261904954910278,False,0,0,0.5826270730969222,loftr+magsac++,,0.06319715082645416,0.9688995215311005
synthetic_d015_x+9.88_y-11.68_s2,15.0,9.879345610991795,-11.678106279030521,2,60.0,6,6,verified,19,20,0.95,0.15377319170717024,0.0,0.0,0.9032952102779096,True,0.0680420845746994,4.082525074481964,False,0,0,0.5826270730969222,loftr+magsac++,,0.06319715082645416,0.9688995215311005
synthetic_d015_x+9.88_y-11.68_s2,15.0,9.879345610991795,-11.678106279030521,2,60.0,6,7,verified,20,20,1.0,0.25663849529939625,0.0,0.0,0.9828771691295639,True,0.0657525584101677,3.9451535046100616,False,0,0,0.5826270730969222,loftr+magsac++,,0.06319715082645416,0.9688995215311005
synthetic_d015_x+9.88_y-11.68_s2,15.0,9.879345610991795,-11.678106279030521,2,60.0,7,0,weak,5,5,1.0,0.23710541814283587,-10.0,12.0,0.7638988365460763,False,0.05358972027897835,3.215383216738701,False,0,0,0.5826270730969222,loftr+magsac++,,0.06319715082645416,0.9688995215311005
synthetic_d015_x+9.88_y-11.68_s2,15.0,9.879345610991795,-11.678106279030521,2,60.0,7,1,weak,12,12,1.0,0.569532977537917,0.0,-16.0,0.5890604321539972,False,0.05494251474738121,3.2965508848428726,False,0,0,0.5826270730969222,loftr+magsac++,,0.06319715082645416,0.9688995215311005
synthetic_d015_x+9.88_y-11.68_s2,15.0,9.879345610991795,-11.678106279030521,2,60.0,7,2,verified,4,5,0.8,0.2410383611411172,0.0,0.0,0.4385471259253065,True,0.06482350826263428,3.8894104957580566,False,0,0,0.5826270730969222,loftr+magsac++,,0.06319715082645416,0.9688995215311005
synthetic_d015_x+9.88_y-11.68_s2,15.0,9.879345610991795,-11.678106279030521,2,60.0,7,3,verified,7,7,1.0,0.23876427184399185,0.0,0.0,0.5055954951740493,True,0.07373883575201035,4.424330145120621,False,0,0,0.5826270730969222,loftr+magsac++,,0.06319715082645416,0.9688995215311005
synthetic_d015_x+9.88_y-11.68_s2,15.0,9.879345610991795,-11.678106279030521,2,60.0,7,4,verified,6,6,1.0,0.22880514150746623,0.0,0.0,0.5607217370405712,True,0.07849240303039551,4.7095441818237305,False,0,0,0.5826270730969222,loftr+magsac++,,0.06319715082645416,0.9688995215311005
synthetic_d015_x+9.88_y-11.68_s2,15.0,9.879345610991795,-11.678106279030521,2,60.0,7,5,verified,6,6,1.0,0.2298360016349789,0.0,0.0,0.47288426389781923,True,0.07889821380376816,4.7338928282260895,False,0,0,0.5826270730969222,loftr+magsac++,,0.06319715082645416,0.9688995215311005
synthetic_d015_x+9.88_y-11.68_s2,15.0,9.879345610991795,-11.678106279030521,2,60.0,7,6,verified,10,10,1.0,0.1384499454355311,0.0,0.0,0.5502163178666721,True,0.0769248902797699,4.615493416786194,False,0,0,0.5826270730969222,loftr+magsac++,,0.06319715082645416,0.9688995215311005
synthetic_d015_x+9.88_y-11.68_s2,15.0,9.879345610991795,-11.678106279030521,2,60.0,7,7,verified,7,7,1.0,0.1189137236769082,0.0,0.0,0.6729684026971876,True,0.0770847350358963,4.625084102153778,False,0,0,0.5826270730969222,loftr+magsac++,,0.06319715082645416,0.9688995215311005
synthetic_d015_x+7.77_y-12.42_s3,15.0,7.767790005723492,-12.418273920846806,3,60.0,0,0,weak,8,9,0.8888888888888888,0.45686070451408733,3.0,-1.0,0.3895924289956029,False,0.05780351161956787,3.4682106971740723,False,0,0,0.5631905368293888,loftr+magsac++,,0.1893799602985382,0.977595220313667
synthetic_d015_x+7.77_y-12.42_s3,15.0,7.767790005723492,-12.418273920846806,3,60.0,0,1,verified,16,16,1.0,0.44439121656866243,0.0,0.0,0.9469611440984408,True,0.04542337357997894,2.7254024147987366,False,0,0,0.5631905368293888,loftr+magsac++,,0.1893799602985382,0.977595220313667
synthetic_d015_x+7.77_y-12.42_s3,15.0,7.767790005723492,-12.418273920846806,3,60.0,0,2,verified,13,13,1.0,0.5162147018821136,0.0,0.0,0.9251003327555647,True,0.07445584982633591,4.467350989580154,False,0,0,0.5631905368293888,loftr+magsac++,,0.1893799602985382,0.977595220313667
synthetic_d015_x+7.77_y-12.42_s3,15.0,7.767790005723492,-12.418273920846806,3,60.0,0,3,verified,15,15,1.0,0.33874428482640734,0.0,0.0,0.940275680824458,True,0.10812816768884659,6.487690061330795,False,0,0,0.5631905368293888,loftr+magsac++,,0.1893799602985382,0.977595220313667
synthetic_d015_x+7.77_y-12.42_s3,15.0,7.767790005723492,-12.418273920846806,3,60.0,0,4,verified,19,19,1.0,0.25196522586733044,0.0,0.0,0.9074836462777791,True,0.13766078650951385,8.259647190570831,False,0,0,0.5631905368293888,loftr+magsac++,,0.1893799602985382,0.977595220313667
synthetic_d015_x+7.77_y-12.42_s3,15.0,7.767790005723492,-12.418273920846806,3,60.0,0,5,verified,20,20,1.0,0.22078169912821755,0.0,0.0,0.8143115787797284,True,0.16244234144687653,9.746540486812592,False,0,0,0.5631905368293888,loftr+magsac++,,0.1893799602985382,0.977595220313667
synthetic_d015_x+7.77_y-12.42_s3,15.0,7.767790005723492,-12.418273920846806,3,60.0,0,6,verified,15,15,1.0,0.23627302073172107,0.0,0.0,0.8610645933921992,True,0.18345190584659576,11.007114350795746,False,0,0,0.5631905368293888,loftr+magsac++,,0.1893799602985382,0.977595220313667
synthetic_d015_x+7.77_y-12.42_s3,15.0,7.767790005723492,-12.418273920846806,3,60.0,0,7,verified,15,15,1.0,0.24486394781624563,0.0,0.0,0.8442126587227144,True,0.20248101651668549,12.14886099100113,False,0,0,0.5631905368293888,loftr+magsac++,,0.1893799602985382,0.977595220313667
synthetic_d015_x+7.77_y-12.42_s3,15.0,7.767790005723492,-12.418273920846806,3,60.0,1,0,verified,4,4,1.0,0.7162784250418542,0.0,0.0,0.4608956632748751,True,0.06135278940200806,3.6811673641204834,False,0,0,0.5631905368293888,loftr+magsac++,,0.1893799602985382,0.977595220313667
synthetic_d015_x+7.77_y-12.42_s3,15.0,7.767790005723492,-12.418273920846806,3,60.0,1,1,verified,17,19,0.8947368421052632,0.3681570528796142,0.0,0.0,0.9232750798883633,True,0.0804242342710495,4.82545405626297,False,0,0,0.5631905368293888,loftr+magsac++,,0.1893799602985382,0.977595220313667
synthetic_d015_x+7.77_y-12.42_s3,15.0,7.767790005723492,-12.418273920846806,3,60.0,1,2,verified,29,29,1.0,0.37247877911204014,0.0,0.0,0.9851883154292325,True,0.1119324117898941,6.715944707393646,False,0,0,0.5631905368293888,loftr+magsac++,,0.1893799602985382,0.977595220313667
synthetic_d015_x+7.77_y-12.42_s3,15.0,7.767790005723492,-12.418273920846806,3,60.0,1,3,verified,25,27,0.9259259259259259,0.2943574500907889,0.0,0.0,0.9920024324327432,True,0.141355499625206,8.48132997751236,False,0,0,0.5631905368293888,loftr+magsac++,,0.1893799602985382,0.977595220313667
synthetic_d015_x+7.77_y-12.42_s3,15.0,7.767790005723492,-12.418273920846806,3,60.0,1,4,verified,31,31,1.0,0.31000021512582643,0.0,0.0,0.9688388666319182,True,0.16559326648712158,9.935595989227295,False,0,0,0.5631905368293888,loftr+magsac++,,0.1893799602985382,0.977595220313667
synthetic_d015_x+7.77_y-12.42_s3,15.0,7.767790005723492,-12.418273920846806,3,60.0,1,5,verified,31,31,1.0,0.2554036196598836,0.0,0.0,0.9580552857649922,True,0.18450486660003662,11.070291996002197,False,0,0,0.5631905368293888,loftr+magsac++,,0.1893799602985382,0.977595220313667
synthetic_d015_x+7.77_y-12.42_s3,15.0,7.767790005723492,-12.418273920846806,3,60.0,1,6,verified,23,23,1.0,0.26093754167974914,0.0,0.0,0.9509427558077191,True,0.19911743700504303,11.947046220302582,False,0,0,0.5631905368293888,loftr+magsac++,,0.1893799602985382,0.977595220313667
synthetic_d015_x+7.77_y-12.42_s3,15.0,7.767790005723492,-12.418273920846806,3,60.0,1,7,verified,21,22,0.9545454545454546,0.23245663192667418,0.0,0.0,0.9214563857751067,True,0.21121986210346222,12.673191726207733,False,0,0,0.5631905368293888,loftr+magsac++,,0.1893799602985382,0.977595220313667
synthetic_d015_x+7.77_y-12.42_s3,15.0,7.767790005723492,-12.418273920846806,3,60.0,2,0,weak,12,12,1.0,0.31040399281431197,-8.0,0.0,0.48154188264343567,False,0.09212838858366013,5.5277033150196075,False,0,0,0.5631905368293888,loftr+magsac++,,0.1893799602985382,0.977595220313667
synthetic_d015_x+7.77_y-12.42_s3,15.0,7.767790005723492,-12.418273920846806,3,60.0,2,1,verified,21,22,0.9545454545454546,0.3741914856245201,0.0,0.0,0.9696714726855787,True,0.1183953732252121,7.103722393512726,False,0,0,0.5631905368293888,loftr+magsac++,,0.1893799602985382,0.977595220313667
synthetic_d015_x+7.77_y-12.42_s3,15.0,7.767790005723492,-12.418273920846806,3,60.0,2,2,verified,27,28,0.9642857142857143,0.3285288202678198,0.0,0.0,0.9296945002651394,True,0.14701925218105316,8.82115513086319,False,0,0,0.5631905368293888,loftr+magsac++,,0.1893799602985382,0.977595220313667
synthetic_d015_x+7.77_y-12.42_s3,15.0,7.767790005723492,-12.418273920846806,3,60.0,2,3,verified,27,27,1.0,0.8534715072841874,0.0,0.0,0.9862226546971014,True,0.17158567905426025,10.295140743255615,False,0,0,0.5631905368293888,loftr+magsac++,,0.1893799602985382,0.977595220313667
synthetic_d015_x+7.77_y-12.42_s3,15.0,7.767790005723492,-12.418273920846806,3,60.0,2,4,verified,24,24,1.0,0.3359834511057335,0.0,0.0,0.987164387237711,True,0.19038553535938263,11.423132121562958,False,0,0,0.5631905368293888,loftr+magsac++,,0.1893799602985382,0.977595220313667
synthetic_d015_x+7.77_y-12.42_s3,15.0,7.767790005723492,-12.418273920846806,3,60.0,2,5,verified,32,32,1.0,0.2650535816933677,0.0,0.0,0.9679671778148776,True,0.20335698127746582,12.20141887664795,False,0,0,0.5631905368293888,loftr+magsac++,,0.1893799602985382,0.977595220313667
synthetic_d015_x+7.77_y-12.42_s3,15.0,7.767790005723492,-12.418273920846806,3,60.0,2,6,verified,27,28,0.9642857142857143,0.22251529582092824,0.0,0.0,0.9594244055648259,True,0.21146249771118164,12.687749862670898,False,0,0,0.5631905368293888,loftr+magsac++,,0.1893799602985382,0.977595220313667
synthetic_d015_x+7.77_y-12.42_s3,15.0,7.767790005723492,-12.418273920846806,3,60.0,2,7,verified,20,20,1.0,0.2440534259844921,0.0,0.0,0.9471478280794872,True,0.21643288433551788,12.985973060131073,False,0,0,0.5631905368293888,loftr+magsac++,,0.1893799602985382,0.977595220313667
synthetic_d015_x+7.77_y-12.42_s3,15.0,7.767790005723492,-12.418273920846806,3,60.0,3,0,weak,12,12,1.0,0.4003208540995966,-8.0,-3.0,0.7586045183958159,False,0.12851643562316895,7.710986137390137,False,0,0,0.5631905368293888,loftr+magsac++,,0.1893799602985382,0.977595220313667
synthetic_d015_x+7.77_y-12.42_s3,15.0,7.767790005723492,-12.418273920846806,3,60.0,3,1,verified,24,25,0.96,0.33585484540119226,0.0,0.0,0.9404047356507859,True,0.1543152630329132,9.258915781974792,False,0,0,0.5631905368293888,loftr+magsac++,,0.1893799602985382,0.977595220313667
synthetic_d015_x+7.77_y-12.42_s3,15.0,7.767790005723492,-12.418273920846806,3,60.0,3,2,verified,24,26,0.9230769230769231,0.3816368435201447,0.0,0.0,0.9649943346171598,True,0.17892861366271973,10.735716819763184,False,0,0,0.5631905368293888,loftr+magsac++,,0.1893799602985382,0.977595220313667
synthetic_d015_x+7.77_y-12.42_s3,15.0,7.767790005723492,-12.418273920846806,3,60.0,3,3,verified,16,16,1.0,0.37027938030629215,0.0,0.0,0.9590157070537041,True,0.19852957129478455,11.911774277687073,False,0,0,0.5631905368293888,loftr+magsac++,,0.1893799602985382,0.977595220313667
synthetic_d015_x+7.77_y-12.42_s3,15.0,7.767790005723492,-12.418273920846806,3,60.0,3,4,verified,23,23,1.0,0.24330244043171403,0.0,0.0,0.9646673699579601,True,0.21191731095314026,12.715038657188416,False,0,0,0.5631905368293888,loftr+magsac++,,0.1893799602985382,0.977595220313667
synthetic_d015_x+7.77_y-12.42_s3,15.0,7.767790005723492,-12.418273920846806,3,60.0,3,5,verified,28,28,1.0,0.24596244868044623,0.0,0.0,0.9724063700225112,True,0.21899214386940002,13.139528632164001,False,0,0,0.5631905368293888,loftr+magsac++,,0.1893799602985382,0.977595220313667
synthetic_d015_x+7.77_y-12.42_s3,15.0,7.767790005723492,-12.418273920846806,3,60.0,3,6,verified,25,25,1.0,0.25556720958360435,0.0,0.0,0.9563305060086452,True,0.22058337926864624,13.235002756118774,False,0,0,0.5631905368293888,loftr+magsac++,,0.1893799602985382,0.977595220313667
synthetic_d015_x+7.77_y-12.42_s3,15.0,7.767790005723492,-12.418273920846806,3,60.0,3,7,verified,18,18,1.0,0.2696894301714961,0.0,0.0,0.9549536692422199,True,0.21829639375209808,13.097783625125885,False,0,0,0.5631905368293888,loftr+magsac++,,0.1893799602985382,0.977595220313667
synthetic_d015_x+7.77_y-12.42_s3,15.0,7.767790005723492,-12.418273920846806,3,60.0,4,0,verified,16,17,0.9411764705882353,0.43387949086875266,0.0,0.0,0.38594364110146634,True,0.1641976684331894,9.851860105991364,False,0,0,0.5631905368293888,loftr+magsac++,,0.1893799602985382,0.977595220313667
synthetic_d015_x+7.77_y-12.42_s3,15.0,7.767790005723492,-12.418273920846806,3,60.0,4,1,verified,27,28,0.9642857142857143,0.25939139364970376,0.0,0.0,0.959120378578847,True,0.18739022314548492,11.243413388729095,False,0,0,0.5631905368293888,loftr+magsac++,,0.1893799602985382,0.977595220313667
synthetic_d015_x+7.77_y-12.42_s3,15.0,7.767790005723492,-12.418273920846806,3,60.0,4,2,verified,23,23,1.0,0.33176983901696855,0.0,0.0,0.9523945429607715,True,0.20770151913166046,12.462091147899628,False,0,0,0.5631905368293888,loftr+magsac++,,0.1893799602985382,0.977595220313667
synthetic_d015_x+7.77_y-12.42_s3,15.0,7.767790005723492,-12.418273920846806,3,60.0,4,3,verified,21,24,0.875,0.211491172162183,0.0,0.0,0.9769387686342348,True,0.22239276766777039,13.343566060066223,False,0,0,0.5631905368293888,loftr+magsac++,,0.1893799602985382,0.977595220313667
synthetic_d015_x+7.77_y-12.42_s3,15.0,7.767790005723492,-12.418273920846806,3,60.0,4,4,verified,27,28,0.9642857142857143,0.2956411770650948,0.0,0.0,0.9609563140854971,True,0.23047369718551636,13.828421831130981,False,0,0,0.5631905368293888,loftr+magsac++,,0.1893799602985382,0.977595220313667
synthetic_d015_x+7.77_y-12.42_s3,15.0,7.767790005723492,-12.418273920846806,3,60.0,4,5,verified,28,29,0.9655172413793104,0.17197516966729692,0.0,0.0,0.981893306889091,True,0.23175160586833954,13.905096352100372,False,0,0,0.5631905368293888,loftr+magsac++,,0.1893799602985382,0.977595220313667
synthetic_d015_x+7.77_y-12.42_s3,15.0,7.767790005723492,-12.418273920846806,3,60.0,4,6,verified,24,24,1.0,0.19178923913662382,0.0,0.0,0.9609521092046623,True,0.22688214480876923,13.612928688526154,False,0,0,0.5631905368293888,loftr+magsac++,,0.1893799602985382,0.977595220313667
synthetic_d015_x+7.77_y-12.42_s3,15.0,7.767790005723492,-12.418273920846806,3,60.0,4,7,verified,23,23,1.0,0.28963342551841337,0.0,0.0,0.9587053074606017,True,0.2172592431306839,13.035554587841034,False,0,0,0.5631905368293888,loftr+magsac++,,0.1893799602985382,0.977595220313667
synthetic_d015_x+7.77_y-12.42_s3,15.0,7.767790005723492,-12.418273920846806,3,60.0,5,0,verified,15,15,1.0,0.3448104525208523,0.0,0.0,0.4952165103820547,True,0.19766128063201904,11.859676837921143,False,0,0,0.5631905368293888,loftr+magsac++,,0.1893799602985382,0.977595220313667
synthetic_d015_x+7.77_y-12.42_s3,15.0,7.767790005723492,-12.418273920846806,3,60.0,5,1,verified,27,27,1.0,0.2409197087112965,0.0,0.0,0.9662079546349502,True,0.21753917634487152,13.052350580692291,False,0,0,0.5631905368293888,loftr+magsac++,,0.1893799602985382,0.977595220313667
synthetic_d015_x+7.77_y-12.42_s3,15.0,7.767790005723492,-12.418273920846806,3,60.0,5,2,verified,29,30,0.9666666666666667,0.2509701196654369,0.0,0.0,0.926919013061336,True,0.23353615403175354,14.012169241905212,False,0,0,0.5631905368293888,loftr+magsac++,,0.1893799602985382,0.977595220313667
synthetic_d015_x+7.77_y-12.42_s3,15.0,7.767790005723492,-12.418273920846806,3,60.0,5,3,verified,24,25,0.96,0.3468564087304582,0.0,0.0,0.9525808870168049,True,0.2434624433517456,14.607746601104736,False,0,0,0.5631905368293888,loftr+magsac++,,0.1893799602985382,0.977595220313667
synthetic_d015_x+7.77_y-12.42_s3,15.0,7.767790005723492,-12.418273920846806,3,60.0,5,4,verified,34,34,1.0,0.23743500072991708,0.0,0.0,0.9530149243827732,True,0.24641859531402588,14.785115718841553,False,0,0,0.5631905368293888,loftr+magsac++,,0.1893799602985382,0.977595220313667
synthetic_d015_x+7.77_y-12.42_s3,15.0,7.767790005723492,-12.418273920846806,3,60.0,5,5,verified,29,30,0.9666666666666667,0.25709538038381224,0.0,0.0,0.9877817222574956,True,0.24209503829479218,14.52570229768753,False,0,0,0.5631905368293888,loftr+magsac++,,0.1893799602985382,0.977595220313667
synthetic_d015_x+7.77_y-12.42_s3,15.0,7.767790005723492,-12.418273920846806,3,60.0,5,6,verified,24,25,0.96,0.23057275454833526,0.0,0.0,0.976988118619824,True,0.23091724514961243,13.855034708976746,False,0,0,0.5631905368293888,loftr+magsac++,,0.1893799602985382,0.977595220313667
synthetic_d015_x+7.77_y-12.42_s3,15.0,7.767790005723492,-12.418273920846806,3,60.0,5,7,verified,17,17,1.0,0.2525528268979492,0.0,0.0,0.9413560403963931,True,0.21397480368614197,12.838488221168518,False,0,0,0.5631905368293888,loftr+magsac++,,0.1893799602985382,0.977595220313667
synthetic_d015_x+7.77_y-12.42_s3,15.0,7.767790005723492,-12.418273920846806,3,60.0,6,0,weak,15,15,1.0,0.20185048047455187,-8.0,-4.0,0.6878560308507775,False,0.22855477035045624,13.713286221027374,False,0,0,0.5631905368293888,loftr+magsac++,,0.1893799602985382,0.977595220313667
synthetic_d015_x+7.77_y-12.42_s3,15.0,7.767790005723492,-12.418273920846806,3,60.0,6,1,verified,29,29,1.0,0.20859787364073382,0.0,0.0,0.9970752614998222,True,0.24490897357463837,14.694538414478302,False,0,0,0.5631905368293888,loftr+magsac++,,0.1893799602985382,0.977595220313667
synthetic_d015_x+7.77_y-12.42_s3,15.0,7.767790005723492,-12.418273920846806,3,60.0,6,2,verified,20,22,0.9090909090909091,0.17195272375993872,0.0,0.0,0.8951736005417283,True,0.2567223012447357,15.403338074684143,False,0,0,0.5631905368293888,loftr+magsac++,,0.1893799602985382,0.977595220313667
synthetic_d015_x+7.77_y-12.42_s3,15.0,7.767790005723492,-12.418273920846806,3,60.0,6,3,verified,27,27,1.0,0.18477458410438352,0.0,0.0,0.9821894471200284,True,0.2621116638183594,15.726699829101562,False,0,0,0.5631905368293888,loftr+magsac++,,0.1893799602985382,0.977595220313667
synthetic_d015_x+7.77_y-12.42_s3,15.0,7.767790005723492,-12.418273920846806,3,60.0,6,4,verified,33,34,0.9705882352941176,0.20723493246348512,0.0,0.0,0.9626665808520235,True,0.2602170407772064,15.613022446632385,False,0,0,0.5631905368293888,loftr+magsac++,,0.1893799602985382,0.977595220313667
synthetic_d015_x+7.77_y-12.42_s3,15.0,7.767790005723492,-12.418273920846806,3,60.0,6,5,verified,29,30,0.9666666666666667,0.2345236326838432,0.0,0.0,0.9363986210020124,True,0.2505946159362793,15.035676956176758,False,0,0,0.5631905368293888,loftr+magsac++,,0.1893799602985382,0.977595220313667
synthetic_d015_x+7.77_y-12.42_s3,15.0,7.767790005723492,-12.418273920846806,3,60.0,6,6,verified,19,20,0.95,0.2053883340794142,0.0,0.0,0.90048281421662,True,0.23342902958393097,14.005741775035858,False,0,0,0.5631905368293888,loftr+magsac++,,0.1893799602985382,0.977595220313667
synthetic_d015_x+7.77_y-12.42_s3,15.0,7.767790005723492,-12.418273920846806,3,60.0,6,7,verified,20,20,1.0,0.2106279354935829,0.0,0.0,0.9839431733199888,True,0.20939084887504578,12.563450932502747,False,0,0,0.5631905368293888,loftr+magsac++,,0.1893799602985382,0.977595220313667
synthetic_d015_x+7.77_y-12.42_s3,15.0,7.767790005723492,-12.418273920846806,3,60.0,7,0,weak,3,3,1.0,0.16639300577036192,-8.0,13.0,0.7387685551982336,False,0.256899893283844,15.41399359703064,False,0,0,0.5631905368293888,loftr+magsac++,,0.1893799602985382,0.977595220313667
synthetic_d015_x+7.77_y-12.42_s3,15.0,7.767790005723492,-12.418273920846806,3,60.0,7,1,weak,11,12,0.9166666666666666,0.24424122180278188,0.0,-16.0,0.5820843257681353,False,0.26975664496421814,16.18539869785309,False,0,0,0.5631905368293888,loftr+magsac++,,0.1893799602985382,0.977595220313667
synthetic_d015_x+7.77_y-12.42_s3,15.0,7.767790005723492,-12.418273920846806,3,60.0,7,2,verified,9,10,0.9,0.20452420736935564,0.0,0.0,0.4353417850860607,True,0.2776184678077698,16.657108068466187,False,0,0,0.5631905368293888,loftr+magsac++,,0.1893799602985382,0.977595220313667
synthetic_d015_x+7.77_y-12.42_s3,15.0,7.767790005723492,-12.418273920846806,3,60.0,7,3,verified,6,6,1.0,0.332462517127317,0.0,0.0,0.5057120758207284,True,0.27879416942596436,16.72765016555786,False,0,0,0.5631905368293888,loftr+magsac++,,0.1893799602985382,0.977595220313667
synthetic_d015_x+7.77_y-12.42_s3,15.0,7.767790005723492,-12.418273920846806,3,60.0,7,4,verified,9,9,1.0,0.25479153436519636,0.0,0.0,0.5565306433970676,True,0.2724350690841675,16.34610414505005,False,0,0,0.5631905368293888,loftr+magsac++,,0.1893799602985382,0.977595220313667
synthetic_d015_x+7.77_y-12.42_s3,15.0,7.767790005723492,-12.418273920846806,3,60.0,7,5,verified,12,12,1.0,0.21125522734021077,0.0,0.0,0.4506167735939374,True,0.25798487663269043,15.479092597961426,False,0,0,0.5631905368293888,loftr+magsac++,,0.1893799602985382,0.977595220313667
synthetic_d015_x+7.77_y-12.42_s3,15.0,7.767790005723492,-12.418273920846806,3,60.0,7,6,verified,9,9,1.0,0.16363078320780045,0.0,0.0,0.518203252286894,True,0.23537388443946838,14.122433066368103,False,0,0,0.5631905368293888,loftr+magsac++,,0.1893799602985382,0.977595220313667
synthetic_d015_x+7.77_y-12.42_s3,15.0,7.767790005723492,-12.418273920846806,3,60.0,7,7,verified,8,8,1.0,0.308673077761633,0.0,0.0,0.6720388740669051,True,0.20482684671878815,12.289610803127289,False,0,0,0.5631905368293888,loftr+magsac++,,0.1893799602985382,0.977595220313667
synthetic_d015_x+18.06_y-9.12_s4,15.0,18.056673266868412,-9.124069366227662,4,60.0,0,0,verified,4,4,1.0,0.13178823511985968,0.0,0.0,0.45654659099848266,True,0.058763548731803894,3.5258129239082336,False,0,0,0.6076752067899359,loftr+magsac++,,0.06184739992022514,0.9924528301886792
synthetic_d015_x+18.06_y-9.12_s4,15.0,18.056673266868412,-9.124069366227662,4,60.0,0,1,verified,15,15,1.0,0.08305880668859035,0.0,0.0,0.9661952524441221,True,0.04857547581195831,2.914528548717499,False,0,0,0.6076752067899359,loftr+magsac++,,0.06184739992022514,0.9924528301886792
synthetic_d015_x+18.06_y-9.12_s4,15.0,18.056673266868412,-9.124069366227662,4,60.0,0,2,verified,18,18,1.0,0.17907949253446698,0.0,0.0,0.973261173925613,True,0.04146398976445198,2.487839385867119,False,0,0,0.6076752067899359,loftr+magsac++,,0.06184739992022514,0.9924528301886792
synthetic_d015_x+18.06_y-9.12_s4,15.0,18.056673266868412,-9.124069366227662,4,60.0,0,3,verified,23,23,1.0,0.1526923807958268,0.0,0.0,0.9801349687018749,True,0.037534553557634354,2.252073213458061,False,0,0,0.6076752067899359,loftr+magsac++,,0.06184739992022514,0.9924528301886792
synthetic_d015_x+18.06_y-9.12_s4,15.0,18.056673266868412,-9.124069366227662,4,60.0,0,4,verified,22,23,0.9565217391304348,0.09009106255097246,0.0,0.0,0.9677671874041273,True,0.0365828201174736,2.194969207048416,False,0,0,0.6076752067899359,loftr+magsac++,,0.06184739992022514,0.9924528301886792
synthetic_d015_x+18.06_y-9.12_s4,15.0,18.056673266868412,-9.124069366227662,4,60.0,0,5,verified,21,21,1.0,0.1106018134849129,0.0,0.0,0.9531733351011836,True,0.038282912224531174,2.2969747334718704,False,0,0,0.6076752067899359,loftr+magsac++,,0.06184739992022514,0.9924528301886792
synthetic_d015_x+18.06_y-9.12_s4,15.0,18.056673266868412,-9.124069366227662,4,60.0,0,6,verified,24,24,1.0,0.10544779087907027,0.0,0.0,0.9628033378212142,True,0.042251527309417725,2.5350916385650635,False,0,0,0.6076752067899359,loftr+magsac++,,0.06184739992022514,0.9924528301886792
synthetic_d015_x+18.06_y-9.12_s4,15.0,18.056673266868412,-9.124069366227662,4,60.0,0,7,verified,15,15,1.0,0.08960739207183599,0.0,0.0,0.9630053612789798,True,0.04836171120405197,2.9017026722431183,False,0,0,0.6076752067899359,loftr+magsac++,,0.06184739992022514,0.9924528301886792
synthetic_d015_x+18.06_y-9.12_s4,15.0,18.056673266868412,-9.124069366227662,4,60.0,1,0,verified,7,8,0.875,0.07138423504810704,0.0,0.0,0.430266938209861,True,0.05020624026656151,3.0123744159936905,False,0,0,0.6076752067899359,loftr+magsac++,,0.06184739992022514,0.9924528301886792
synthetic_d015_x+18.06_y-9.12_s4,15.0,18.056673266868412,-9.124069366227662,4,60.0,1,1,verified,26,27,0.9629629629629629,0.09361142483962595,0.0,0.0,0.9288315860141457,True,0.04508131742477417,2.70487904548645,False,0,0,0.6076752067899359,loftr+magsac++,,0.06184739992022514,0.9924528301886792
synthetic_d015_x+18.06_y-9.12_s4,15.0,18.056673266868412,-9.124069366227662,4,60.0,1,2,verified,30,30,1.0,0.1316482657791691,0.0,0.0,0.9855344077045584,True,0.04274289309978485,2.564573585987091,False,0,0,0.6076752067899359,loftr+magsac++,,0.06184739992022514,0.9924528301886792
synthetic_d015_x+18.06_y-9.12_s4,15.0,18.056673266868412,-9.124069366227662,4,60.0,1,3,verified,35,35,1.0,0.09627991926953768,0.0,0.0,0.9931192073333789,True,0.04259306937456131,2.5555841624736786,False,0,0,0.6076752067899359,loftr+magsac++,,0.06184739992022514,0.9924528301886792
synthetic_d015_x+18.06_y-9.12_s4,15.0,18.056673266868412,-9.124069366227662,4,60.0,1,4,verified,35,35,1.0,0.1373383548586103,0.0,0.0,0.969640668240583,True,0.0440496988594532,2.642981931567192,False,0,0,0.6076752067899359,loftr+magsac++,,0.06184739992022514,0.9924528301886792
synthetic_d015_x+18.06_y-9.12_s4,15.0,18.056673266868412,-9.124069366227662,4,60.0,1,5,verified,28,28,1.0,0.07646841596434359,0.0,0.0,0.9653295341319182,True,0.046875204890966415,2.812512293457985,False,0,0,0.6076752067899359,loftr+magsac++,,0.06184739992022514,0.9924528301886792
synthetic_d015_x+18.06_y-9.12_s4,15.0,18.056673266868412,-9.124069366227662,4,60.0,1,6,verified,36,36,1.0,0.09994451247161765,0.0,0.0,0.9598658675156602,True,0.051142048090696335,3.06852288544178,False,0,0,0.6076752067899359,loftr+magsac++,,0.06184739992022514,0.9924528301886792
synthetic_d015_x+18.06_y-9.12_s4,15.0,18.056673266868412,-9.124069366227662,4,60.0,1,7,verified,22,22,1.0,0.0755159859547277,0.0,0.0,0.9611777819031716,True,0.05718780681490898,3.431268408894539,False,0,0,0.6076752067899359,loftr+magsac++,,0.06184739992022514,0.9924528301886792
synthetic_d015_x+18.06_y-9.12_s4,15.0,18.056673266868412,-9.124069366227662,4,60.0,2,0,weak,10,10,1.0,0.07759355020568827,-18.0,18.0,0.5276929031106768,False,0.05448314920067787,3.2689889520406723,False,0,0,0.6076752067899359,loftr+magsac++,,0.06184739992022514,0.9924528301886792
synthetic_d015_x+18.06_y-9.12_s4,15.0,18.056673266868412,-9.124069366227662,4,60.0,2,1,verified,33,33,1.0,0.09516072760415985,0.0,0.0,0.9726805760495574,True,0.05295826867222786,3.1774961203336716,False,0,0,0.6076752067899359,loftr+magsac++,,0.06184739992022514,0.9924528301886792
synthetic_d015_x+18.06_y-9.12_s4,15.0,18.056673266868412,-9.124069366227662,4,60.0,2,2,verified,29,29,1.0,0.12072489304530892,0.0,0.0,0.9321546021404318,True,0.0527123399078846,3.162740394473076,False,0,0,0.6076752067899359,loftr+magsac++,,0.06184739992022514,0.9924528301886792
synthetic_d015_x+18.06_y-9.12_s4,15.0,18.056673266868412,-9.124069366227662,4,60.0,2,3,verified,35,35,1.0,0.1472667463851853,0.0,0.0,0.987363833763176,True,0.05323081463575363,3.193848878145218,False,0,0,0.6076752067899359,loftr+magsac++,,0.06184739992022514,0.9924528301886792
synthetic_d015_x+18.06_y-9.12_s4,15.0,18.056673266868412,-9.124069366227662,4,60.0,2,4,verified,36,36,1.0,0.1307416192647411,0.0,0.0,0.9882803287800158,True,0.054337579756975174,3.2602547854185104,False,0,0,0.6076752067899359,loftr+magsac++,,0.06184739992022514,0.9924528301886792
synthetic_d015_x+18.06_y-9.12_s4,15.0,18.056673266868412,-9.124069366227662,4,60.0,2,5,verified,30,30,1.0,0.1084946395607488,0.0,0.0,0.9718791535777721,True,0.0562317781150341,3.373906686902046,False,0,0,0.6076752067899359,loftr+magsac++,,0.06184739992022514,0.9924528301886792
synthetic_d015_x+18.06_y-9.12_s4,15.0,18.056673266868412,-9.124069366227662,4,60.0,2,6,verified,36,36,1.0,0.07257127738228222,0.0,0.0,0.96549748650374,True,0.05939442664384842,3.563665598630905,False,0,0,0.6076752067899359,loftr+magsac++,,0.06184739992022514,0.9924528301886792
synthetic_d015_x+18.06_y-9.12_s4,15.0,18.056673266868412,-9.124069366227662,4,60.0,2,7,verified,24,24,1.0,0.06854542262967768,0.0,0.0,0.9647304915240326,True,0.06450480222702026,3.870288133621216,False,0,0,0.6076752067899359,loftr+magsac++,,0.06184739992022514,0.9924528301886792
synthetic_d015_x+18.06_y-9.12_s4,15.0,18.056673266868412,-9.124069366227662,4,60.0,3,0,weak,12,12,1.0,0.09031493370771913,-18.0,-7.0,0.7226640727363066,False,0.06530696898698807,3.918418139219284,False,0,0,0.6076752067899359,loftr+magsac++,,0.06184739992022514,0.9924528301886792
synthetic_d015_x+18.06_y-9.12_s4,15.0,18.056673266868412,-9.124069366227662,4,60.0,3,1,verified,35,36,0.9722222222222222,0.07051053085281345,0.0,0.0,0.9427707817772129,True,0.0646016001701355,3.87609601020813,False,0,0,0.6076752067899359,loftr+magsac++,,0.06184739992022514,0.9924528301886792
synthetic_d015_x+18.06_y-9.12_s4,15.0,18.056673266868412,-9.124069366227662,4,60.0,3,2,verified,30,30,1.0,0.09806474806342735,0.0,0.0,0.9663272097685259,True,0.06404634565114975,3.842780739068985,False,0,0,0.6076752067899359,loftr+magsac++,,0.06184739992022514,0.9924528301886792
synthetic_d015_x+18.06_y-9.12_s4,15.0,18.056673266868412,-9.124069366227662,4,60.0,3,3,verified,33,33,1.0,0.10858095650302783,0.0,0.0,0.9602901554055882,True,0.06346160918474197,3.8076965510845184,False,0,0,0.6076752067899359,loftr+magsac++,,0.06184739992022514,0.9924528301886792
synthetic_d015_x+18.06_y-9.12_s4,15.0,18.056673266868412,-9.124069366227662,4,60.0,3,4,verified,36,36,1.0,0.10298890762053593,0.0,0.0,0.96638604646113,True,0.06299999356269836,3.779999613761902,False,0,0,0.6076752067899359,loftr+magsac++,,0.06184739992022514,0.9924528301886792
synthetic_d015_x+18.06_y-9.12_s4,15.0,18.056673266868412,-9.124069366227662,4,60.0,3,5,verified,30,30,1.0,0.07624396867523987,0.0,0.0,0.9764589848564132,True,0.06315083801746368,3.789050281047821,False,0,0,0.6076752067899359,loftr+magsac++,,0.06184739992022514,0.9924528301886792
synthetic_d015_x+18.06_y-9.12_s4,15.0,18.056673266868412,-9.124069366227662,4,60.0,3,6,verified,36,36,1.0,0.08318281846945103,0.0,0.0,0.9592150830313062,True,0.06469520181417465,3.881712108850479,False,0,0,0.6076752067899359,loftr+magsac++,,0.06184739992022514,0.9924528301886792
synthetic_d015_x+18.06_y-9.12_s4,15.0,18.056673266868412,-9.124069366227662,4,60.0,3,7,verified,24,24,1.0,0.08763886372490572,0.0,0.0,0.9678075495007561,True,0.06861947476863861,4.117168486118317,False,0,0,0.6076752067899359,loftr+magsac++,,0.06184739992022514,0.9924528301886792
synthetic_d015_x+18.06_y-9.12_s4,15.0,18.056673266868412,-9.124069366227662,4,60.0,4,0,verified,11,11,1.0,0.14029820621219824,0.0,0.0,0.3613537934824939,True,0.07733416557312012,4.640049934387207,False,0,0,0.6076752067899359,loftr+magsac++,,0.06184739992022514,0.9924528301886792
synthetic_d015_x+18.06_y-9.12_s4,15.0,18.056673266868412,-9.124069366227662,4,60.0,4,1,verified,34,34,1.0,0.11122751772863806,0.0,0.0,0.9618775711257818,True,0.07581073045730591,4.5486438274383545,False,0,0,0.6076752067899359,loftr+magsac++,,0.06184739992022514,0.9924528301886792
synthetic_d015_x+18.06_y-9.12_s4,15.0,18.056673266868412,-9.124069366227662,4,60.0,4,2,verified,24,24,1.0,0.10592810462029827,0.0,0.0,0.9569017594101608,True,0.07377687841653824,4.426612704992294,False,0,0,0.6076752067899359,loftr+magsac++,,0.06184739992022514,0.9924528301886792
synthetic_d015_x+18.06_y-9.12_s4,15.0,18.056673266868412,-9.124069366227662,4,60.0,4,3,verified,32,33,0.9696969696969697,0.09187949200902443,0.0,0.0,0.9783004664036273,True,0.07126832008361816,4.27609920501709,False,0,0,0.6076752067899359,loftr+magsac++,,0.06184739992022514,0.9924528301886792
synthetic_d015_x+18.06_y-9.12_s4,15.0,18.056673266868412,-9.124069366227662,4,60.0,4,4,verified,36,36,1.0,0.09250874197518846,0.0,0.0,0.9624907377327431,True,0.06863684207201004,4.118210524320602,False,0,0,0.6076752067899359,loftr+magsac++,,0.06184739992022514,0.9924528301886792
synthetic_d015_x+18.06_y-9.12_s4,15.0,18.056673266868412,-9.124069366227662,4,60.0,4,5,verified,30,30,1.0,0.09335010172044268,0.0,0.0,0.983497438153576,True,0.06659208238124847,3.9955249428749084,False,0,0,0.6076752067899359,loftr+magsac++,,0.06184739992022514,0.9924528301886792
synthetic_d015_x+18.06_y-9.12_s4,15.0,18.056673266868412,-9.124069366227662,4,60.0,4,6,verified,36,36,1.0,0.0731054952500195,0.0,0.0,0.9638006305995106,True,0.06622855365276337,3.973713219165802,False,0,0,0.6076752067899359,loftr+magsac++,,0.06184739992022514,0.9924528301886792
synthetic_d015_x+18.06_y-9.12_s4,15.0,18.056673266868412,-9.124069366227662,4,60.0,4,7,verified,24,24,1.0,0.11516315326932836,0.0,0.0,0.9675924217874019,True,0.06890987604856491,4.134592562913895,False,0,0,0.6076752067899359,loftr+magsac++,,0.06184739992022514,0.9924528301886792
synthetic_d015_x+18.06_y-9.12_s4,15.0,18.056673266868412,-9.124069366227662,4,60.0,5,0,verified,12,12,1.0,0.09202915658544927,0.0,0.0,0.4444856177037579,True,0.08839946240186691,5.303967744112015,False,0,0,0.6076752067899359,loftr+magsac++,,0.06184739992022514,0.9924528301886792
synthetic_d015_x+18.06_y-9.12_s4,15.0,18.056673266868412,-9.124069366227662,4,60.0,5,1,verified,26,26,1.0,0.13419778111319872,0.0,0.0,0.9685243671768939,True,0.08522038906812668,5.113223344087601,False,0,0,0.6076752067899359,loftr+magsac++,,0.06184739992022514,0.9924528301886792
synthetic_d015_x+18.06_y-9.12_s4,15.0,18.056673266868412,-9.124069366227662,4,60.0,5,2,verified,28,28,1.0,0.11903036445929506,0.0,0.0,0.9298534405949603,True,0.08109106868505478,4.865464121103287,False,0,0,0.6076752067899359,loftr+magsac++,,0.06184739992022514,0.9924528301886792
synthetic_d015_x+18.06_y-9.12_s4,15.0,18.056673266868412,-9.124069366227662,4,60.0,5,3,verified,30,34,0.8823529411764706,0.11411976813673375,0.0,0.0,0.954122959126567,True,0.07616542279720306,4.569925367832184,False,0,0,0.6076752067899359,loftr+magsac++,,0.06184739992022514,0.9924528301886792
synthetic_d015_x+18.06_y-9.12_s4,15.0,18.056673266868412,-9.124069366227662,4,60.0,5,4,verified,35,36,0.9722222222222222,0.15350606472395517,0.0,0.0,0.9541082420855164,True,0.07090944796800613,4.254566878080368,False,0,0,0.6076752067899359,loftr+magsac++,,0.06184739992022514,0.9924528301886792
synthetic_d015_x+18.06_y-9.12_s4,15.0,18.056673266868412,-9.124069366227662,4,60.0,5,5,verified,30,30,1.0,0.11877318931571626,0.0,0.0,0.9900578787112188,True,0.066246397793293,3.97478386759758,False,0,0,0.6076752067899359,loftr+magsac++,,0.06184739992022514,0.9924528301886792
synthetic_d015_x+18.06_y-9.12_s4,15.0,18.056673266868412,-9.124069366227662,4,60.0,5,6,verified,36,36,1.0,0.09265286627155347,0.0,0.0,0.978566472817917,True,0.06367166340351105,3.820299804210663,False,0,0,0.6076752067899359,loftr+magsac++,,0.06184739992022514,0.9924528301886792
synthetic_d015_x+18.06_y-9.12_s4,15.0,18.056673266868412,-9.124069366227662,4,60.0,5,7,verified,24,24,1.0,0.12305223216556034,0.0,0.0,0.9544642665281017,True,0.06513836979866028,3.9083021879196167,False,0,0,0.6076752067899359,loftr+magsac++,,0.06184739992022514,0.9924528301886792
synthetic_d015_x+18.06_y-9.12_s4,15.0,18.056673266868412,-9.124069366227662,4,60.0,6,0,weak,12,12,1.0,0.0843679673122787,-18.0,-16.0,0.7233629143629428,False,0.09792768955230713,5.875661373138428,False,0,0,0.6076752067899359,loftr+magsac++,,0.06184739992022514,0.9924528301886792
synthetic_d015_x+18.06_y-9.12_s4,15.0,18.056673266868412,-9.124069366227662,4,60.0,6,1,verified,28,28,1.0,0.11168701146127033,0.0,0.0,0.9975511750937224,True,0.09263122826814651,5.557873696088791,False,0,0,0.6076752067899359,loftr+magsac++,,0.06184739992022514,0.9924528301886792
synthetic_d015_x+18.06_y-9.12_s4,15.0,18.056673266868412,-9.124069366227662,4,60.0,6,2,verified,24,25,0.96,0.1257938255633388,0.0,0.0,0.9006617747401818,True,0.08602413535118103,5.161448121070862,False,0,0,0.6076752067899359,loftr+magsac++,,0.06184739992022514,0.9924528301886792
synthetic_d015_x+18.06_y-9.12_s4,15.0,18.056673266868412,-9.124069366227662,4,60.0,6,3,verified,35,35,1.0,0.10335121616540797,0.0,0.0,0.983660574794992,True,0.07829193770885468,4.6975162625312805,False,0,0,0.6076752067899359,loftr+magsac++,,0.06184739992022514,0.9924528301886792
synthetic_d015_x+18.06_y-9.12_s4,15.0,18.056673266868412,-9.124069366227662,4,60.0,6,4,verified,35,36,0.9722222222222222,0.11149105480394698,0.0,0.0,0.9630182693709948,True,0.06995712965726852,4.1974277794361115,False,0,0,0.6076752067899359,loftr+magsac++,,0.06184739992022514,0.9924528301886792
synthetic_d015_x+18.06_y-9.12_s4,15.0,18.056673266868412,-9.124069366227662,4,60.0,6,5,verified,30,30,1.0,0.09353257152947651,0.0,0.0,0.9391925237164919,True,0.062150970101356506,3.7290582060813904,False,0,0,0.6076752067899359,loftr+magsac++,,0.06184739992022514,0.9924528301886792
synthetic_d015_x+18.06_y-9.12_s4,15.0,18.056673266868412,-9.124069366227662,4,60.0,6,6,verified,36,36,1.0,0.10156418901548335,0.0,0.0,0.9069476175242656,True,0.056907907128334045,3.4144744277000427,False,0,0,0.6076752067899359,loftr+magsac++,,0.06184739992022514,0.9924528301886792
synthetic_d015_x+18.06_y-9.12_s4,15.0,18.056673266868412,-9.124069366227662,4,60.0,6,7,verified,24,24,1.0,0.07784026441676553,0.0,0.0,0.986398842088832,True,0.057257428765296936,3.435445725917816,False,0,0,0.6076752067899359,loftr+magsac++,,0.06184739992022514,0.9924528301886792
synthetic_d015_x+18.06_y-9.12_s4,15.0,18.056673266868412,-9.124069366227662,4,60.0,7,0,weak,4,4,1.0,0.11066344474282117,-18.0,9.0,0.7956435007668982,False,0.10610552132129669,6.3663312792778015,False,0,0,0.6076752067899359,loftr+magsac++,,0.06184739992022514,0.9924528301886792
synthetic_d015_x+18.06_y-9.12_s4,15.0,18.056673266868412,-9.124069366227662,4,60.0,7,1,verified,12,12,1.0,0.1094168883562942,0.0,0.0,0.6205076889140589,True,0.09843629598617554,5.906177759170532,False,0,0,0.6076752067899359,loftr+magsac++,,0.06184739992022514,0.9924528301886792
synthetic_d015_x+18.06_y-9.12_s4,15.0,18.056673266868412,-9.124069366227662,4,60.0,7,2,verified,9,9,1.0,0.11859050461854394,0.0,0.0,0.4592778083036679,True,0.08911149948835373,5.346689969301224,False,0,0,0.6076752067899359,loftr+magsac++,,0.06184739992022514,0.9924528301886792
synthetic_d015_x+18.06_y-9.12_s4,15.0,18.056673266868412,-9.124069366227662,4,60.0,7,3,verified,10,10,1.0,0.09728285347872391,0.0,0.0,0.5371114364882228,True,0.07828747481107712,4.697248488664627,False,0,0,0.6076752067899359,loftr+magsac++,,0.06184739992022514,0.9924528301886792
synthetic_d015_x+18.06_y-9.12_s4,15.0,18.056673266868412,-9.124069366227662,4,60.0,7,4,verified,11,11,1.0,0.08426246097256017,0.0,0.0,0.5871009913537453,True,0.06642229110002518,3.9853374660015106,False,0,0,0.6076752067899359,loftr+magsac++,,0.06184739992022514,0.9924528301886792
synthetic_d015_x+18.06_y-9.12_s4,15.0,18.056673266868412,-9.124069366227662,4,60.0,7,5,verified,10,10,1.0,0.11122209086083379,0.0,0.0,0.5018222416694876,True,0.05473039299249649,3.2838235795497894,False,0,0,0.6076752067899359,loftr+magsac++,,0.06184739992022514,0.9924528301886792
synthetic_d015_x+18.06_y-9.12_s4,15.0,18.056673266868412,-9.124069366227662,4,60.0,7,6,verified,12,12,1.0,0.09549251395885458,0.0,0.0,0.583789607627913,True,0.04601680487394333,2.7610082924365997,False,0,0,0.6076752067899359,loftr+magsac++,,0.06184739992022514,0.9924528301886792
synthetic_d015_x+18.06_y-9.12_s4,15.0,18.056673266868412,-9.124069366227662,4,60.0,7,7,verified,8,8,1.0,0.09992274407997279,0.0,0.0,0.6693003798608549,True,0.04550928995013237,2.730557397007942,False,0,0,0.6076752067899359,loftr+magsac++,,0.06184739992022514,0.9924528301886792
synthetic_d030_x+12.37_y-8.63_s0,30.0,12.37,-8.63,0,60.0,0,0,no_evidence,0,1,0.0,,0.0,0.0,0.4068332206613842,True,0.6866617202758789,41.199703216552734,False,-12,-9,0.45502212674780934,loftr+magsac++,,0.2858057916164398,0.8216957605985037
synthetic_d030_x+12.37_y-8.63_s0,30.0,12.37,-8.63,0,60.0,0,1,verified,5,9,0.5555555555555556,1.6678711794028391,0.0,0.0,0.8643471214280722,True,0.5835440754890442,35.01264452934265,False,-12,-9,0.45502212674780934,loftr+magsac++,,0.2858057916164398,0.8216957605985037
synthetic_d030_x+12.37_y-8.63_s0,30.0,12.37,-8.63,0,60.0,0,2,verified,5,7,0.7142857142857143,1.2537561021615369,0.0,0.0,0.8920235340491423,True,0.4919472634792328,29.516835808753967,False,-12,-9,0.45502212674780934,loftr+magsac++,,0.2858057916164398,0.8216957605985037
synthetic_d030_x+12.37_y-8.63_s0,30.0,12.37,-8.63,0,60.0,0,3,verified,3,3,1.0,0.1799818876134906,0.0,0.0,0.9302218986902602,True,0.4113365411758423,24.680192470550537,False,-12,-9,0.45502212674780934,loftr+magsac++,,0.2858057916164398,0.8216957605985037
synthetic_d030_x+12.37_y-8.63_s0,30.0,12.37,-8.63,0,60.0,0,4,verified,6,9,0.6666666666666666,0.35283593533912083,0.0,0.0,0.843365125428639,True,0.3403381407260895,20.42028844356537,False,-12,-9,0.45502212674780934,loftr+magsac++,,0.2858057916164398,0.8216957605985037
synthetic_d030_x+12.37_y-8.63_s0,30.0,12.37,-8.63,0,60.0,0,5,verified,6,7,0.8571428571428571,0.451834925895922,0.0,0.0,0.8330534843736161,True,0.2777597904205322,16.665587425231934,False,-12,-9,0.45502212674780934,loftr+magsac++,,0.2858057916164398,0.8216957605985037
synthetic_d030_x+12.37_y-8.63_s0,30.0,12.37,-8.63,0,60.0,0,6,verified,15,17,0.8823529411764706,0.6153179540043258,0.0,0.0,0.8463377748084463,True,0.22168610990047455,13.301166594028473,False,-12,-9,0.45502212674780934,loftr+magsac++,,0.2858057916164398,0.8216957605985037
synthetic_d030_x+12.37_y-8.63_s0,30.0,12.37,-8.63,0,60.0,0,7,verified,7,11,0.6363636363636364,0.4852209069434192,0.0,0.0,0.8250999162289817,True,0.17059795558452606,10.235877335071564,False,-12,-9,0.45502212674780934,loftr+magsac++,,0.2858057916164398,0.8216957605985037
synthetic_d030_x+12.37_y-8.63_s0,30.0,12.37,-8.63,0,60.0,1,0,no_evidence,0,0,,,0.0,0.0,0.46834857698081406,True,0.5307928919792175,31.84757351875305,False,-12,-9,0.45502212674780934,loftr+magsac++,,0.2858057916164398,0.8216957605985037
synthetic_d030_x+12.37_y-8.63_s0,30.0,12.37,-8.63,0,60.0,1,1,no_evidence,0,1,0.0,,0.0,0.0,0.7188439130570815,True,0.43586575984954834,26.1519455909729,False,-12,-9,0.45502212674780934,loftr+magsac++,,0.2858057916164398,0.8216957605985037
synthetic_d030_x+12.37_y-8.63_s0,30.0,12.37,-8.63,0,60.0,1,2,verified,10,13,0.7692307692307693,0.5915319551518694,0.0,0.0,0.9424265925815098,True,0.35200536251068115,21.12032175064087,False,-12,-9,0.45502212674780934,loftr+magsac++,,0.2858057916164398,0.8216957605985037
synthetic_d030_x+12.37_y-8.63_s0,30.0,12.37,-8.63,0,60.0,1,3,verified,13,16,0.8125,0.32285638363960306,0.0,0.0,0.9725145402190237,True,0.2786529064178467,16.7191743850708,False,-12,-9,0.45502212674780934,loftr+magsac++,,0.2858057916164398,0.8216957605985037
synthetic_d030_x+12.37_y-8.63_s0,30.0,12.37,-8.63,0,60.0,1,4,verified,18,22,0.8181818181818182,1.0385768773312165,0.0,0.0,0.885400375004308,True,0.21436956524848938,12.862173914909363,False,-12,-9,0.45502212674780934,loftr+magsac++,,0.2858057916164398,0.8216957605985037
synthetic_d030_x+12.37_y-8.63_s0,30.0,12.37,-8.63,0,60.0,1,5,verified,26,29,0.896551724137931,0.4877568916636277,0.0,0.0,0.8624593279853385,True,0.15803271532058716,9.48196291923523,False,-12,-9,0.45502212674780934,loftr+magsac++,,0.2858057916164398,0.8216957605985037
synthetic_d030_x+12.37_y-8.63_s0,30.0,12.37,-8.63,0,60.0,1,6,verified,28,28,1.0,0.4802556780270637,0.0,0.0,0.830389383811795,True,0.10807492583990097,6.484495550394058,False,-12,-9,0.45502212674780934,loftr+magsac++,,0.2858057916164398,0.8216957605985037
synthetic_d030_x+12.37_y-8.63_s0,30.0,12.37,-8.63,0,60.0,1,7,verified,9,12,0.75,0.7128299746123232,0.0,0.0,0.7949423169630199,True,0.0654519647359848,3.927117884159088,False,-12,-9,0.45502212674780934,loftr+magsac++,,0.2858057916164398,0.8216957605985037
synthetic_d030_x+12.37_y-8.63_s0,30.0,12.37,-8.63,0,60.0,2,0,weak,2,2,1.0,1.5217576558697243,-12.0,23.0,0.5310698751375189,False,0.3970104455947876,23.820626735687256,False,-12,-9,0.45502212674780934,loftr+magsac++,,0.2858057916164398,0.8216957605985037
synthetic_d030_x+12.37_y-8.63_s0,30.0,12.37,-8.63,0,60.0,2,1,no_evidence,0,1,0.0,,0.0,0.0,0.9073769423754795,True,0.3112263083457947,18.67357850074768,False,-12,-9,0.45502212674780934,loftr+magsac++,,0.2858057916164398,0.8216957605985037
synthetic_d030_x+12.37_y-8.63_s0,30.0,12.37,-8.63,0,60.0,2,2,verified,4,7,0.5714285714285714,1.1267182714449362,0.0,0.0,0.7011309284605661,True,0.2360367327928543,14.162203967571259,False,-12,-9,0.45502212674780934,loftr+magsac++,,0.2858057916164398,0.8216957605985037
synthetic_d030_x+12.37_y-8.63_s0,30.0,12.37,-8.63,0,60.0,2,3,verified,19,22,0.8636363636363636,0.6738994713084155,0.0,0.0,0.9512498530830182,True,0.17085550725460052,10.251330435276031,False,-12,-9,0.45502212674780934,loftr+magsac++,,0.2858057916164398,0.8216957605985037
synthetic_d030_x+12.37_y-8.63_s0,30.0,12.37,-8.63,0,60.0,2,4,verified,11,13,0.8461538461538461,0.9911819844879691,0.0,0.0,0.9546822621344493,True,0.11431282013654709,6.858769208192825,False,-12,-9,0.45502212674780934,loftr+magsac++,,0.2858057916164398,0.8216957605985037
synthetic_d030_x+12.37_y-8.63_s0,30.0,12.37,-8.63,0,60.0,2,5,verified,17,17,1.0,0.5663574835423455,0.0,0.0,0.8888294716934696,True,0.0663754940032959,3.982529640197754,False,-12,-9,0.45502212674780934,loftr+magsac++,,0.2858057916164398,0.8216957605985037
synthetic_d030_x+12.37_y-8.63_s0,30.0,12.37,-8.63,0,60.0,2,6,verified,24,29,0.8275862068965517,0.5844955373516352,0.0,0.0,0.8596776482203217,True,0.034160248935222626,2.0496149361133575,False,-12,-9,0.45502212674780934,loftr+magsac++,,0.2858057916164398,0.8216957605985037
synthetic_d030_x+12.37_y-8.63_s0,30.0,12.37,-8.63,0,60.0,2,7,verified,14,15,0.9333333333333333,0.6241713191760728,0.0,0.0,0.8287831970830917,True,0.05000094696879387,3.000056818127632,False,-12,-9,0.45502212674780934,loftr+magsac++,,0.2858057916164398,0.8216957605985037
synthetic_d030_x+12.37_y-8.63_s0,30.0,12.37,-8.63,0,60.0,3,0,weak,9,9,1.0,0.5545376727379919,-12.0,-5.0,0.7719243830199163,False,0.2865455448627472,17.19273269176483,False,-12,-9,0.45502212674780934,loftr+magsac++,,0.2858057916164398,0.8216957605985037
synthetic_d030_x+12.37_y-8.63_s0,30.0,12.37,-8.63,0,60.0,3,1,weak,3,8,0.375,0.41929953084617744,0.0,0.0,0.8336629692135388,True,0.21139846742153168,12.6839080452919,False,-12,-9,0.45502212674780934,loftr+magsac++,,0.2858057916164398,0.8216957605985037
synthetic_d030_x+12.37_y-8.63_s0,30.0,12.37,-8.63,0,60.0,3,2,verified,5,6,0.8333333333333334,1.7290527533759057,0.0,0.0,0.8683044056681104,True,0.14683306217193604,8.809983730316162,False,-12,-9,0.45502212674780934,loftr+magsac++,,0.2858057916164398,0.8216957605985037
synthetic_d030_x+12.37_y-8.63_s0,30.0,12.37,-8.63,0,60.0,3,3,verified,7,8,0.875,1.0014935397059408,0.0,0.0,0.8357574181660045,True,0.09300882369279861,5.580529421567917,False,-12,-9,0.45502212674780934,loftr+magsac++,,0.2858057916164398,0.8216957605985037
synthetic_d030_x+12.37_y-8.63_s0,30.0,12.37,-8.63,0,60.0,3,4,verified,10,13,0.7692307692307693,0.9841218402911376,0.0,0.0,0.8410018760702144,True,0.05227440595626831,3.1364643573760986,False,-12,-9,0.45502212674780934,loftr+magsac++,,0.2858057916164398,0.8216957605985037
synthetic_d030_x+12.37_y-8.63_s0,30.0,12.37,-8.63,0,60.0,3,5,verified,18,18,1.0,0.7170119294000916,0.0,0.0,0.9138287409752414,True,0.042388685047626495,2.5433211028575897,False,-12,-9,0.45502212674780934,loftr+magsac++,,0.2858057916164398,0.8216957605985037
synthetic_d030_x+12.37_y-8.63_s0,30.0,12.37,-8.63,0,60.0,3,6,verified,20,21,0.9523809523809523,0.7785060569334272,0.0,0.0,0.8372246622163282,True,0.069154754281044,4.14928525686264,False,-12,-9,0.45502212674780934,loftr+magsac++,,0.2858057916164398,0.8216957605985037
synthetic_d030_x+12.37_y-8.63_s0,30.0,12.37,-8.63,0,60.0,3,7,verified,10,14,0.7142857142857143,0.520887908174581,0.0,0.0,0.8367637106258858,True,0.10854709893465042,6.512825936079025,False,-12,-9,0.45502212674780934,loftr+magsac++,,0.2858057916164398,0.8216957605985037
synthetic_d030_x+12.37_y-8.63_s0,30.0,12.37,-8.63,0,60.0,4,0,weak,6,7,0.8571428571428571,0.9222890272909949,0.0,0.0,0.2981077848532538,False,0.1979326456785202,11.875958740711212,False,-12,-9,0.45502212674780934,loftr+magsac++,,0.2858057916164398,0.8216957605985037
synthetic_d030_x+12.37_y-8.63_s0,30.0,12.37,-8.63,0,60.0,4,1,verified,13,15,0.8666666666666667,0.9167194043242569,0.0,0.0,0.8604920418473763,True,0.1358640342950821,8.151842057704926,False,-12,-9,0.45502212674780934,loftr+magsac++,,0.2858057916164398,0.8216957605985037
synthetic_d030_x+12.37_y-8.63_s0,30.0,12.37,-8.63,0,60.0,4,2,verified,4,8,0.5,1.0896142752749667,0.0,0.0,0.8614862095534803,True,0.08648563176393509,5.189137905836105,False,-12,-9,0.45502212674780934,loftr+magsac++,,0.2858057916164398,0.8216957605985037
synthetic_d030_x+12.37_y-8.63_s0,30.0,12.37,-8.63,0,60.0,4,3,verified,17,19,0.8947368421052632,0.7237050424851905,0.0,0.0,0.9117719849102013,True,0.05554574728012085,3.332744836807251,False,-12,-9,0.45502212674780934,loftr+magsac++,,0.2858057916164398,0.8216957605985037
synthetic_d030_x+12.37_y-8.63_s0,30.0,12.37,-8.63,0,60.0,4,4,verified,19,23,0.8260869565217391,0.7175209775677975,0.0,0.0,0.8459868268849491,True,0.05512207746505737,3.3073246479034424,False,-12,-9,0.45502212674780934,loftr+magsac++,,0.2858057916164398,0.8216957605985037
synthetic_d030_x+12.37_y-8.63_s0,30.0,12.37,-8.63,0,60.0,4,5,verified,10,16,0.625,0.8045897286564191,0.0,0.0,0.9365366764029789,True,0.07914478331804276,4.748686999082565,False,-12,-9,0.45502212674780934,loftr+magsac++,,0.2858057916164398,0.8216957605985037
synthetic_d030_x+12.37_y-8.63_s0,30.0,12.37,-8.63,0,60.0,4,6,verified,23,25,0.92,0.638309733534137,0.0,0.0,0.8682978049326417,True,0.11255427449941635,6.753256469964981,False,-12,-9,0.45502212674780934,loftr+magsac++,,0.2858057916164398,0.8216957605985037
synthetic_d030_x+12.37_y-8.63_s0,30.0,12.37,-8.63,0,60.0,4,7,verified,13,13,1.0,0.7153397603642692,0.0,0.0,0.8438002322348123,True,0.15262533724308014,9.157520234584808,False,-12,-9,0.45502212674780934,loftr+magsac++,,0.2858057916164398,0.8216957605985037
synthetic_d030_x+12.37_y-8.63_s0,30.0,12.37,-8.63,0,60.0,5,0,verified,13,14,0.9285714285714286,0.44110821822335183,0.0,0.0,0.41236239332251834,True,0.12836802005767822,7.702081203460693,False,-12,-9,0.45502212674780934,loftr+magsac++,,0.2858057916164398,0.8216957605985037
synthetic_d030_x+12.37_y-8.63_s0,30.0,12.37,-8.63,0,60.0,5,1,weak,8,17,0.47058823529411764,1.619459988221198,0.0,0.0,0.8642657665650834,True,0.08280839025974274,4.968503415584564,False,-12,-9,0.45502212674780934,loftr+magsac++,,0.2858057916164398,0.8216957605985037
synthetic_d030_x+12.37_y-8.63_s0,30.0,12.37,-8.63,0,60.0,5,2,no_evidence,0,5,0.0,,0.0,0.0,0.6866271762532616,True,0.05646380037069321,3.3878280222415924,False,-12,-9,0.45502212674780934,loftr+magsac++,,0.2858057916164398,0.8216957605985037
synthetic_d030_x+12.37_y-8.63_s0,30.0,12.37,-8.63,0,60.0,5,3,verified,14,17,0.8235294117647058,1.1250066495163882,0.0,0.0,0.8067438159048145,True,0.05691986903548241,3.4151921421289444,False,-12,-9,0.45502212674780934,loftr+magsac++,,0.2858057916164398,0.8216957605985037
synthetic_d030_x+12.37_y-8.63_s0,30.0,12.37,-8.63,0,60.0,5,4,verified,23,24,0.9583333333333334,0.6526459665569392,0.0,0.0,0.8303996368122629,True,0.07587603479623795,4.552562087774277,False,-12,-9,0.45502212674780934,loftr+magsac++,,0.2858057916164398,0.8216957605985037
synthetic_d030_x+12.37_y-8.63_s0,30.0,12.37,-8.63,0,60.0,5,5,verified,21,24,0.875,0.5738591540875743,0.0,0.0,0.9624905636292501,True,0.102972611784935,6.1783567070961,False,-12,-9,0.45502212674780934,loftr+magsac++,,0.2858057916164398,0.8216957605985037
synthetic_d030_x+12.37_y-8.63_s0,30.0,12.37,-8.63,0,60.0,5,6,verified,12,16,0.75,1.2479941465966442,0.0,0.0,0.9175454250232157,True,0.13654381036758423,8.192628622055054,False,-12,-9,0.45502212674780934,loftr+magsac++,,0.2858057916164398,0.8216957605985037
synthetic_d030_x+12.37_y-8.63_s0,30.0,12.37,-8.63,0,60.0,5,7,verified,15,17,0.8823529411764706,0.6416746857022583,0.0,0.0,0.7454939966603554,True,0.17854978144168854,10.712986886501312,False,-12,-9,0.45502212674780934,loftr+magsac++,,0.2858057916164398,0.8216957605985037
synthetic_d030_x+12.37_y-8.63_s0,30.0,12.37,-8.63,0,60.0,6,0,weak,10,10,1.0,0.5100284731692717,-13.0,-14.0,0.6845900705269601,False,0.07318908721208572,4.391345232725143,False,-12,-9,0.45502212674780934,loftr+magsac++,,0.2858057916164398,0.8216957605985037
synthetic_d030_x+12.37_y-8.63_s0,30.0,12.37,-8.63,0,60.0,6,1,verified,5,9,0.5555555555555556,0.7505515087216961,0.0,0.0,0.9919304304860185,True,0.047508951276540756,2.8505370765924454,False,-12,-9,0.45502212674780934,loftr+magsac++,,0.2858057916164398,0.8216957605985037
synthetic_d030_x+12.37_y-8.63_s0,30.0,12.37,-8.63,0,60.0,6,2,weak,2,6,0.3333333333333333,2.484984438514148,0.0,0.0,0.7625894204725084,True,0.04566596448421478,2.739957869052887,False,-12,-9,0.45502212674780934,loftr+magsac++,,0.2858057916164398,0.8216957605985037
synthetic_d030_x+12.37_y-8.63_s0,30.0,12.37,-8.63,0,60.0,6,3,verified,19,21,0.9047619047619048,0.7882452216482954,0.0,0.0,0.9370715843198472,True,0.05949799343943596,3.5698796063661575,False,-12,-9,0.45502212674780934,loftr+magsac++,,0.2858057916164398,0.8216957605985037
synthetic_d030_x+12.37_y-8.63_s0,30.0,12.37,-8.63,0,60.0,6,4,verified,18,23,0.782608695652174,0.6659631606999408,0.0,0.0,0.7923442140597627,True,0.07959839701652527,4.775903820991516,False,-12,-9,0.45502212674780934,loftr+magsac++,,0.2858057916164398,0.8216957605985037
synthetic_d030_x+12.37_y-8.63_s0,30.0,12.37,-8.63,0,60.0,6,5,verified,11,16,0.6875,0.5847769067245535,0.0,0.0,0.7814102470204098,True,0.10622959583997726,6.373775750398636,False,-12,-9,0.45502212674780934,loftr+magsac++,,0.2858057916164398,0.8216957605985037
synthetic_d030_x+12.37_y-8.63_s0,30.0,12.37,-8.63,0,60.0,6,6,verified,15,16,0.9375,0.5715847733544435,0.0,0.0,0.7264450436140619,True,0.14212216436862946,8.527329862117767,False,-12,-9,0.45502212674780934,loftr+magsac++,,0.2858057916164398,0.8216957605985037
synthetic_d030_x+12.37_y-8.63_s0,30.0,12.37,-8.63,0,60.0,6,7,verified,14,14,1.0,0.6934016964449581,0.0,0.0,0.9055557549798544,True,0.18984438478946686,11.390663087368011,False,-12,-9,0.45502212674780934,loftr+magsac++,,0.2858057916164398,0.8216957605985037
synthetic_d030_x+12.37_y-8.63_s0,30.0,12.37,-8.63,0,60.0,7,0,weak,2,2,1.0,1.212100585685647,-12.0,9.0,0.7947457829834269,False,0.028899427503347397,1.7339656502008438,False,-12,-9,0.45502212674780934,loftr+magsac++,,0.2858057916164398,0.8216957605985037
synthetic_d030_x+12.37_y-8.63_s0,30.0,12.37,-8.63,0,60.0,7,1,weak,5,5,1.0,0.5030709651691512,0.0,-18.0,0.6636796698980604,False,0.02659030817449093,1.5954184904694557,False,-12,-9,0.45502212674780934,loftr+magsac++,,0.2858057916164398,0.8216957605985037
synthetic_d030_x+12.37_y-8.63_s0,30.0,12.37,-8.63,0,60.0,7,2,weak,3,4,0.75,2.479033132288403,-2.0,-10.0,0.3586583573561128,False,0.035255830734968185,2.115349844098091,False,-12,-9,0.45502212674780934,loftr+magsac++,,0.2858057916164398,0.8216957605985037
synthetic_d030_x+12.37_y-8.63_s0,30.0,12.37,-8.63,0,60.0,7,3,weak,2,4,0.5,0.8894062007352437,0.0,0.0,0.5009281018834693,True,0.045584674924612045,2.7350804954767227,False,-12,-9,0.45502212674780934,loftr+magsac++,,0.2858057916164398,0.8216957605985037
synthetic_d030_x+12.37_y-8.63_s0,30.0,12.37,-8.63,0,60.0,7,4,verified,7,8,0.875,0.6294863075732718,0.0,0.0,0.5570127064491835,True,0.06235311180353165,3.741186708211899,False,-12,-9,0.45502212674780934,loftr+magsac++,,0.2858057916164398,0.8216957605985037
synthetic_d030_x+12.37_y-8.63_s0,30.0,12.37,-8.63,0,60.0,7,5,weak,2,8,0.25,0.503931478264637,0.0,0.0,0.33687201137097683,True,0.09185565263032913,5.511339157819748,False,-12,-9,0.45502212674780934,loftr+magsac++,,0.2858057916164398,0.8216957605985037
synthetic_d030_x+12.37_y-8.63_s0,30.0,12.37,-8.63,0,60.0,7,6,verified,4,4,1.0,0.48037435257884875,0.0,0.0,0.34404999578682016,True,0.1359333097934723,8.155998587608337,False,-12,-9,0.45502212674780934,loftr+magsac++,,0.2858057916164398,0.8216957605985037
synthetic_d030_x+12.37_y-8.63_s0,30.0,12.37,-8.63,0,60.0,7,7,verified,4,4,1.0,0.7226825833277546,0.0,0.0,0.6636318727992857,True,0.1947920322418213,11.687521934509277,False,-12,-9,0.45502212674780934,loftr+magsac++,,0.2858057916164398,0.8216957605985037
synthetic_d030_x+12.88_y-3.85_s1,30.0,12.881859496403079,-3.8544356440887766,1,60.0,0,0,weak,3,7,0.42857142857142855,0.9541513973313935,0.0,0.0,0.41410490097392344,True,0.42750856280326843,25.650513768196106,False,-13,-11,0.5023230401058175,loftr+magsac++,,0.314217209815979,0.6651234567901234
synthetic_d030_x+12.88_y-3.85_s1,30.0,12.881859496403079,-3.8544356440887766,1,60.0,0,1,weak,2,6,0.3333333333333333,1.5359513643593405,0.0,0.0,0.8643671329241807,True,0.4149985909461975,24.89991545677185,False,-13,-11,0.5023230401058175,loftr+magsac++,,0.314217209815979,0.6651234567901234
synthetic_d030_x+12.88_y-3.85_s1,30.0,12.881859496403079,-3.8544356440887766,1,60.0,0,2,verified,4,5,0.8,1.1153017686536204,0.0,0.0,0.88548362139281,True,0.40243005752563477,24.145803451538086,False,-13,-11,0.5023230401058175,loftr+magsac++,,0.314217209815979,0.6651234567901234
synthetic_d030_x+12.88_y-3.85_s1,30.0,12.881859496403079,-3.8544356440887766,1,60.0,0,3,no_evidence,0,0,,,0.0,0.0,0.9217293486455078,True,0.38693827390670776,23.216296434402466,False,-13,-11,0.5023230401058175,loftr+magsac++,,0.314217209815979,0.6651234567901234
synthetic_d030_x+12.88_y-3.85_s1,30.0,12.881859496403079,-3.8544356440887766,1,60.0,0,4,verified,6,6,1.0,0.3124627056532059,0.0,0.0,0.8078329107847522,True,0.3700437843799591,22.202627062797546,False,-13,-11,0.5023230401058175,loftr+magsac++,,0.314217209815979,0.6651234567901234
synthetic_d030_x+12.88_y-3.85_s1,30.0,12.881859496403079,-3.8544356440887766,1,60.0,0,5,weak,1,3,0.3333333333333333,0.2300228150588045,0.0,0.0,0.8204937267532764,True,0.3586288094520569,21.517728567123413,False,-13,-11,0.5023230401058175,loftr+magsac++,,0.314217209815979,0.6651234567901234
synthetic_d030_x+12.88_y-3.85_s1,30.0,12.881859496403079,-3.8544356440887766,1,60.0,0,6,verified,8,8,1.0,0.36189970894940215,0.0,0.0,0.8400196201910707,True,0.3651019036769867,21.9061142206192,False,-13,-11,0.5023230401058175,loftr+magsac++,,0.314217209815979,0.6651234567901234
synthetic_d030_x+12.88_y-3.85_s1,30.0,12.881859496403079,-3.8544356440887766,1,60.0,0,7,weak,2,5,0.4,0.41577680347962276,0.0,0.0,0.8274820453053526,True,0.40430641174316406,24.258384704589844,False,-13,-11,0.5023230401058175,loftr+magsac++,,0.314217209815979,0.6651234567901234
synthetic_d030_x+12.88_y-3.85_s1,30.0,12.881859496403079,-3.8544356440887766,1,60.0,1,0,no_evidence,0,0,,,0.0,0.0,0.47239018525568266,True,0.39294108748435974,23.576465249061584,False,-13,-11,0.5023230401058175,loftr+magsac++,,0.314217209815979,0.6651234567901234
synthetic_d030_x+12.88_y-3.85_s1,30.0,12.881859496403079,-3.8544356440887766,1,60.0,1,1,no_evidence,0,2,0.0,,0.0,0.0,0.7198209485353065,True,0.3713906407356262,22.283438444137573,False,-13,-11,0.5023230401058175,loftr+magsac++,,0.314217209815979,0.6651234567901234
synthetic_d030_x+12.88_y-3.85_s1,30.0,12.881859496403079,-3.8544356440887766,1,60.0,1,2,weak,6,13,0.46153846153846156,1.6047802948879748,0.0,0.0,0.9421320718327819,True,0.34821683168411255,20.893009901046753,False,-13,-11,0.5023230401058175,loftr+magsac++,,0.314217209815979,0.6651234567901234
synthetic_d030_x+12.88_y-3.85_s1,30.0,12.881859496403079,-3.8544356440887766,1,60.0,1,3,verified,15,20,0.75,0.6890246700644924,0.0,0.0,0.972997385310846,True,0.31979531049728394,19.187718629837036,False,-13,-11,0.5023230401058175,loftr+magsac++,,0.314217209815979,0.6651234567901234
synthetic_d030_x+12.88_y-3.85_s1,30.0,12.881859496403079,-3.8544356440887766,1,60.0,1,4,verified,21,26,0.8076923076923077,0.9052125135875276,0.0,0.0,0.8858147458465617,True,0.2872138023376465,17.23282814025879,False,-13,-11,0.5023230401058175,loftr+magsac++,,0.314217209815979,0.6651234567901234
synthetic_d030_x+12.88_y-3.85_s1,30.0,12.881859496403079,-3.8544356440887766,1,60.0,1,5,verified,15,16,0.9375,0.28226181366158315,0.0,0.0,0.8638363268581251,True,0.25898298621177673,15.538979172706604,False,-13,-11,0.5023230401058175,loftr+magsac++,,0.314217209815979,0.6651234567901234
synthetic_d030_x+12.88_y-3.85_s1,30.0,12.881859496403079,-3.8544356440887766,1,60.0,1,6,verified,27,31,0.8709677419354839,0.2739083061194471,0.0,0.0,0.8248910700889218,True,0.25429069995880127,15.257441997528076,False,-13,-11,0.5023230401058175,loftr+magsac++,,0.314217209815979,0.6651234567901234
synthetic_d030_x+12.88_y-3.85_s1,30.0,12.881859496403079,-3.8544356440887766,1,60.0,1,7,verified,8,12,0.6666666666666666,0.2069138657718248,0.0,0.0,0.8272465791088208,True,0.29642170667648315,17.78530240058899,False,-13,-11,0.5023230401058175,loftr+magsac++,,0.314217209815979,0.6651234567901234
synthetic_d030_x+12.88_y-3.85_s1,30.0,12.881859496403079,-3.8544356440887766,1,60.0,2,0,weak,1,2,0.5,2.7010613506275964,-13.0,-22.0,0.5451806550878621,False,0.3592565059661865,21.55539035797119,False,-13,-11,0.5023230401058175,loftr+magsac++,,0.314217209815979,0.6651234567901234
synthetic_d030_x+12.88_y-3.85_s1,30.0,12.881859496403079,-3.8544356440887766,1,60.0,2,1,no_evidence,0,3,0.0,,0.0,0.0,0.9078636619297228,True,0.32983818650245667,19.7902911901474,False,-13,-11,0.5023230401058175,loftr+magsac++,,0.314217209815979,0.6651234567901234
synthetic_d030_x+12.88_y-3.85_s1,30.0,12.881859496403079,-3.8544356440887766,1,60.0,2,2,weak,2,2,1.0,1.3253992213781667,0.0,0.0,0.7006249566379995,True,0.2974563241004944,17.847379446029663,False,-13,-11,0.5023230401058175,loftr+magsac++,,0.314217209815979,0.6651234567901234
synthetic_d030_x+12.88_y-3.85_s1,30.0,12.881859496403079,-3.8544356440887766,1,60.0,2,3,verified,14,20,0.7,1.0555297618811488,0.0,0.0,0.9513019088231086,True,0.25718721747398376,15.431233048439026,False,-13,-11,0.5023230401058175,loftr+magsac++,,0.314217209815979,0.6651234567901234
synthetic_d030_x+12.88_y-3.85_s1,30.0,12.881859496403079,-3.8544356440887766,1,60.0,2,4,verified,5,7,0.7142857142857143,0.24097718416453187,0.0,0.0,0.9543160309406534,True,0.2083866149187088,12.503196895122528,False,-13,-11,0.5023230401058175,loftr+magsac++,,0.314217209815979,0.6651234567901234
synthetic_d030_x+12.88_y-3.85_s1,30.0,12.881859496403079,-3.8544356440887766,1,60.0,2,5,verified,11,14,0.7857142857142857,0.2064883801679915,0.0,0.0,0.8907692766239482,True,0.15998834371566772,9.599300622940063,False,-13,-11,0.5023230401058175,loftr+magsac++,,0.314217209815979,0.6651234567901234
synthetic_d030_x+12.88_y-3.85_s1,30.0,12.881859496403079,-3.8544356440887766,1,60.0,2,6,weak,6,14,0.42857142857142855,0.6944271520117393,0.0,0.0,0.8628891444391369,True,0.14638757705688477,8.783254623413086,False,-13,-11,0.5023230401058175,loftr+magsac++,,0.314217209815979,0.6651234567901234
synthetic_d030_x+12.88_y-3.85_s1,30.0,12.881859496403079,-3.8544356440887766,1,60.0,2,7,verified,10,14,0.7142857142857143,0.1865245813795815,0.0,0.0,0.8628529031782729,True,0.2089356780052185,12.53614068031311,False,-13,-11,0.5023230401058175,loftr+magsac++,,0.314217209815979,0.6651234567901234
synthetic_d030_x+12.88_y-3.85_s1,30.0,12.881859496403079,-3.8544356440887766,1,60.0,3,0,weak,7,9,0.7777777777777778,0.5399170585975546,-13.0,-6.0,0.76250747724325,False,0.32782670855522156,19.669602513313293,False,-13,-11,0.5023230401058175,loftr+magsac++,,0.314217209815979,0.6651234567901234
synthetic_d030_x+12.88_y-3.85_s1,30.0,12.881859496403079,-3.8544356440887766,1,60.0,3,1,weak,2,5,0.4,0.7322763299508518,0.0,0.0,0.8339763805000369,True,0.2928166687488556,17.569000124931335,False,-13,-11,0.5023230401058175,loftr+magsac++,,0.314217209815979,0.6651234567901234
synthetic_d030_x+12.88_y-3.85_s1,30.0,12.881859496403079,-3.8544356440887766,1,60.0,3,2,no_evidence,0,2,0.0,,0.0,0.0,0.8683053455137687,True,0.25451746582984924,15.271047949790955,False,-13,-11,0.5023230401058175,loftr+magsac++,,0.314217209815979,0.6651234567901234
synthetic_d030_x+12.88_y-3.85_s1,30.0,12.881859496403079,-3.8544356440887766,1,60.0,3,3,verified,5,5,1.0,0.3475369304927308,0.0,0.0,0.8372418647450375,True,0.20672471821308136,12.403483092784882,False,-13,-11,0.5023230401058175,loftr+magsac++,,0.314217209815979,0.6651234567901234
synthetic_d030_x+12.88_y-3.85_s1,30.0,12.881859496403079,-3.8544356440887766,1,60.0,3,4,verified,7,12,0.5833333333333334,1.1964825152635832,0.0,0.0,0.8392564222302522,True,0.14613038301467896,8.767822980880737,False,-13,-11,0.5023230401058175,loftr+magsac++,,0.314217209815979,0.6651234567901234
synthetic_d030_x+12.88_y-3.85_s1,30.0,12.881859496403079,-3.8544356440887766,1,60.0,3,5,verified,12,23,0.5217391304347826,0.34497186432118065,0.0,0.0,0.9166123561898754,True,0.07780605554580688,4.668363332748413,False,-13,-11,0.5023230401058175,loftr+magsac++,,0.314217209815979,0.6651234567901234
synthetic_d030_x+12.88_y-3.85_s1,30.0,12.881859496403079,-3.8544356440887766,1,60.0,3,6,verified,7,13,0.5384615384615384,1.2601472502060105,0.0,0.0,0.8393767559728377,True,0.07558400183916092,4.535040110349655,False,-13,-11,0.5023230401058175,loftr+magsac++,,0.314217209815979,0.6651234567901234
synthetic_d030_x+12.88_y-3.85_s1,30.0,12.881859496403079,-3.8544356440887766,1,60.0,3,7,verified,6,6,1.0,0.30349009394007265,0.0,0.0,0.8745465924283503,True,0.18221698701381683,10.93301922082901,False,-13,-11,0.5023230401058175,loftr+magsac++,,0.314217209815979,0.6651234567901234
synthetic_d030_x+12.88_y-3.85_s1,30.0,12.881859496403079,-3.8544356440887766,1,60.0,4,0,weak,1,4,0.25,1.4161928164672606,0.0,0.0,0.3023254671624448,True,0.30004099011421204,18.002459406852722,False,-13,-11,0.5023230401058175,loftr+magsac++,,0.314217209815979,0.6651234567901234
synthetic_d030_x+12.88_y-3.85_s1,30.0,12.881859496403079,-3.8544356440887766,1,60.0,4,1,weak,4,12,0.3333333333333333,0.8733039750209072,0.0,0.0,0.8604891376503481,True,0.2632793188095093,15.796759128570557,False,-13,-11,0.5023230401058175,loftr+magsac++,,0.314217209815979,0.6651234567901234
synthetic_d030_x+12.88_y-3.85_s1,30.0,12.881859496403079,-3.8544356440887766,1,60.0,4,2,weak,2,8,0.25,0.8550451196199931,0.0,0.0,0.8622110907399057,True,0.22543664276599884,13.52619856595993,False,-13,-11,0.5023230401058175,loftr+magsac++,,0.314217209815979,0.6651234567901234
synthetic_d030_x+12.88_y-3.85_s1,30.0,12.881859496403079,-3.8544356440887766,1,60.0,4,3,verified,7,10,0.7,0.32302593253554135,0.0,0.0,0.9127793152821178,True,0.18120303750038147,10.872182250022888,False,-13,-11,0.5023230401058175,loftr+magsac++,,0.314217209815979,0.6651234567901234
synthetic_d030_x+12.88_y-3.85_s1,30.0,12.881859496403079,-3.8544356440887766,1,60.0,4,4,verified,10,14,0.7142857142857143,0.23612796407677822,0.0,0.0,0.8434441850357514,True,0.131189227104187,7.871353626251221,False,-13,-11,0.5023230401058175,loftr+magsac++,,0.314217209815979,0.6651234567901234
synthetic_d030_x+12.88_y-3.85_s1,30.0,12.881859496403079,-3.8544356440887766,1,60.0,4,5,weak,7,15,0.4666666666666667,0.2183804764984151,0.0,0.0,0.9370040836445372,True,0.09750347584486008,5.850208550691605,False,-13,-11,0.5023230401058175,loftr+magsac++,,0.314217209815979,0.6651234567901234
synthetic_d030_x+12.88_y-3.85_s1,30.0,12.881859496403079,-3.8544356440887766,1,60.0,4,6,verified,21,24,0.875,0.23552137052153693,0.0,0.0,0.8687377804047044,True,0.1367809921503067,8.206859529018402,False,-13,-11,0.5023230401058175,loftr+magsac++,,0.314217209815979,0.6651234567901234
synthetic_d030_x+12.88_y-3.85_s1,30.0,12.881859496403079,-3.8544356440887766,1,60.0,4,7,verified,12,12,1.0,0.45137702249920625,0.0,0.0,0.881376501830574,True,0.24049021303653717,14.42941278219223,False,-13,-11,0.5023230401058175,loftr+magsac++,,0.314217209815979,0.6651234567901234
synthetic_d030_x+12.88_y-3.85_s1,30.0,12.881859496403079,-3.8544356440887766,1,60.0,5,0,verified,7,10,0.7,0.7537814653232869,0.0,0.0,0.41285409142076057,True,0.2777787148952484,16.666722893714905,False,-13,-11,0.5023230401058175,loftr+magsac++,,0.314217209815979,0.6651234567901234
synthetic_d030_x+12.88_y-3.85_s1,30.0,12.881859496403079,-3.8544356440887766,1,60.0,5,1,weak,6,16,0.375,0.4513282701578753,0.0,0.0,0.8569297628278735,True,0.24509991705417633,14.70599502325058,False,-13,-11,0.5023230401058175,loftr+magsac++,,0.314217209815979,0.6651234567901234
synthetic_d030_x+12.88_y-3.85_s1,30.0,12.881859496403079,-3.8544356440887766,1,60.0,5,2,weak,2,5,0.4,0.22711983883642894,0.0,0.0,0.690152921726982,True,0.21747678518295288,13.048607110977173,False,-13,-11,0.5023230401058175,loftr+magsac++,,0.314217209815979,0.6651234567901234
synthetic_d030_x+12.88_y-3.85_s1,30.0,12.881859496403079,-3.8544356440887766,1,60.0,5,3,weak,6,14,0.42857142857142855,0.6557867109299932,0.0,0.0,0.8059854695374973,True,0.19305166602134705,11.583099961280823,False,-13,-11,0.5023230401058175,loftr+magsac++,,0.314217209815979,0.6651234567901234
synthetic_d030_x+12.88_y-3.85_s1,30.0,12.881859496403079,-3.8544356440887766,1,60.0,5,4,verified,19,19,1.0,0.29722716437329105,0.0,0.0,0.8288299713099361,True,0.17873473465442657,10.724084079265594,False,-13,-11,0.5023230401058175,loftr+magsac++,,0.314217209815979,0.6651234567901234
synthetic_d030_x+12.88_y-3.85_s1,30.0,12.881859496403079,-3.8544356440887766,1,60.0,5,5,verified,14,22,0.6363636363636364,0.5479484335089513,0.0,0.0,0.9610051023549737,True,0.1924581080675125,11.54748648405075,False,-13,-11,0.5023230401058175,loftr+magsac++,,0.314217209815979,0.6651234567901234
synthetic_d030_x+12.88_y-3.85_s1,30.0,12.881859496403079,-3.8544356440887766,1,60.0,5,6,weak,5,14,0.35714285714285715,2.1134647974522838,0.0,0.0,0.9174850049899693,True,0.2482614666223526,14.895687997341156,False,-13,-11,0.5023230401058175,loftr+magsac++,,0.314217209815979,0.6651234567901234
synthetic_d030_x+12.88_y-3.85_s1,30.0,12.881859496403079,-3.8544356440887766,1,60.0,5,7,verified,11,13,0.8461538461538461,0.5171365050460548,0.0,0.0,0.8211337374638975,True,0.3448193371295929,20.689160227775574,False,-13,-11,0.5023230401058175,loftr+magsac++,,0.314217209815979,0.6651234567901234
synthetic_d030_x+12.88_y-3.85_s1,30.0,12.881859496403079,-3.8544356440887766,1,60.0,6,0,weak,10,11,0.9090909090909091,0.3093852480302287,-13.0,-14.0,0.7011739632552079,False,0.26329028606414795,15.797417163848877,False,-13,-11,0.5023230401058175,loftr+magsac++,,0.314217209815979,0.6651234567901234
synthetic_d030_x+12.88_y-3.85_s1,30.0,12.881859496403079,-3.8544356440887766,1,60.0,6,1,verified,6,10,0.6,1.2473647238408283,0.0,0.0,0.9919152519498815,True,0.24206219613552094,14.523731768131256,False,-13,-11,0.5023230401058175,loftr+magsac++,,0.314217209815979,0.6651234567901234
synthetic_d030_x+12.88_y-3.85_s1,30.0,12.881859496403079,-3.8544356440887766,1,60.0,6,2,weak,1,2,0.5,0.4454988176240736,0.0,0.0,0.7586121701255257,True,0.23433375358581543,14.060025215148926,False,-13,-11,0.5023230401058175,loftr+magsac++,,0.314217209815979,0.6651234567901234
synthetic_d030_x+12.88_y-3.85_s1,30.0,12.881859496403079,-3.8544356440887766,1,60.0,6,3,verified,10,13,0.7692307692307693,0.30915108375704736,0.0,0.0,0.9339794574602872,True,0.23848439753055573,14.309063851833344,False,-13,-11,0.5023230401058175,loftr+magsac++,,0.314217209815979,0.6651234567901234
synthetic_d030_x+12.88_y-3.85_s1,30.0,12.881859496403079,-3.8544356440887766,1,60.0,6,4,verified,9,14,0.6428571428571429,0.7632824485343808,0.0,0.0,0.7940727317814784,True,0.257938951253891,15.47633707523346,False,-13,-11,0.5023230401058175,loftr+magsac++,,0.314217209815979,0.6651234567901234
synthetic_d030_x+12.88_y-3.85_s1,30.0,12.881859496403079,-3.8544356440887766,1,60.0,6,5,verified,14,19,0.7368421052631579,0.39234272642610024,0.0,0.0,0.7701067940481098,True,0.29958945512771606,17.975367307662964,False,-13,-11,0.5023230401058175,loftr+magsac++,,0.314217209815979,0.6651234567901234
synthetic_d030_x+12.88_y-3.85_s1,30.0,12.881859496403079,-3.8544356440887766,1,60.0,6,6,verified,7,11,0.6363636363636364,0.5518716374021586,0.0,0.0,0.7212465566594312,True,0.3683989346027374,22.103936076164246,False,-13,-11,0.5023230401058175,loftr+magsac++,,0.314217209815979,0.6651234567901234
synthetic_d030_x+12.88_y-3.85_s1,30.0,12.881859496403079,-3.8544356440887766,1,60.0,6,7,verified,8,10,0.8,0.505597664742729,0.0,0.0,0.9425210363290506,True,0.46664831042289734,27.99889862537384,False,-13,-11,0.5023230401058175,loftr+magsac++,,0.314217209815979,0.6651234567901234
synthetic_d030_x+12.88_y-3.85_s1,30.0,12.881859496403079,-3.8544356440887766,1,60.0,7,0,no_evidence,0,0,,,-13.0,4.0,0.8260573389033193,False,0.2587928771972656,15.527572631835938,False,-13,-11,0.5023230401058175,loftr+magsac++,,0.314217209815979,0.6651234567901234
synthetic_d030_x+12.88_y-3.85_s1,30.0,12.881859496403079,-3.8544356440887766,1,60.0,7,1,no_evidence,0,2,0.0,,0.0,-4.0,0.7515962782409474,False,0.2558695375919342,15.352172255516052,False,-13,-11,0.5023230401058175,loftr+magsac++,,0.314217209815979,0.6651234567901234
synthetic_d030_x+12.88_y-3.85_s1,30.0,12.881859496403079,-3.8544356440887766,1,60.0,7,2,weak,1,1,1.0,0.47398342251308617,-1.0,-11.0,0.2762196601817816,False,0.27274957299232483,16.36497437953949,False,-13,-11,0.5023230401058175,loftr+magsac++,,0.314217209815979,0.6651234567901234
synthetic_d030_x+12.88_y-3.85_s1,30.0,12.881859496403079,-3.8544356440887766,1,60.0,7,3,weak,1,4,0.25,0.23451155221157494,0.0,0.0,0.4296031858181156,True,0.3041488826274872,18.24893295764923,False,-13,-11,0.5023230401058175,loftr+magsac++,,0.314217209815979,0.6651234567901234
synthetic_d030_x+12.88_y-3.85_s1,30.0,12.881859496403079,-3.8544356440887766,1,60.0,7,4,verified,4,5,0.8,0.4608710731529111,0.0,0.0,0.47038255453934963,True,0.3492169976234436,20.953019857406616,False,-13,-11,0.5023230401058175,loftr+magsac++,,0.314217209815979,0.6651234567901234
synthetic_d030_x+12.88_y-3.85_s1,30.0,12.881859496403079,-3.8544356440887766,1,60.0,7,5,weak,2,8,0.25,0.47598487207876317,0.0,0.0,0.33305659401905713,True,0.41080784797668457,24.648470878601074,False,-13,-11,0.5023230401058175,loftr+magsac++,,0.314217209815979,0.6651234567901234
synthetic_d030_x+12.88_y-3.85_s1,30.0,12.881859496403079,-3.8544356440887766,1,60.0,7,6,verified,7,10,0.7,0.7076917804577869,0.0,-1.0,0.3469243537301355,True,0.4921512305736542,29.52907383441925,False,-13,-11,0.5023230401058175,loftr+magsac++,,0.314217209815979,0.6651234567901234
synthetic_d030_x+12.88_y-3.85_s1,30.0,12.881859496403079,-3.8544356440887766,1,60.0,7,7,verified,3,5,0.6,1.7902733557896005,0.0,-2.0,0.5452914311205499,True,0.5964903831481934,35.7894229888916,False,-13,-11,0.5023230401058175,loftr+magsac++,,0.314217209815979,0.6651234567901234
synthetic_d030_x+9.88_y-11.68_s2,30.0,9.879345610991795,-11.678106279030521,2,60.0,0,0,no_evidence,0,3,0.0,,2.0,1.0,0.3795095596562456,False,0.8992564678192139,53.95538806915283,False,-9,-7,0.44541108103796284,loftr+magsac++,,0.4016221761703491,0.7579214195183777
synthetic_d030_x+9.88_y-11.68_s2,30.0,9.879345610991795,-11.678106279030521,2,60.0,0,1,weak,3,8,0.375,1.3246868974092516,0.0,0.0,0.8578681851537407,True,0.7774489521980286,46.646937131881714,False,-9,-7,0.44541108103796284,loftr+magsac++,,0.4016221761703491,0.7579214195183777
synthetic_d030_x+9.88_y-11.68_s2,30.0,9.879345610991795,-11.678106279030521,2,60.0,0,2,verified,5,6,0.8333333333333334,1.835210439236605,0.0,0.0,0.8873472658023386,True,0.6704568862915039,40.227413177490234,False,-9,-7,0.44541108103796284,loftr+magsac++,,0.4016221761703491,0.7579214195183777
synthetic_d030_x+9.88_y-11.68_s2,30.0,9.879345610991795,-11.678106279030521,2,60.0,0,3,weak,2,3,0.6666666666666666,0.7228889335118611,0.0,0.0,0.9221831512978065,True,0.5779328942298889,34.675973653793335,False,-9,-7,0.44541108103796284,loftr+magsac++,,0.4016221761703491,0.7579214195183777
synthetic_d030_x+9.88_y-11.68_s2,30.0,9.879345610991795,-11.678106279030521,2,60.0,0,4,verified,6,8,0.75,0.5709493376186328,0.0,0.0,0.8159732602733432,True,0.49849891662597656,29.909934997558594,False,-9,-7,0.44541108103796284,loftr+magsac++,,0.4016221761703491,0.7579214195183777
synthetic_d030_x+9.88_y-11.68_s2,30.0,9.879345610991795,-11.678106279030521,2,60.0,0,5,verified,6,9,0.6666666666666666,0.3717646897095185,0.0,0.0,0.8342918664753123,True,0.43081387877464294,25.848832726478577,False,-9,-7,0.44541108103796284,loftr+magsac++,,0.4016221761703491,0.7579214195183777
synthetic_d030_x+9.88_y-11.68_s2,30.0,9.879345610991795,-11.678106279030521,2,60.0,0,6,verified,6,10,0.6,0.47964490846261637,0.0,0.0,0.8516619912207465,True,0.372506707906723,22.35040247440338,False,-9,-7,0.44541108103796284,loftr+magsac++,,0.4016221761703491,0.7579214195183777
synthetic_d030_x+9.88_y-11.68_s2,30.0,9.879345610991795,-11.678106279030521,2,60.0,0,7,weak,2,5,0.4,0.081296882561154,0.0,0.0,0.860889111272747,True,0.3211697041988373,19.270182251930237,False,-9,-7,0.44541108103796284,loftr+magsac++,,0.4016221761703491,0.7579214195183777
synthetic_d030_x+9.88_y-11.68_s2,30.0,9.879345610991795,-11.678106279030521,2,60.0,1,0,no_evidence,0,0,,,0.0,0.0,0.45926312717692613,True,0.7696852684020996,46.18111610412598,False,-9,-7,0.44541108103796284,loftr+magsac++,,0.4016221761703491,0.7579214195183777
synthetic_d030_x+9.88_y-11.68_s2,30.0,9.879345610991795,-11.678106279030521,2,60.0,1,1,no_evidence,0,9,0.0,,0.0,0.0,0.7166915478112063,True,0.6533481478691101,39.200888872146606,False,-9,-7,0.44541108103796284,loftr+magsac++,,0.4016221761703491,0.7579214195183777
synthetic_d030_x+9.88_y-11.68_s2,30.0,9.879345610991795,-11.678106279030521,2,60.0,1,2,verified,11,16,0.6875,1.7720065879550735,0.0,0.0,0.9418631762887467,True,0.5519165396690369,33.11499238014221,False,-9,-7,0.44541108103796284,loftr+magsac++,,0.4016221761703491,0.7579214195183777
synthetic_d030_x+9.88_y-11.68_s2,30.0,9.879345610991795,-11.678106279030521,2,60.0,1,3,verified,16,22,0.7272727272727273,0.9576161089857823,0.0,0.0,0.9722791070966535,True,0.46516573429107666,27.9099440574646,False,-9,-7,0.44541108103796284,loftr+magsac++,,0.4016221761703491,0.7579214195183777
synthetic_d030_x+9.88_y-11.68_s2,30.0,9.879345610991795,-11.678106279030521,2,60.0,1,4,verified,22,30,0.7333333333333333,0.7982044869403384,0.0,0.0,0.8853894790340847,True,0.3917985260486603,23.507911562919617,False,-9,-7,0.44541108103796284,loftr+magsac++,,0.4016221761703491,0.7579214195183777
synthetic_d030_x+9.88_y-11.68_s2,30.0,9.879345610991795,-11.678106279030521,2,60.0,1,5,verified,17,18,0.9444444444444444,0.30424765184833225,0.0,0.0,0.8617174063320435,True,0.33051612973213196,19.830967783927917,False,-9,-7,0.44541108103796284,loftr+magsac++,,0.4016221761703491,0.7579214195183777
synthetic_d030_x+9.88_y-11.68_s2,30.0,9.879345610991795,-11.678106279030521,2,60.0,1,6,verified,23,27,0.8518518518518519,0.27741810018648333,0.0,0.0,0.8268258594947082,True,0.2788737416267395,16.73242449760437,False,-9,-7,0.44541108103796284,loftr+magsac++,,0.4016221761703491,0.7579214195183777
synthetic_d030_x+9.88_y-11.68_s2,30.0,9.879345610991795,-11.678106279030521,2,60.0,1,7,verified,5,8,0.625,0.1082837536108344,0.0,0.0,0.8301076397758226,True,0.2343471795320511,14.060830771923065,False,-9,-7,0.44541108103796284,loftr+magsac++,,0.4016221761703491,0.7579214195183777
synthetic_d030_x+9.88_y-11.68_s2,30.0,9.879345610991795,-11.678106279030521,2,60.0,2,0,weak,4,4,1.0,2.7664803319217377,-10.0,-8.0,0.49549966427381276,False,0.6561450362205505,39.36870217323303,False,-9,-7,0.44541108103796284,loftr+magsac++,,0.4016221761703491,0.7579214195183777
synthetic_d030_x+9.88_y-11.68_s2,30.0,9.879345610991795,-11.678106279030521,2,60.0,2,1,weak,1,1,1.0,0.6286240235731492,0.0,0.0,0.9036827982787841,True,0.5454577803611755,32.72746682167053,False,-9,-7,0.44541108103796284,loftr+magsac++,,0.4016221761703491,0.7579214195183777
synthetic_d030_x+9.88_y-11.68_s2,30.0,9.879345610991795,-11.678106279030521,2,60.0,2,2,weak,2,2,1.0,0.7043918922795196,0.0,0.0,0.6964374298555679,True,0.44968128204345703,26.980876922607422,False,-9,-7,0.44541108103796284,loftr+magsac++,,0.4016221761703491,0.7579214195183777
synthetic_d030_x+9.88_y-11.68_s2,30.0,9.879345610991795,-11.678106279030521,2,60.0,2,3,verified,16,21,0.7619047619047619,1.210305158546859,0.0,0.0,0.9493376836601671,True,0.36872342228889465,22.12340533733368,False,-9,-7,0.44541108103796284,loftr+magsac++,,0.4016221761703491,0.7579214195183777
synthetic_d030_x+9.88_y-11.68_s2,30.0,9.879345610991795,-11.678106279030521,2,60.0,2,4,verified,11,12,0.9166666666666666,0.1714555000858489,0.0,0.0,0.9528350695124558,True,0.30140969157218933,18.08458149433136,False,-9,-7,0.44541108103796284,loftr+magsac++,,0.4016221761703491,0.7579214195183777
synthetic_d030_x+9.88_y-11.68_s2,30.0,9.879345610991795,-11.678106279030521,2,60.0,2,5,verified,17,20,0.85,0.3044211618342921,0.0,0.0,0.8891261144005901,True,0.24655212461948395,14.793127477169037,False,-9,-7,0.44541108103796284,loftr+magsac++,,0.4016221761703491,0.7579214195183777
synthetic_d030_x+9.88_y-11.68_s2,30.0,9.879345610991795,-11.678106279030521,2,60.0,2,6,verified,16,17,0.9411764705882353,0.6502789502545869,0.0,0.0,0.8612281559161118,True,0.20173048973083496,12.103829383850098,False,-9,-7,0.44541108103796284,loftr+magsac++,,0.4016221761703491,0.7579214195183777
synthetic_d030_x+9.88_y-11.68_s2,30.0,9.879345610991795,-11.678106279030521,2,60.0,2,7,verified,11,15,0.7333333333333333,0.18594776204009222,0.0,0.0,0.8509738626720293,True,0.16451221704483032,9.87073302268982,False,-9,-7,0.44541108103796284,loftr+magsac++,,0.4016221761703491,0.7579214195183777
synthetic_d030_x+9.88_y-11.68_s2,30.0,9.879345610991795,-11.678106279030521,2,60.0,3,0,weak,14,15,0.9333333333333333,1.677766741421753,-9.0,-4.0,0.7581898091323062,False,0.5599415302276611,33.59649181365967,False,-9,-7,0.44541108103796284,loftr+magsac++,,0.4016221761703491,0.7579214195183777
synthetic_d030_x+9.88_y-11.68_s2,30.0,9.879345610991795,-11.678106279030521,2,60.0,3,1,verified,8,9,0.8888888888888888,0.9171341468868355,0.0,0.0,0.8344534888382568,True,0.4552178382873535,27.31307029724121,False,-9,-7,0.44541108103796284,loftr+magsac++,,0.4016221761703491,0.7579214195183777
synthetic_d030_x+9.88_y-11.68_s2,30.0,9.879345610991795,-11.678106279030521,2,60.0,3,2,weak,2,9,0.2222222222222222,1.6353168490976555,0.0,0.0,0.8661790030643458,True,0.3653433322906494,21.920599937438965,False,-9,-7,0.44541108103796284,loftr+magsac++,,0.4016221761703491,0.7579214195183777
synthetic_d030_x+9.88_y-11.68_s2,30.0,9.879345610991795,-11.678106279030521,2,60.0,3,3,verified,5,8,0.625,0.5568479070460783,0.0,0.0,0.8372742261136902,True,0.2903587818145752,17.42152690887451,False,-9,-7,0.44541108103796284,loftr+magsac++,,0.4016221761703491,0.7579214195183777
synthetic_d030_x+9.88_y-11.68_s2,30.0,9.879345610991795,-11.678106279030521,2,60.0,3,4,verified,12,14,0.8571428571428571,1.2441950163476088,0.0,0.0,0.8376871640081223,True,0.22923900187015533,13.75434011220932,False,-9,-7,0.44541108103796284,loftr+magsac++,,0.4016221761703491,0.7579214195183777
synthetic_d030_x+9.88_y-11.68_s2,30.0,9.879345610991795,-11.678106279030521,2,60.0,3,5,verified,7,9,0.7777777777777778,0.7086014672545721,0.0,0.0,0.9148759801803057,True,0.18102437257766724,10.861462354660034,False,-9,-7,0.44541108103796284,loftr+magsac++,,0.4016221761703491,0.7579214195183777
synthetic_d030_x+9.88_y-11.68_s2,30.0,9.879345610991795,-11.678106279030521,2,60.0,3,6,verified,17,21,0.8095238095238095,0.7315789674847063,0.0,0.0,0.8383404138157583,True,0.1435520499944687,8.613122999668121,False,-9,-7,0.44541108103796284,loftr+magsac++,,0.4016221761703491,0.7579214195183777
synthetic_d030_x+9.88_y-11.68_s2,30.0,9.879345610991795,-11.678106279030521,2,60.0,3,7,verified,8,10,0.8,0.9604589617026882,0.0,0.0,0.8577108278048433,True,0.11502782255411148,6.901669353246689,False,-9,-7,0.44541108103796284,loftr+magsac++,,0.4016221761703491,0.7579214195183777
synthetic_d030_x+9.88_y-11.68_s2,30.0,9.879345610991795,-11.678106279030521,2,60.0,4,0,verified,8,10,0.8,0.9095748236335195,0.0,0.0,0.3026799192545342,True,0.4802716374397278,28.816298246383667,False,-9,-7,0.44541108103796284,loftr+magsac++,,0.4016221761703491,0.7579214195183777
synthetic_d030_x+9.88_y-11.68_s2,30.0,9.879345610991795,-11.678106279030521,2,60.0,4,1,verified,13,16,0.8125,1.2014042490945172,0.0,0.0,0.8578778224713057,True,0.38200923800468445,22.920554280281067,False,-9,-7,0.44541108103796284,loftr+magsac++,,0.4016221761703491,0.7579214195183777
synthetic_d030_x+9.88_y-11.68_s2,30.0,9.879345610991795,-11.678106279030521,2,60.0,4,2,verified,8,13,0.6153846153846154,0.3682436805115674,0.0,0.0,0.8587055959841811,True,0.29852867126464844,17.911720275878906,False,-9,-7,0.44541108103796284,loftr+magsac++,,0.4016221761703491,0.7579214195183777
synthetic_d030_x+9.88_y-11.68_s2,30.0,9.879345610991795,-11.678106279030521,2,60.0,4,3,verified,19,22,0.8636363636363636,0.7614243091139947,0.0,0.0,0.9123365072701644,True,0.2299872487783432,13.799234926700592,False,-9,-7,0.44541108103796284,loftr+magsac++,,0.4016221761703491,0.7579214195183777
synthetic_d030_x+9.88_y-11.68_s2,30.0,9.879345610991795,-11.678106279030521,2,60.0,4,4,verified,16,20,0.8,0.6565934727668502,0.0,0.0,0.8447452651042139,True,0.17556814849376678,10.534088909626007,False,-9,-7,0.44541108103796284,loftr+magsac++,,0.4016221761703491,0.7579214195183777
synthetic_d030_x+9.88_y-11.68_s2,30.0,9.879345610991795,-11.678106279030521,2,60.0,4,5,verified,9,14,0.6428571428571429,0.39105594615992834,0.0,0.0,0.9360601590732087,True,0.13468658924102783,8.08119535446167,False,-9,-7,0.44541108103796284,loftr+magsac++,,0.4016221761703491,0.7579214195183777
synthetic_d030_x+9.88_y-11.68_s2,30.0,9.879345610991795,-11.678106279030521,2,60.0,4,6,verified,27,28,0.9642857142857143,0.3818944120389848,0.0,0.0,0.8691358436881895,True,0.1058460921049118,6.350765526294708,False,-9,-7,0.44541108103796284,loftr+magsac++,,0.4016221761703491,0.7579214195183777
synthetic_d030_x+9.88_y-11.68_s2,30.0,9.879345610991795,-11.678106279030521,2,60.0,4,7,verified,13,14,0.9285714285714286,0.5112141068708566,0.0,0.0,0.8642780603576785,True,0.08865360170602798,5.319216102361679,False,-9,-7,0.44541108103796284,loftr+magsac++,,0.4016221761703491,0.7579214195183777
synthetic_d030_x+9.88_y-11.68_s2,30.0,9.879345610991795,-11.678106279030521,2,60.0,5,0,verified,12,14,0.8571428571428571,1.2718522592126336,1.0,0.0,0.42089367081060686,True,0.4155438542366028,24.932631254196167,False,-9,-7,0.44541108103796284,loftr+magsac++,,0.4016221761703491,0.7579214195183777
synthetic_d030_x+9.88_y-11.68_s2,30.0,9.879345610991795,-11.678106279030521,2,60.0,5,1,verified,12,18,0.6666666666666666,0.614423057276777,0.0,0.0,0.8517703005385722,True,0.3242897093296051,19.457382559776306,False,-9,-7,0.44541108103796284,loftr+magsac++,,0.4016221761703491,0.7579214195183777
synthetic_d030_x+9.88_y-11.68_s2,30.0,9.879345610991795,-11.678106279030521,2,60.0,5,2,weak,3,7,0.42857142857142855,0.3808350604958523,0.0,0.0,0.6872199202467228,True,0.2477990984916687,14.867945909500122,False,-9,-7,0.44541108103796284,loftr+magsac++,,0.4016221761703491,0.7579214195183777
synthetic_d030_x+9.88_y-11.68_s2,30.0,9.879345610991795,-11.678106279030521,2,60.0,5,3,verified,13,18,0.7222222222222222,0.8900274480648291,0.0,0.0,0.8062377098306357,True,0.18634310364723206,11.180586218833923,False,-9,-7,0.44541108103796284,loftr+magsac++,,0.4016221761703491,0.7579214195183777
synthetic_d030_x+9.88_y-11.68_s2,30.0,9.879345610991795,-11.678106279030521,2,60.0,5,4,verified,21,23,0.9130434782608695,0.5675071296557157,0.0,0.0,0.8298333138896402,True,0.1393546164035797,8.361276984214783,False,-9,-7,0.44541108103796284,loftr+magsac++,,0.4016221761703491,0.7579214195183777
synthetic_d030_x+9.88_y-11.68_s2,30.0,9.879345610991795,-11.678106279030521,2,60.0,5,5,verified,14,20,0.7,0.37638910250303514,0.0,0.0,0.9626938391825677,True,0.10673876851797104,6.404326111078262,False,-9,-7,0.44541108103796284,loftr+magsac++,,0.4016221761703491,0.7579214195183777
synthetic_d030_x+9.88_y-11.68_s2,30.0,9.879345610991795,-11.678106279030521,2,60.0,5,6,verified,12,16,0.75,0.5517277446140505,0.0,0.0,0.9161291533945097,True,0.08786085993051529,5.271651595830917,False,-9,-7,0.44541108103796284,loftr+magsac++,,0.4016221761703491,0.7579214195183777
synthetic_d030_x+9.88_y-11.68_s2,30.0,9.879345610991795,-11.678106279030521,2,60.0,5,7,verified,16,19,0.8421052631578947,0.644603161907829,0.0,0.0,0.7894240923779086,True,0.08320680260658264,4.9924081563949585,False,-9,-7,0.44541108103796284,loftr+magsac++,,0.4016221761703491,0.7579214195183777
synthetic_d030_x+9.88_y-11.68_s2,30.0,9.879345610991795,-11.678106279030521,2,60.0,6,0,weak,12,13,0.9230769230769231,0.42795557170181997,-10.0,-6.0,0.6835530041984297,False,0.36316147446632385,21.78968846797943,False,-9,-7,0.44541108103796284,loftr+magsac++,,0.4016221761703491,0.7579214195183777
synthetic_d030_x+9.88_y-11.68_s2,30.0,9.879345610991795,-11.678106279030521,2,60.0,6,1,verified,14,18,0.7777777777777778,0.26933804467262734,0.0,0.0,0.9916360290426272,True,0.27923545241355896,16.754127144813538,False,-9,-7,0.44541108103796284,loftr+magsac++,,0.4016221761703491,0.7579214195183777
synthetic_d030_x+9.88_y-11.68_s2,30.0,9.879345610991795,-11.678106279030521,2,60.0,6,2,no_evidence,0,2,0.0,,0.0,0.0,0.7579135711165293,True,0.21006236970424652,12.603742182254791,False,-9,-7,0.44541108103796284,loftr+magsac++,,0.4016221761703491,0.7579214195183777
synthetic_d030_x+9.88_y-11.68_s2,30.0,9.879345610991795,-11.678106279030521,2,60.0,6,3,verified,9,15,0.6,0.2788177946346253,0.0,0.0,0.9359348704779985,True,0.15598775446414948,9.359265267848969,False,-9,-7,0.44541108103796284,loftr+magsac++,,0.4016221761703491,0.7579214195183777
synthetic_d030_x+9.88_y-11.68_s2,30.0,9.879345610991795,-11.678106279030521,2,60.0,6,4,verified,12,23,0.5217391304347826,0.7039044942076731,0.0,0.0,0.7908999779730359,True,0.11668560653924942,7.001136392354965,False,-9,-7,0.44541108103796284,loftr+magsac++,,0.4016221761703491,0.7579214195183777
synthetic_d030_x+9.88_y-11.68_s2,30.0,9.879345610991795,-11.678106279030521,2,60.0,6,5,verified,19,20,0.95,0.31848230650592724,0.0,0.0,0.7823015490751536,True,0.09246395528316498,5.547837316989899,False,-9,-7,0.44541108103796284,loftr+magsac++,,0.4016221761703491,0.7579214195183777
synthetic_d030_x+9.88_y-11.68_s2,30.0,9.879345610991795,-11.678106279030521,2,60.0,6,6,verified,8,11,0.7272727272727273,0.459078936838369,0.0,0.0,0.7295455754404178,True,0.08315911144018173,4.989546686410904,False,-9,-7,0.44541108103796284,loftr+magsac++,,0.4016221761703491,0.7579214195183777
synthetic_d030_x+9.88_y-11.68_s2,30.0,9.879345610991795,-11.678106279030521,2,60.0,6,7,verified,10,13,0.7692307692307693,0.8248244415602413,0.0,0.0,0.9242705643317042,True,0.0890207290649414,5.341243743896484,False,-9,-7,0.44541108103796284,loftr+magsac++,,0.4016221761703491,0.7579214195183777
synthetic_d030_x+9.88_y-11.68_s2,30.0,9.879345610991795,-11.678106279030521,2,60.0,7,0,weak,3,3,1.0,0.3399143683648993,-10.0,12.0,0.7429029522875786,False,0.31957972049713135,19.17478322982788,False,-9,-7,0.44541108103796284,loftr+magsac++,,0.4016221761703491,0.7579214195183777
synthetic_d030_x+9.88_y-11.68_s2,30.0,9.879345610991795,-11.678106279030521,2,60.0,7,1,weak,6,8,0.75,0.2339707461036677,0.0,-16.0,0.621081009164772,False,0.24278099834918976,14.566859900951385,False,-9,-7,0.44541108103796284,loftr+magsac++,,0.4016221761703491,0.7579214195183777
synthetic_d030_x+9.88_y-11.68_s2,30.0,9.879345610991795,-11.678106279030521,2,60.0,7,2,no_evidence,0,2,0.0,,-2.0,-7.0,0.38446192614395125,False,0.1805870234966278,10.835221409797668,False,-9,-7,0.44541108103796284,loftr+magsac++,,0.4016221761703491,0.7579214195183777
synthetic_d030_x+9.88_y-11.68_s2,30.0,9.879345610991795,-11.678106279030521,2,60.0,7,3,no_evidence,0,2,0.0,,0.0,0.0,0.5135150448660227,True,0.13338232040405273,8.002939224243164,False,-9,-7,0.44541108103796284,loftr+magsac++,,0.4016221761703491,0.7579214195183777
synthetic_d030_x+9.88_y-11.68_s2,30.0,9.879345610991795,-11.678106279030521,2,60.0,7,4,verified,5,6,0.8333333333333334,0.23569809660132898,0.0,0.0,0.5546664768463273,True,0.10111138969659805,6.066683381795883,False,-9,-7,0.44541108103796284,loftr+magsac++,,0.4016221761703491,0.7579214195183777
synthetic_d030_x+9.88_y-11.68_s2,30.0,9.879345610991795,-11.678106279030521,2,60.0,7,5,weak,2,3,0.6666666666666666,0.8468185483790829,0.0,0.0,0.37894515475646545,True,0.08461134135723114,5.076680481433868,False,-9,-7,0.44541108103796284,loftr+magsac++,,0.4016221761703491,0.7579214195183777
synthetic_d030_x+9.88_y-11.68_s2,30.0,9.879345610991795,-11.678106279030521,2,60.0,7,6,verified,5,5,1.0,0.49483690567420563,0.0,0.0,0.3461305656650652,True,0.08414976298809052,5.048985779285431,False,-9,-7,0.44541108103796284,loftr+magsac++,,0.4016221761703491,0.7579214195183777
synthetic_d030_x+9.88_y-11.68_s2,30.0,9.879345610991795,-11.678106279030521,2,60.0,7,7,verified,3,4,0.75,0.512518768795521,0.0,0.0,0.6736149558680222,True,0.09944870322942734,5.96692219376564,False,-9,-7,0.44541108103796284,loftr+magsac++,,0.4016221761703491,0.7579214195183777
synthetic_d030_x+7.77_y-12.42_s3,30.0,7.767790005723492,-12.418273920846806,3,60.0,0,0,weak,1,5,0.2,1.5483309670685275,4.0,1.0,0.35879021947386813,False,0.9652671217918396,57.916027307510376,False,-7,-5,0.45868288100845994,loftr+magsac++,,0.31409794092178345,0.8611111111111112
synthetic_d030_x+7.77_y-12.42_s3,30.0,7.767790005723492,-12.418273920846806,3,60.0,0,1,verified,3,6,0.5,1.627120982251847,0.0,0.0,0.8645920507433711,True,0.7925747632980347,47.55448579788208,False,-7,-5,0.45868288100845994,loftr+magsac++,,0.31409794092178345,0.8611111111111112
synthetic_d030_x+7.77_y-12.42_s3,30.0,7.767790005723492,-12.418273920846806,3,60.0,0,2,verified,4,6,0.6666666666666666,1.3328719885128937,0.0,0.0,0.8926666977266842,True,0.639071524143219,38.34429144859314,False,-7,-5,0.45868288100845994,loftr+magsac++,,0.31409794092178345,0.8611111111111112
synthetic_d030_x+7.77_y-12.42_s3,30.0,7.767790005723492,-12.418273920846806,3,60.0,0,3,weak,1,1,1.0,0.14894600480766884,0.0,0.0,0.9314789972182781,True,0.5007292032241821,30.043752193450928,False,-7,-5,0.45868288100845994,loftr+magsac++,,0.31409794092178345,0.8611111111111112
synthetic_d030_x+7.77_y-12.42_s3,30.0,7.767790005723492,-12.418273920846806,3,60.0,0,4,verified,10,14,0.7142857142857143,0.7269823524250061,0.0,0.0,0.850084413599633,True,0.37187230587005615,22.31233835220337,False,-7,-5,0.45868288100845994,loftr+magsac++,,0.31409794092178345,0.8611111111111112
synthetic_d030_x+7.77_y-12.42_s3,30.0,7.767790005723492,-12.418273920846806,3,60.0,0,5,verified,4,4,1.0,0.7819500686386218,0.0,0.0,0.8059153084393296,True,0.24805395305156708,14.883237183094025,False,-7,-5,0.45868288100845994,loftr+magsac++,,0.31409794092178345,0.8611111111111112
synthetic_d030_x+7.77_y-12.42_s3,30.0,7.767790005723492,-12.418273920846806,3,60.0,0,6,verified,7,8,0.875,0.442372968561682,0.0,0.0,0.8153529472707393,True,0.12768365442752838,7.661019265651703,False,-7,-5,0.45868288100845994,loftr+magsac++,,0.31409794092178345,0.8611111111111112
synthetic_d030_x+7.77_y-12.42_s3,30.0,7.767790005723492,-12.418273920846806,3,60.0,0,7,verified,6,7,0.8571428571428571,0.45330463193228826,0.0,0.0,0.750488736346974,True,0.07342860102653503,4.405716061592102,False,-7,-5,0.45868288100845994,loftr+magsac++,,0.31409794092178345,0.8611111111111112
synthetic_d030_x+7.77_y-12.42_s3,30.0,7.767790005723492,-12.418273920846806,3,60.0,1,0,no_evidence,0,0,,,0.0,0.0,0.44131106775307893,True,0.8047356605529785,48.28413963317871,False,-7,-5,0.45868288100845994,loftr+magsac++,,0.31409794092178345,0.8611111111111112
synthetic_d030_x+7.77_y-12.42_s3,30.0,7.767790005723492,-12.418273920846806,3,60.0,1,1,no_evidence,0,1,0.0,,0.0,0.0,0.7121508737171396,True,0.6490153074264526,38.94091844558716,False,-7,-5,0.45868288100845994,loftr+magsac++,,0.31409794092178345,0.8611111111111112
synthetic_d030_x+7.77_y-12.42_s3,30.0,7.767790005723492,-12.418273920846806,3,60.0,1,2,verified,10,15,0.6666666666666666,1.050204940123916,0.0,0.0,0.9413187403139734,True,0.5147155523300171,30.882933139801025,False,-7,-5,0.45868288100845994,loftr+magsac++,,0.31409794092178345,0.8611111111111112
synthetic_d030_x+7.77_y-12.42_s3,30.0,7.767790005723492,-12.418273920846806,3,60.0,1,3,verified,18,22,0.8181818181818182,0.8214098617806131,0.0,0.0,0.9718204852701253,True,0.39722582697868347,23.83354961872101,False,-7,-5,0.45868288100845994,loftr+magsac++,,0.31409794092178345,0.8611111111111112
synthetic_d030_x+7.77_y-12.42_s3,30.0,7.767790005723492,-12.418273920846806,3,60.0,1,4,verified,27,31,0.8709677419354839,0.7290969826023461,0.0,0.0,0.8853565161478942,True,0.2898370623588562,17.390223741531372,False,-7,-5,0.45868288100845994,loftr+magsac++,,0.31409794092178345,0.8611111111111112
synthetic_d030_x+7.77_y-12.42_s3,30.0,7.767790005723492,-12.418273920846806,3,60.0,1,5,verified,27,27,1.0,0.5800518229009206,0.0,0.0,0.8626257407124214,True,0.18658839166164398,11.195303499698639,False,-7,-5,0.45868288100845994,loftr+magsac++,,0.31409794092178345,0.8611111111111112
synthetic_d030_x+7.77_y-12.42_s3,30.0,7.767790005723492,-12.418273920846806,3,60.0,1,6,verified,23,25,0.92,0.663227973411373,0.0,0.0,0.8301825694613008,True,0.08421476185321808,5.052885711193085,False,-7,-5,0.45868288100845994,loftr+magsac++,,0.31409794092178345,0.8611111111111112
synthetic_d030_x+7.77_y-12.42_s3,30.0,7.767790005723492,-12.418273920846806,3,60.0,1,7,verified,10,12,0.8333333333333334,0.4788032487024386,0.0,0.0,0.7737809778638906,True,0.06651731580495834,3.9910389482975006,False,-7,-5,0.45868288100845994,loftr+magsac++,,0.31409794092178345,0.8611111111111112
synthetic_d030_x+7.77_y-12.42_s3,30.0,7.767790005723492,-12.418273920846806,3,60.0,2,0,weak,4,4,1.0,0.7470687167934728,-8.0,-4.0,0.46791636197075165,False,0.6512614488601685,39.07568693161011,False,-7,-5,0.45868288100845994,loftr+magsac++,,0.31409794092178345,0.8611111111111112
synthetic_d030_x+7.77_y-12.42_s3,30.0,7.767790005723492,-12.418273920846806,3,60.0,2,1,no_evidence,0,0,,,0.0,0.0,0.904936147737133,True,0.5132851600646973,30.797109603881836,False,-7,-5,0.45868288100845994,loftr+magsac++,,0.31409794092178345,0.8611111111111112
synthetic_d030_x+7.77_y-12.42_s3,30.0,7.767790005723492,-12.418273920846806,3,60.0,2,2,verified,7,9,0.7777777777777778,0.8936825919003213,0.0,0.0,0.6957195592861198,True,0.40026286244392395,24.015771746635437,False,-7,-5,0.45868288100845994,loftr+magsac++,,0.31409794092178345,0.8611111111111112
synthetic_d030_x+7.77_y-12.42_s3,30.0,7.767790005723492,-12.418273920846806,3,60.0,2,3,verified,19,23,0.8260869565217391,0.8875354701884451,0.0,0.0,0.9508347788756105,True,0.30698540806770325,18.419124484062195,False,-7,-5,0.45868288100845994,loftr+magsac++,,0.31409794092178345,0.8611111111111112
synthetic_d030_x+7.77_y-12.42_s3,30.0,7.767790005723492,-12.418273920846806,3,60.0,2,4,verified,13,15,0.8666666666666667,0.7272619788682588,0.0,0.0,0.9542833239020672,True,0.22541870176792145,13.525122106075287,False,-7,-5,0.45868288100845994,loftr+magsac++,,0.31409794092178345,0.8611111111111112
synthetic_d030_x+7.77_y-12.42_s3,30.0,7.767790005723492,-12.418273920846806,3,60.0,2,5,verified,19,23,0.8260869565217391,0.5834484960782651,0.0,0.0,0.8880942556482788,True,0.14823634922504425,8.894180953502655,False,-7,-5,0.45868288100845994,loftr+magsac++,,0.31409794092178345,0.8611111111111112
synthetic_d030_x+7.77_y-12.42_s3,30.0,7.767790005723492,-12.418273920846806,3,60.0,2,6,verified,17,18,0.9444444444444444,0.5030885978326901,0.0,0.0,0.8606415432668489,True,0.07494067400693893,4.496440440416336,False,-7,-5,0.45868288100845994,loftr+magsac++,,0.31409794092178345,0.8611111111111112
synthetic_d030_x+7.77_y-12.42_s3,30.0,7.767790005723492,-12.418273920846806,3,60.0,2,7,verified,13,14,0.9285714285714286,0.3532848508035568,0.0,0.0,0.8297625948404717,True,0.07843039929866791,4.7058239579200745,False,-7,-5,0.45868288100845994,loftr+magsac++,,0.31409794092178345,0.8611111111111112
synthetic_d030_x+7.77_y-12.42_s3,30.0,7.767790005723492,-12.418273920846806,3,60.0,3,0,weak,14,14,1.0,1.1323184973532765,-8.0,-3.0,0.7397620069389887,False,0.5067328810691833,30.403972864151,False,-7,-5,0.45868288100845994,loftr+magsac++,,0.31409794092178345,0.8611111111111112
synthetic_d030_x+7.77_y-12.42_s3,30.0,7.767790005723492,-12.418273920846806,3,60.0,3,1,verified,10,11,0.9090909090909091,0.8950173721334987,0.0,0.0,0.8309099253542541,True,0.3877522945404053,23.265137672424316,False,-7,-5,0.45868288100845994,loftr+magsac++,,0.31409794092178345,0.8611111111111112
synthetic_d030_x+7.77_y-12.42_s3,30.0,7.767790005723492,-12.418273920846806,3,60.0,3,2,verified,9,12,0.75,0.7319754162079013,0.0,0.0,0.8673226718436706,True,0.29982709884643555,17.989625930786133,False,-7,-5,0.45868288100845994,loftr+magsac++,,0.31409794092178345,0.8611111111111112
synthetic_d030_x+7.77_y-12.42_s3,30.0,7.767790005723492,-12.418273920846806,3,60.0,3,3,weak,2,4,0.5,1.543414830067153,0.0,0.0,0.8353652746948761,True,0.2367953360080719,14.207720160484314,False,-7,-5,0.45868288100845994,loftr+magsac++,,0.31409794092178345,0.8611111111111112
synthetic_d030_x+7.77_y-12.42_s3,30.0,7.767790005723492,-12.418273920846806,3,60.0,3,4,verified,14,15,0.9333333333333333,0.819113511963917,0.0,0.0,0.8402545549465305,True,0.18755613267421722,11.253367960453033,False,-7,-5,0.45868288100845994,loftr+magsac++,,0.31409794092178345,0.8611111111111112
synthetic_d030_x+7.77_y-12.42_s3,30.0,7.767790005723492,-12.418273920846806,3,60.0,3,5,verified,22,24,0.9166666666666666,0.667683753459585,0.0,0.0,0.9123062991286374,True,0.1416817307472229,8.500903844833374,False,-7,-5,0.45868288100845994,loftr+magsac++,,0.31409794092178345,0.8611111111111112
synthetic_d030_x+7.77_y-12.42_s3,30.0,7.767790005723492,-12.418273920846806,3,60.0,3,6,verified,24,24,1.0,0.49212945141749986,0.0,0.0,0.8374697554301911,True,0.09829282760620117,5.89756965637207,False,-7,-5,0.45868288100845994,loftr+magsac++,,0.31409794092178345,0.8611111111111112
synthetic_d030_x+7.77_y-12.42_s3,30.0,7.767790005723492,-12.418273920846806,3,60.0,3,7,verified,13,13,1.0,0.3547444841454119,0.0,0.0,0.8495834721229142,True,0.09581884741783142,5.749130845069885,False,-7,-5,0.45868288100845994,loftr+magsac++,,0.31409794092178345,0.8611111111111112
synthetic_d030_x+7.77_y-12.42_s3,30.0,7.767790005723492,-12.418273920846806,3,60.0,4,0,verified,8,9,0.8888888888888888,0.9023702223438735,0.0,0.0,0.3119046059374927,True,0.371309369802475,22.2785621881485,False,-7,-5,0.45868288100845994,loftr+magsac++,,0.31409794092178345,0.8611111111111112
synthetic_d030_x+7.77_y-12.42_s3,30.0,7.767790005723492,-12.418273920846806,3,60.0,4,1,verified,9,11,0.8181818181818182,0.8186542422545663,0.0,0.0,0.8588775908167057,True,0.2742639482021332,16.45583689212799,False,-7,-5,0.45868288100845994,loftr+magsac++,,0.31409794092178345,0.8611111111111112
synthetic_d030_x+7.77_y-12.42_s3,30.0,7.767790005723492,-12.418273920846806,3,60.0,4,2,verified,5,7,0.7142857142857143,1.2323380704052231,0.0,0.0,0.8607933635278113,True,0.2197497934103012,13.184987604618073,False,-7,-5,0.45868288100845994,loftr+magsac++,,0.31409794092178345,0.8611111111111112
synthetic_d030_x+7.77_y-12.42_s3,30.0,7.767790005723492,-12.418273920846806,3,60.0,4,3,verified,15,17,0.8823529411764706,0.6013797199399767,0.0,0.0,0.9087849028669208,True,0.1963614821434021,11.781688928604126,False,-7,-5,0.45868288100845994,loftr+magsac++,,0.31409794092178345,0.8611111111111112
synthetic_d030_x+7.77_y-12.42_s3,30.0,7.767790005723492,-12.418273920846806,3,60.0,4,4,verified,18,21,0.8571428571428571,0.5626705731607264,0.0,0.0,0.8494997815909546,True,0.1825771927833557,10.954631567001343,False,-7,-5,0.45868288100845994,loftr+magsac++,,0.31409794092178345,0.8611111111111112
synthetic_d030_x+7.77_y-12.42_s3,30.0,7.767790005723492,-12.418273920846806,3,60.0,4,5,verified,9,17,0.5294117647058824,0.9532127813854205,0.0,0.0,0.9351730780838415,True,0.162221759557724,9.73330557346344,False,-7,-5,0.45868288100845994,loftr+magsac++,,0.31409794092178345,0.8611111111111112
synthetic_d030_x+7.77_y-12.42_s3,30.0,7.767790005723492,-12.418273920846806,3,60.0,4,6,verified,21,23,0.9130434782608695,0.45356501085319156,0.0,0.0,0.8695652754850687,True,0.1318603754043579,7.911622524261475,False,-7,-5,0.45868288100845994,loftr+magsac++,,0.31409794092178345,0.8611111111111112
synthetic_d030_x+7.77_y-12.42_s3,30.0,7.767790005723492,-12.418273920846806,3,60.0,4,7,verified,20,20,1.0,0.6565206085238608,0.0,0.0,0.8653834971777565,True,0.11242134869098663,6.745280921459198,False,-7,-5,0.45868288100845994,loftr+magsac++,,0.31409794092178345,0.8611111111111112
synthetic_d030_x+7.77_y-12.42_s3,30.0,7.767790005723492,-12.418273920846806,3,60.0,5,0,verified,13,16,0.8125,0.6301524030784725,1.0,0.0,0.4256774260163609,True,0.2456376999616623,14.738261997699738,False,-7,-5,0.45868288100845994,loftr+magsac++,,0.31409794092178345,0.8611111111111112
synthetic_d030_x+7.77_y-12.42_s3,30.0,7.767790005723492,-12.418273920846806,3,60.0,5,1,verified,20,23,0.8695652173913043,0.7092334876294937,0.0,0.0,0.8605185908909084,True,0.1787802278995514,10.726813673973083,False,-7,-5,0.45868288100845994,loftr+magsac++,,0.31409794092178345,0.8611111111111112
synthetic_d030_x+7.77_y-12.42_s3,30.0,7.767790005723492,-12.418273920846806,3,60.0,5,2,verified,5,6,0.8333333333333334,0.6922965325534561,0.0,0.0,0.6835766453648594,True,0.17393849790096283,10.43630987405777,False,-7,-5,0.45868288100845994,loftr+magsac++,,0.31409794092178345,0.8611111111111112
synthetic_d030_x+7.77_y-12.42_s3,30.0,7.767790005723492,-12.418273920846806,3,60.0,5,3,verified,16,17,0.9411764705882353,0.6006257079870234,0.0,0.0,0.8056400831022228,True,0.1937054544687271,11.622327268123627,False,-7,-5,0.45868288100845994,loftr+magsac++,,0.31409794092178345,0.8611111111111112
synthetic_d030_x+7.77_y-12.42_s3,30.0,7.767790005723492,-12.418273920846806,3,60.0,5,4,verified,26,28,0.9285714285714286,0.9482098259362717,0.0,0.0,0.8291945315835024,True,0.20512942969799042,12.307765781879425,False,-7,-5,0.45868288100845994,loftr+magsac++,,0.31409794092178345,0.8611111111111112
synthetic_d030_x+7.77_y-12.42_s3,30.0,7.767790005723492,-12.418273920846806,3,60.0,5,5,verified,18,20,0.9,0.4681814716859664,0.0,0.0,0.960985179231501,True,0.19609981775283813,11.765989065170288,False,-7,-5,0.45868288100845994,loftr+magsac++,,0.31409794092178345,0.8611111111111112
synthetic_d030_x+7.77_y-12.42_s3,30.0,7.767790005723492,-12.418273920846806,3,60.0,5,6,verified,11,14,0.7857142857142857,0.8150569572148011,0.0,0.0,0.9163429609733766,True,0.1658773273229599,9.952639639377594,False,-7,-5,0.45868288100845994,loftr+magsac++,,0.31409794092178345,0.8611111111111112
synthetic_d030_x+7.77_y-12.42_s3,30.0,7.767790005723492,-12.418273920846806,3,60.0,5,7,verified,16,17,0.9411764705882353,0.3421381362005253,0.0,0.0,0.8053583683614666,True,0.12727130949497223,7.636278569698334,False,-7,-5,0.45868288100845994,loftr+magsac++,,0.31409794092178345,0.8611111111111112
synthetic_d030_x+7.77_y-12.42_s3,30.0,7.767790005723492,-12.418273920846806,3,60.0,6,0,weak,11,13,0.8461538461538461,0.6437056170269352,-8.0,-4.0,0.7063751815295198,False,0.132924884557724,7.97549307346344,False,-7,-5,0.45868288100845994,loftr+magsac++,,0.31409794092178345,0.8611111111111112
synthetic_d030_x+7.77_y-12.42_s3,30.0,7.767790005723492,-12.418273920846806,3,60.0,6,1,verified,17,21,0.8095238095238095,0.5474713386434923,0.0,0.0,0.9917262021768378,True,0.12261021882295609,7.356613129377365,False,-7,-5,0.45868288100845994,loftr+magsac++,,0.31409794092178345,0.8611111111111112
synthetic_d030_x+7.77_y-12.42_s3,30.0,7.767790005723492,-12.418273920846806,3,60.0,6,2,no_evidence,0,3,0.0,,0.0,1.0,0.7691396695784372,True,0.17667146027088165,10.6002876162529,False,-7,-5,0.45868288100845994,loftr+magsac++,,0.31409794092178345,0.8611111111111112
synthetic_d030_x+7.77_y-12.42_s3,30.0,7.767790005723492,-12.418273920846806,3,60.0,6,3,verified,13,16,0.8125,0.38231381710318896,0.0,0.0,0.9361132783963924,True,0.22216133773326874,13.329680263996124,False,-7,-5,0.45868288100845994,loftr+magsac++,,0.31409794092178345,0.8611111111111112
synthetic_d030_x+7.77_y-12.42_s3,30.0,7.767790005723492,-12.418273920846806,3,60.0,6,4,verified,20,23,0.8695652173913043,0.4667726293082723,0.0,1.0,0.7870199583345803,True,0.24240271747112274,14.544163048267365,False,-7,-5,0.45868288100845994,loftr+magsac++,,0.31409794092178345,0.8611111111111112
synthetic_d030_x+7.77_y-12.42_s3,30.0,7.767790005723492,-12.418273920846806,3,60.0,6,5,verified,18,19,0.9473684210526315,0.4952228745046904,0.0,0.0,0.7862835043331069,True,0.2341025322675705,14.04615193605423,False,-7,-5,0.45868288100845994,loftr+magsac++,,0.31409794092178345,0.8611111111111112
synthetic_d030_x+7.77_y-12.42_s3,30.0,7.767790005723492,-12.418273920846806,3,60.0,6,6,verified,13,14,0.9285714285714286,1.4509666796455656,0.0,0.0,0.7311711108568936,True,0.1982801854610443,11.896811127662659,False,-7,-5,0.45868288100845994,loftr+magsac++,,0.31409794092178345,0.8611111111111112
synthetic_d030_x+7.77_y-12.42_s3,30.0,7.767790005723492,-12.418273920846806,3,60.0,6,7,verified,14,16,0.875,0.9391563289761216,0.0,0.0,0.9374850916790866,True,0.1417318731546402,8.503912389278412,False,-7,-5,0.45868288100845994,loftr+magsac++,,0.31409794092178345,0.8611111111111112
synthetic_d030_x+7.77_y-12.42_s3,30.0,7.767790005723492,-12.418273920846806,3,60.0,7,0,no_evidence,0,0,,,-8.0,13.0,0.7360304367759513,False,0.06248149648308754,3.7488897889852524,False,-7,-5,0.45868288100845994,loftr+magsac++,,0.31409794092178345,0.8611111111111112
synthetic_d030_x+7.77_y-12.42_s3,30.0,7.767790005723492,-12.418273920846806,3,60.0,7,1,weak,6,7,0.8571428571428571,0.658110628709922,0.0,-16.0,0.6114504067645268,False,0.13943754136562347,8.366252481937408,False,-7,-5,0.45868288100845994,loftr+magsac++,,0.31409794092178345,0.8611111111111112
synthetic_d030_x+7.77_y-12.42_s3,30.0,7.767790005723492,-12.418273920846806,3,60.0,7,2,weak,1,1,1.0,0.307100887567042,-2.0,-7.0,0.39058011902579776,False,0.21712726354599,13.0276358127594,False,-7,-5,0.45868288100845994,loftr+magsac++,,0.31409794092178345,0.8611111111111112
synthetic_d030_x+7.77_y-12.42_s3,30.0,7.767790005723492,-12.418273920846806,3,60.0,7,3,weak,1,2,0.5,0.9584083027455335,0.0,0.0,0.5146359065855757,True,0.2664654552936554,15.987927317619324,False,-7,-5,0.45868288100845994,loftr+magsac++,,0.31409794092178345,0.8611111111111112
synthetic_d030_x+7.77_y-12.42_s3,30.0,7.767790005723492,-12.418273920846806,3,60.0,7,4,verified,9,10,0.9,0.4267650143716191,0.0,0.0,0.5507905449261029,True,0.2851075828075409,17.106454968452454,False,-7,-5,0.45868288100845994,loftr+magsac++,,0.31409794092178345,0.8611111111111112
synthetic_d030_x+7.77_y-12.42_s3,30.0,7.767790005723492,-12.418273920846806,3,60.0,7,5,weak,1,3,0.3333333333333333,2.47483876561585,0.0,0.0,0.38617840024824035,True,0.27246469259262085,16.34788155555725,False,-7,-5,0.45868288100845994,loftr+magsac++,,0.31409794092178345,0.8611111111111112
synthetic_d030_x+7.77_y-12.42_s3,30.0,7.767790005723492,-12.418273920846806,3,60.0,7,6,weak,4,4,1.0,0.2476465904784894,0.0,0.0,0.2930460347152465,False,0.22938132286071777,13.762879371643066,False,-7,-5,0.45868288100845994,loftr+magsac++,,0.31409794092178345,0.8611111111111112
synthetic_d030_x+7.77_y-12.42_s3,30.0,7.767790005723492,-12.418273920846806,3,60.0,7,7,verified,3,3,1.0,0.2779099534481906,0.0,0.0,0.6725851992320381,True,0.15841923654079437,9.505154192447662,False,-7,-5,0.45868288100845994,loftr+magsac++,,0.31409794092178345,0.8611111111111112
synthetic_d030_x+18.06_y-9.12_s4,30.0,18.056673266868412,-9.124069366227662,4,60.0,0,0,no_evidence,0,1,0.0,,0.0,0.0,0.43433048746223246,True,0.6576523780822754,39.45914268493652,False,-18,-13,0.4074330076485917,loftr+magsac++,,0.2979211211204529,0.9353574926542605
synthetic_d030_x+18.06_y-9.12_s4,30.0,18.056673266868412,-9.124069366227662,4,60.0,0,1,verified,9,9,1.0,0.7155099264311673,0.0,0.0,0.855030876815234,True,0.5406231880187988,32.43739128112793,False,-18,-13,0.4074330076485917,loftr+magsac++,,0.2979211211204529,0.9353574926542605
synthetic_d030_x+18.06_y-9.12_s4,30.0,18.056673266868412,-9.124069366227662,4,60.0,0,2,verified,8,11,0.7272727272727273,1.3903362474433918,0.0,0.0,0.890165552767404,True,0.43665897846221924,26.199538707733154,False,-18,-13,0.4074330076485917,loftr+magsac++,,0.2979211211204529,0.9353574926542605
synthetic_d030_x+18.06_y-9.12_s4,30.0,18.056673266868412,-9.124069366227662,4,60.0,0,3,verified,10,10,1.0,0.5137039960675391,0.0,0.0,0.9322242561947476,True,0.34668493270874023,20.801095962524414,False,-18,-13,0.4074330076485917,loftr+magsac++,,0.2979211211204529,0.9353574926542605
synthetic_d030_x+18.06_y-9.12_s4,30.0,18.056673266868412,-9.124069366227662,4,60.0,0,4,verified,11,15,0.7333333333333333,0.28016960260424434,0.0,0.0,0.8500869941741729,True,0.27114441990852356,16.268665194511414,False,-18,-13,0.4074330076485917,loftr+magsac++,,0.2979211211204529,0.9353574926542605
synthetic_d030_x+18.06_y-9.12_s4,30.0,18.056673266868412,-9.124069366227662,4,60.0,0,5,verified,18,18,1.0,0.33826097386518406,0.0,0.0,0.8478038372059746,True,0.2115149348974228,12.690896093845367,False,-18,-13,0.4074330076485917,loftr+magsac++,,0.2979211211204529,0.9353574926542605
synthetic_d030_x+18.06_y-9.12_s4,30.0,18.056673266868412,-9.124069366227662,4,60.0,0,6,verified,23,24,0.9583333333333334,0.36484649476761316,0.0,0.0,0.8578212352669812,True,0.1685713231563568,10.114279389381409,False,-18,-13,0.4074330076485917,loftr+magsac++,,0.2979211211204529,0.9353574926542605
synthetic_d030_x+18.06_y-9.12_s4,30.0,18.056673266868412,-9.124069366227662,4,60.0,0,7,verified,9,10,0.9,0.2083188720655136,0.0,0.0,0.8839757807357697,True,0.14235417544841766,8.54125052690506,False,-18,-13,0.4074330076485917,loftr+magsac++,,0.2979211211204529,0.9353574926542605
synthetic_d030_x+18.06_y-9.12_s4,30.0,18.056673266868412,-9.124069366227662,4,60.0,1,0,no_evidence,0,0,,,0.0,0.0,0.43033392907128776,True,0.5385111570358276,32.31066942214966,False,-18,-13,0.4074330076485917,loftr+magsac++,,0.2979211211204529,0.9353574926542605
synthetic_d030_x+18.06_y-9.12_s4,30.0,18.056673266868412,-9.124069366227662,4,60.0,1,1,no_evidence,0,2,0.0,,0.0,0.0,0.7179378531895011,True,0.4315548539161682,25.893291234970093,False,-18,-13,0.4074330076485917,loftr+magsac++,,0.2979211211204529,0.9353574926542605
synthetic_d030_x+18.06_y-9.12_s4,30.0,18.056673266868412,-9.124069366227662,4,60.0,1,2,verified,20,22,0.9090909090909091,0.6611536100081872,0.0,0.0,0.9423028293065968,True,0.3364495635032654,20.186973810195923,False,-18,-13,0.4074330076485917,loftr+magsac++,,0.2979211211204529,0.9353574926542605
synthetic_d030_x+18.06_y-9.12_s4,30.0,18.056673266868412,-9.124069366227662,4,60.0,1,3,verified,25,26,0.9615384615384616,0.33620242490561797,0.0,0.0,0.9718888400115054,True,0.25362449884414673,15.217469930648804,False,-18,-13,0.4074330076485917,loftr+magsac++,,0.2979211211204529,0.9353574926542605
synthetic_d030_x+18.06_y-9.12_s4,30.0,18.056673266868412,-9.124069366227662,4,60.0,1,4,verified,27,28,0.9642857142857143,0.37650591168073233,0.0,0.0,0.8859383591015865,True,0.18280838429927826,10.968503057956696,False,-18,-13,0.4074330076485917,loftr+magsac++,,0.2979211211204529,0.9353574926542605
synthetic_d030_x+18.06_y-9.12_s4,30.0,18.056673266868412,-9.124069366227662,4,60.0,1,5,verified,30,31,0.967741935483871,0.2730503284209401,0.0,0.0,0.8684317087329428,True,0.12467961758375168,7.480777055025101,False,-18,-13,0.4074330076485917,loftr+magsac++,,0.2979211211204529,0.9353574926542605
synthetic_d030_x+18.06_y-9.12_s4,30.0,18.056673266868412,-9.124069366227662,4,60.0,1,6,verified,25,26,0.9615384615384616,0.22774552846839594,0.0,0.0,0.8364176663143814,True,0.0797315388917923,4.783892333507538,False,-18,-13,0.4074330076485917,loftr+magsac++,,0.2979211211204529,0.9353574926542605
synthetic_d030_x+18.06_y-9.12_s4,30.0,18.056673266868412,-9.124069366227662,4,60.0,1,7,verified,14,16,0.875,0.12656290836436845,0.0,0.0,0.8682688693365753,True,0.05068770423531532,3.0412622541189194,False,-18,-13,0.4074330076485917,loftr+magsac++,,0.2979211211204529,0.9353574926542605
synthetic_d030_x+18.06_y-9.12_s4,30.0,18.056673266868412,-9.124069366227662,4,60.0,2,0,no_evidence,0,0,,,-18.0,18.0,0.5290338631267941,False,0.4574466049671173,27.44679629802704,False,-18,-13,0.4074330076485917,loftr+magsac++,,0.2979211211204529,0.9353574926542605
synthetic_d030_x+18.06_y-9.12_s4,30.0,18.056673266868412,-9.124069366227662,4,60.0,2,1,weak,2,3,0.6666666666666666,0.9748573124114859,0.0,0.0,0.9033228504435799,True,0.3663291931152344,21.979751586914062,False,-18,-13,0.4074330076485917,loftr+magsac++,,0.2979211211204529,0.9353574926542605
synthetic_d030_x+18.06_y-9.12_s4,30.0,18.056673266868412,-9.124069366227662,4,60.0,2,2,verified,3,3,1.0,0.5689413030944239,0.0,0.0,0.6984691685937808,True,0.2878210246562958,17.269261479377747,False,-18,-13,0.4074330076485917,loftr+magsac++,,0.2979211211204529,0.9353574926542605
synthetic_d030_x+18.06_y-9.12_s4,30.0,18.056673266868412,-9.124069366227662,4,60.0,2,3,verified,26,27,0.9629629629629629,0.3037054847583127,0.0,0.0,0.9479962671328972,True,0.2227746844291687,13.366481065750122,False,-18,-13,0.4074330076485917,loftr+magsac++,,0.2979211211204529,0.9353574926542605
synthetic_d030_x+18.06_y-9.12_s4,30.0,18.056673266868412,-9.124069366227662,4,60.0,2,4,verified,18,20,0.9,0.24570792017068915,0.0,0.0,0.9526090080937045,True,0.17166012525558472,10.299607515335083,False,-18,-13,0.4074330076485917,loftr+magsac++,,0.2979211211204529,0.9353574926542605
synthetic_d030_x+18.06_y-9.12_s4,30.0,18.056673266868412,-9.124069366227662,4,60.0,2,5,verified,28,28,1.0,0.2393770040358683,0.0,0.0,0.8892614175752183,True,0.13574877381324768,8.14492642879486,False,-18,-13,0.4074330076485917,loftr+magsac++,,0.2979211211204529,0.9353574926542605
synthetic_d030_x+18.06_y-9.12_s4,30.0,18.056673266868412,-9.124069366227662,4,60.0,2,6,verified,33,35,0.9428571428571428,0.16622929286798607,0.0,0.0,0.863534949177112,True,0.1150984913110733,6.905909478664398,False,-18,-13,0.4074330076485917,loftr+magsac++,,0.2979211211204529,0.9353574926542605
synthetic_d030_x+18.06_y-9.12_s4,30.0,18.056673266868412,-9.124069366227662,4,60.0,2,7,verified,18,19,0.9473684210526315,0.11810273552826432,0.0,0.0,0.867607093200973,True,0.10798968374729156,6.479381024837494,False,-18,-13,0.4074330076485917,loftr+magsac++,,0.2979211211204529,0.9353574926542605
synthetic_d030_x+18.06_y-9.12_s4,30.0,18.056673266868412,-9.124069366227662,4,60.0,3,0,weak,10,10,1.0,0.40918598807166406,-17.0,-7.0,0.7158697757031411,False,0.40940964221954346,24.564578533172607,False,-18,-13,0.4074330076485917,loftr+magsac++,,0.2979211211204529,0.9353574926542605
synthetic_d030_x+18.06_y-9.12_s4,30.0,18.056673266868412,-9.124069366227662,4,60.0,3,1,verified,20,22,0.9090909090909091,0.3863304910769034,0.0,0.0,0.8367673146446465,True,0.3378414809703827,20.27048885822296,False,-18,-13,0.4074330076485917,loftr+magsac++,,0.2979211211204529,0.9353574926542605
synthetic_d030_x+18.06_y-9.12_s4,30.0,18.056673266868412,-9.124069366227662,4,60.0,3,2,verified,11,11,1.0,0.6664067442519428,0.0,0.0,0.8656750289960231,True,0.2799172103404999,16.795032620429993,False,-18,-13,0.4074330076485917,loftr+magsac++,,0.2979211211204529,0.9353574926542605
synthetic_d030_x+18.06_y-9.12_s4,30.0,18.056673266868412,-9.124069366227662,4,60.0,3,3,verified,14,18,0.7777777777777778,0.18166931168512884,0.0,0.0,0.8357554810265705,True,0.23599962890148163,14.159977734088898,False,-18,-13,0.4074330076485917,loftr+magsac++,,0.2979211211204529,0.9353574926542605
synthetic_d030_x+18.06_y-9.12_s4,30.0,18.056673266868412,-9.124069366227662,4,60.0,3,4,verified,15,15,1.0,0.734704163582723,0.0,0.0,0.8327745012121653,True,0.2053569108247757,12.321414649486542,False,-18,-13,0.4074330076485917,loftr+magsac++,,0.2979211211204529,0.9353574926542605
synthetic_d030_x+18.06_y-9.12_s4,30.0,18.056673266868412,-9.124069366227662,4,60.0,3,5,verified,18,18,1.0,0.3205452784233371,0.0,0.0,0.9149824290710631,True,0.18671277165412903,11.202766299247742,False,-18,-13,0.4074330076485917,loftr+magsac++,,0.2979211211204529,0.9353574926542605
synthetic_d030_x+18.06_y-9.12_s4,30.0,18.056673266868412,-9.124069366227662,4,60.0,3,6,verified,28,28,1.0,0.1818517085343191,0.0,0.0,0.8381882232242505,True,0.1776944249868393,10.661665499210358,False,-18,-13,0.4074330076485917,loftr+magsac++,,0.2979211211204529,0.9353574926542605
synthetic_d030_x+18.06_y-9.12_s4,30.0,18.056673266868412,-9.124069366227662,4,60.0,3,7,verified,18,19,0.9473684210526315,0.1856905976349245,0.0,0.0,0.8665135250737781,True,0.1762974113225937,10.577844679355621,False,-18,-13,0.4074330076485917,loftr+magsac++,,0.2979211211204529,0.9353574926542605
synthetic_d030_x+18.06_y-9.12_s4,30.0,18.056673266868412,-9.124069366227662,4,60.0,4,0,weak,6,6,1.0,1.2232622638172685,0.0,0.0,0.2867859188791183,False,0.3815843462944031,22.895060777664185,False,-18,-13,0.4074330076485917,loftr+magsac++,,0.2979211211204529,0.9353574926542605
synthetic_d030_x+18.06_y-9.12_s4,30.0,18.056673266868412,-9.124069366227662,4,60.0,4,1,verified,14,15,0.9333333333333333,0.47626742213906703,0.0,0.0,0.8578329605159913,True,0.32821616530418396,19.692969918251038,False,-18,-13,0.4074330076485917,loftr+magsac++,,0.2979211211204529,0.9353574926542605
synthetic_d030_x+18.06_y-9.12_s4,30.0,18.056673266868412,-9.124069366227662,4,60.0,4,2,verified,6,8,0.75,0.9363729261513624,0.0,0.0,0.8592106825988226,True,0.2872813045978546,17.236878275871277,False,-18,-13,0.4074330076485917,loftr+magsac++,,0.2979211211204529,0.9353574926542605
synthetic_d030_x+18.06_y-9.12_s4,30.0,18.056673266868412,-9.124069366227662,4,60.0,4,3,verified,20,20,1.0,0.2606097122479577,0.0,0.0,0.91358750914547,True,0.2577807605266571,15.466845631599426,False,-18,-13,0.4074330076485917,loftr+magsac++,,0.2979211211204529,0.9353574926542605
synthetic_d030_x+18.06_y-9.12_s4,30.0,18.056673266868412,-9.124069366227662,4,60.0,4,4,verified,32,32,1.0,0.2306422597771644,0.0,0.0,0.8403183528759162,True,0.23786209523677826,14.271725714206696,False,-18,-13,0.4074330076485917,loftr+magsac++,,0.2979211211204529,0.9353574926542605
synthetic_d030_x+18.06_y-9.12_s4,30.0,18.056673266868412,-9.124069366227662,4,60.0,4,5,verified,16,18,0.8888888888888888,0.286479382801356,0.0,0.0,0.9363895692262314,True,0.22586651146411896,13.551990687847137,False,-18,-13,0.4074330076485917,loftr+magsac++,,0.2979211211204529,0.9353574926542605
synthetic_d030_x+18.06_y-9.12_s4,30.0,18.056673266868412,-9.124069366227662,4,60.0,4,6,verified,35,35,1.0,0.28302549883795497,0.0,0.0,0.8673156888868083,True,0.22051870822906494,13.231122493743896,False,-18,-13,0.4074330076485917,loftr+magsac++,,0.2979211211204529,0.9353574926542605
synthetic_d030_x+18.06_y-9.12_s4,30.0,18.056673266868412,-9.124069366227662,4,60.0,4,7,verified,22,22,1.0,0.26796250042229064,0.0,0.0,0.8636941076129449,True,0.22187410295009613,13.312446177005768,False,-18,-13,0.4074330076485917,loftr+magsac++,,0.2979211211204529,0.9353574926542605
synthetic_d030_x+18.06_y-9.12_s4,30.0,18.056673266868412,-9.124069366227662,4,60.0,5,0,verified,12,12,1.0,0.5217751043962069,1.0,0.0,0.40664008349431535,True,0.3594226837158203,21.56536102294922,False,-18,-13,0.4074330076485917,loftr+magsac++,,0.2979211211204529,0.9353574926542605
synthetic_d030_x+18.06_y-9.12_s4,30.0,18.056673266868412,-9.124069366227662,4,60.0,5,1,verified,21,21,1.0,1.1304732873059153,0.0,0.0,0.8526643620273606,True,0.31945061683654785,19.16703701019287,False,-18,-13,0.4074330076485917,loftr+magsac++,,0.2979211211204529,0.9353574926542605
synthetic_d030_x+18.06_y-9.12_s4,30.0,18.056673266868412,-9.124069366227662,4,60.0,5,2,no_evidence,0,3,0.0,,0.0,0.0,0.6859049375144541,True,0.2891041338443756,17.346248030662537,False,-18,-13,0.4074330076485917,loftr+magsac++,,0.2979211211204529,0.9353574926542605
synthetic_d030_x+18.06_y-9.12_s4,30.0,18.056673266868412,-9.124069366227662,4,60.0,5,3,verified,11,13,0.8461538461538461,0.4829582676387085,0.0,0.0,0.8038930846976534,True,0.2668749988079071,16.012499928474426,False,-18,-13,0.4074330076485917,loftr+magsac++,,0.2979211211204529,0.9353574926542605
synthetic_d030_x+18.06_y-9.12_s4,30.0,18.056673266868412,-9.124069366227662,4,60.0,5,4,verified,31,32,0.96875,0.2885373095163042,0.0,0.0,0.8294958286945614,True,0.2512705326080322,15.076231956481934,False,-18,-13,0.4074330076485917,loftr+magsac++,,0.2979211211204529,0.9353574926542605
synthetic_d030_x+18.06_y-9.12_s4,30.0,18.056673266868412,-9.124069366227662,4,60.0,5,5,verified,28,30,0.9333333333333333,0.15385756568269476,0.0,0.0,0.9612270981488734,True,0.24177363514900208,14.506418108940125,False,-18,-13,0.4074330076485917,loftr+magsac++,,0.2979211211204529,0.9353574926542605
synthetic_d030_x+18.06_y-9.12_s4,30.0,18.056673266868412,-9.124069366227662,4,60.0,5,6,verified,31,33,0.9393939393939394,0.3116147141534301,0.0,0.0,0.9155564547424028,True,0.2389332801103592,14.335996806621552,False,-18,-13,0.4074330076485917,loftr+magsac++,,0.2979211211204529,0.9353574926542605
synthetic_d030_x+18.06_y-9.12_s4,30.0,18.056673266868412,-9.124069366227662,4,60.0,5,7,verified,21,22,0.9545454545454546,0.37668120750920453,0.0,0.0,0.7892173472594343,True,0.2447376698255539,14.684260189533234,False,-18,-13,0.4074330076485917,loftr+magsac++,,0.2979211211204529,0.9353574926542605
synthetic_d030_x+18.06_y-9.12_s4,30.0,18.056673266868412,-9.124069366227662,4,60.0,6,0,weak,11,11,1.0,0.25244212115885667,-18.0,-15.0,0.7384711052597505,False,0.3312022089958191,19.872132539749146,False,-18,-13,0.4074330076485917,loftr+magsac++,,0.2979211211204529,0.9353574926542605
synthetic_d030_x+18.06_y-9.12_s4,30.0,18.056673266868412,-9.124069366227662,4,60.0,6,1,verified,9,11,0.8181818181818182,0.31402643433531935,0.0,0.0,0.9914063668752342,True,0.29928529262542725,17.957117557525635,False,-18,-13,0.4074330076485917,loftr+magsac++,,0.2979211211204529,0.9353574926542605
synthetic_d030_x+18.06_y-9.12_s4,30.0,18.056673266868412,-9.124069366227662,4,60.0,6,2,weak,2,3,0.6666666666666666,1.3843182546964283,0.0,0.0,0.7668901734775327,True,0.2740313410758972,16.441880464553833,False,-18,-13,0.4074330076485917,loftr+magsac++,,0.2979211211204529,0.9353574926542605
synthetic_d030_x+18.06_y-9.12_s4,30.0,18.056673266868412,-9.124069366227662,4,60.0,6,3,verified,14,15,0.9333333333333333,0.4098227055967293,0.0,0.0,0.9343111430022845,True,0.2543962299823761,15.263773798942566,False,-18,-13,0.4074330076485917,loftr+magsac++,,0.2979211211204529,0.9353574926542605
synthetic_d030_x+18.06_y-9.12_s4,30.0,18.056673266868412,-9.124069366227662,4,60.0,6,4,verified,27,30,0.9,0.6492329179914029,0.0,0.0,0.7946154662175207,True,0.2401461899280548,14.408771395683289,False,-18,-13,0.4074330076485917,loftr+magsac++,,0.2979211211204529,0.9353574926542605
synthetic_d030_x+18.06_y-9.12_s4,30.0,18.056673266868412,-9.124069366227662,4,60.0,6,5,verified,20,22,0.9090909090909091,0.24498166295280793,0.0,0.0,0.775162928327596,True,0.23262900114059448,13.957740068435669,False,-18,-13,0.4074330076485917,loftr+magsac++,,0.2979211211204529,0.9353574926542605
synthetic_d030_x+18.06_y-9.12_s4,30.0,18.056673266868412,-9.124069366227662,4,60.0,6,6,verified,16,17,0.9411764705882353,0.42449070646345205,0.0,0.0,0.7284012156989194,True,0.23452705144882202,14.071623086929321,False,-18,-13,0.4074330076485917,loftr+magsac++,,0.2979211211204529,0.9353574926542605
synthetic_d030_x+18.06_y-9.12_s4,30.0,18.056673266868412,-9.124069366227662,4,60.0,6,7,verified,23,23,1.0,0.3018831468059398,0.0,0.0,0.917819614540396,True,0.24949049949645996,14.969429969787598,False,-18,-13,0.4074330076485917,loftr+magsac++,,0.2979211211204529,0.9353574926542605
synthetic_d030_x+18.06_y-9.12_s4,30.0,18.056673266868412,-9.124069366227662,4,60.0,7,0,weak,2,2,1.0,0.9529676706923106,-18.0,9.0,0.7922213904090001,False,0.28959882259368896,17.375929355621338,False,-18,-13,0.4074330076485917,loftr+magsac++,,0.2979211211204529,0.9353574926542605
synthetic_d030_x+18.06_y-9.12_s4,30.0,18.056673266868412,-9.124069366227662,4,60.0,7,1,weak,9,9,1.0,0.2130168925311775,0.0,-18.0,0.6561082702741438,False,0.2610451877117157,15.662711262702942,False,-18,-13,0.4074330076485917,loftr+magsac++,,0.2979211211204529,0.9353574926542605
synthetic_d030_x+18.06_y-9.12_s4,30.0,18.056673266868412,-9.124069366227662,4,60.0,7,2,weak,1,1,1.0,1.3939051481486757,-2.0,-10.0,0.3593917053759679,False,0.2367105633020401,14.202633798122406,False,-18,-13,0.4074330076485917,loftr+magsac++,,0.2979211211204529,0.9353574926542605
synthetic_d030_x+18.06_y-9.12_s4,30.0,18.056673266868412,-9.124069366227662,4,60.0,7,3,weak,2,4,0.5,0.719582271237214,0.0,0.0,0.5031050637690005,True,0.21683205664157867,13.00992339849472,False,-18,-13,0.4074330076485917,loftr+magsac++,,0.2979211211204529,0.9353574926542605
synthetic_d030_x+18.06_y-9.12_s4,30.0,18.056673266868412,-9.124069366227662,4,60.0,7,4,verified,10,10,1.0,0.16086247853177255,0.0,0.0,0.558667148518886,True,0.20338881015777588,12.203328609466553,False,-18,-13,0.4074330076485917,loftr+magsac++,,0.2979211211204529,0.9353574926542605
synthetic_d030_x+18.06_y-9.12_s4,30.0,18.056673266868412,-9.124069366227662,4,60.0,7,5,verified,5,7,0.7142857142857143,1.060214976566397,0.0,0.0,0.34474376965551107,True,0.2007434070110321,12.044604420661926,False,-18,-13,0.4074330076485917,loftr+magsac++,,0.2979211211204529,0.9353574926542605
synthetic_d030_x+18.06_y-9.12_s4,30.0,18.056673266868412,-9.124069366227662,4,60.0,7,6,verified,5,5,1.0,0.288606161037598,0.0,0.0,0.36403723225150336,True,0.21394751965999603,12.836851179599762,False,-18,-13,0.4074330076485917,loftr+magsac++,,0.2979211211204529,0.9353574926542605
synthetic_d030_x+18.06_y-9.12_s4,30.0,18.056673266868412,-9.124069366227662,4,60.0,7,7,weak,2,4,0.5,0.44640560500512305,0.0,0.0,0.6675621363867738,True,0.24653172492980957,14.791903495788574,False,-18,-13,0.4074330076485917,loftr+magsac++,,0.2979211211204529,0.9353574926542605
synthetic_d045_x+12.37_y-8.63_s0,45.0,12.37,-8.63,0,60.0,0,0,no_evidence,0,0,,,3.0,3.0,0.3331388849735363,False,4.551109313964844,273.0665588378906,False,-10,-9,0.4103528165704129,loftr+magsac++,,1.5327129364013672,0.6316916488222698
synthetic_d045_x+12.37_y-8.63_s0,45.0,12.37,-8.63,0,60.0,0,1,no_evidence,0,1,0.0,,1.0,0.0,0.6442658470675329,True,3.5927982330322266,215.5678939819336,False,-10,-9,0.4103528165704129,loftr+magsac++,,1.5327129364013672,0.6316916488222698
synthetic_d045_x+12.37_y-8.63_s0,45.0,12.37,-8.63,0,60.0,0,2,no_evidence,0,5,0.0,,0.0,0.0,0.7221195197981848,True,2.7599639892578125,165.59783935546875,False,-10,-9,0.4103528165704129,loftr+magsac++,,1.5327129364013672,0.6316916488222698
synthetic_d045_x+12.37_y-8.63_s0,45.0,12.37,-8.63,0,60.0,0,3,weak,1,2,0.5,0.9389196670426603,0.0,0.0,0.8383254095321587,True,2.0557291507720947,123.34374904632568,False,-10,-9,0.4103528165704129,loftr+magsac++,,1.5327129364013672,0.6316916488222698
synthetic_d045_x+12.37_y-8.63_s0,45.0,12.37,-8.63,0,60.0,0,4,no_evidence,0,4,0.0,,0.0,1.0,0.6279019062777854,True,1.477683186531067,88.66099119186401,False,-10,-9,0.4103528165704129,loftr+magsac++,,1.5327129364013672,0.6316916488222698
synthetic_d045_x+12.37_y-8.63_s0,45.0,12.37,-8.63,0,60.0,0,5,no_evidence,0,2,0.0,,0.0,1.0,0.6335355828935426,True,1.0359015464782715,62.15409278869629,False,-10,-9,0.4103528165704129,loftr+magsac++,,1.5327129364013672,0.6316916488222698
synthetic_d045_x+12.37_y-8.63_s0,45.0,12.37,-8.63,0,60.0,0,6,verified,6,12,0.5,1.7490202279928901,0.0,1.0,0.6136259818327422,True,0.7478090524673462,44.86854314804077,False,-10,-9,0.4103528165704129,loftr+magsac++,,1.5327129364013672,0.6316916488222698
synthetic_d045_x+12.37_y-8.63_s0,45.0,12.37,-8.63,0,60.0,0,7,verified,4,7,0.5714285714285714,1.4270613528062206,-1.0,0.0,0.6988983073584145,True,0.6488805413246155,38.93283247947693,False,-10,-9,0.4103528165704129,loftr+magsac++,,1.5327129364013672,0.6316916488222698
synthetic_d045_x+12.37_y-8.63_s0,45.0,12.37,-8.63,0,60.0,1,0,no_evidence,0,1,0.0,,0.0,-1.0,0.4426030653491369,True,3.5540173053741455,213.24103832244873,False,-10,-9,0.4103528165704129,loftr+magsac++,,1.5327129364013672,0.6316916488222698
synthetic_d045_x+12.37_y-8.63_s0,45.0,12.37,-8.63,0,60.0,1,1,no_evidence,0,2,0.0,,1.0,0.0,0.40332321800773635,True,2.6687488555908203,160.12493133544922,False,-10,-9,0.4103528165704129,loftr+magsac++,,1.5327129364013672,0.6316916488222698
synthetic_d045_x+12.37_y-8.63_s0,45.0,12.37,-8.63,0,60.0,1,2,weak,1,4,0.25,1.5405953346187002,0.0,0.0,0.8612325098223231,True,1.9124646186828613,114.74787712097168,False,-10,-9,0.4103528165704129,loftr+magsac++,,1.5327129364013672,0.6316916488222698
synthetic_d045_x+12.37_y-8.63_s0,45.0,12.37,-8.63,0,60.0,1,3,weak,5,13,0.38461538461538464,0.7819452007449865,0.0,0.0,0.9333699483620248,True,1.2949273586273193,77.69564151763916,False,-10,-9,0.4103528165704129,loftr+magsac++,,1.5327129364013672,0.6316916488222698
synthetic_d045_x+12.37_y-8.63_s0,45.0,12.37,-8.63,0,60.0,1,4,verified,13,19,0.6842105263157895,1.7730572452251616,0.0,0.0,0.7532429183857946,True,0.8316493034362793,49.89895820617676,False,-10,-9,0.4103528165704129,loftr+magsac++,,1.5327129364013672,0.6316916488222698
synthetic_d045_x+12.37_y-8.63_s0,45.0,12.37,-8.63,0,60.0,1,5,verified,18,23,0.782608695652174,1.6448265117631171,0.0,0.0,0.6646991125783587,True,0.5817747116088867,34.9064826965332,False,-10,-9,0.4103528165704129,loftr+magsac++,,1.5327129364013672,0.6316916488222698
synthetic_d045_x+12.37_y-8.63_s0,45.0,12.37,-8.63,0,60.0,1,6,verified,13,16,0.8125,1.0152721759896934,0.0,0.0,0.5775426279715378,True,0.5837539434432983,35.0252366065979,False,-10,-9,0.4103528165704129,loftr+magsac++,,1.5327129364013672,0.6316916488222698
synthetic_d045_x+12.37_y-8.63_s0,45.0,12.37,-8.63,0,60.0,1,7,verified,8,9,0.8888888888888888,1.1664252306948417,-1.0,-1.0,0.6568891922962817,True,0.7283167839050293,43.69900703430176,False,-10,-9,0.4103528165704129,loftr+magsac++,,1.5327129364013672,0.6316916488222698
synthetic_d045_x+12.37_y-8.63_s0,45.0,12.37,-8.63,0,60.0,2,0,no_evidence,0,1,0.0,,-10.0,-14.0,0.5162275551540253,False,2.666153907775879,159.96923446655273,False,-10,-9,0.4103528165704129,loftr+magsac++,,1.5327129364013672,0.6316916488222698
synthetic_d045_x+12.37_y-8.63_s0,45.0,12.37,-8.63,0,60.0,2,1,weak,1,1,1.0,2.927009975504447,0.0,0.0,0.7938313658264293,True,1.8566006422042847,111.39603853225708,False,-10,-9,0.4103528165704129,loftr+magsac++,,1.5327129364013672,0.6316916488222698
synthetic_d045_x+12.37_y-8.63_s0,45.0,12.37,-8.63,0,60.0,2,2,weak,1,2,0.5,1.9110138115025168,0.0,17.0,0.522139954741899,False,1.1819673776626587,70.91804265975952,False,-10,-9,0.4103528165704129,loftr+magsac++,,1.5327129364013672,0.6316916488222698
synthetic_d045_x+12.37_y-8.63_s0,45.0,12.37,-8.63,0,60.0,2,3,verified,8,10,0.8,1.1066686528578993,0.0,0.0,0.8870213800542984,True,0.6729925870895386,40.379555225372314,False,-10,-9,0.4103528165704129,loftr+magsac++,,1.5327129364013672,0.6316916488222698
synthetic_d045_x+12.37_y-8.63_s0,45.0,12.37,-8.63,0,60.0,2,4,verified,8,12,0.6666666666666666,1.794958661950194,0.0,0.0,0.8928958813597452,True,0.43311914801597595,25.987148880958557,False,-10,-9,0.4103528165704129,loftr+magsac++,,1.5327129364013672,0.6316916488222698
synthetic_d045_x+12.37_y-8.63_s0,45.0,12.37,-8.63,0,60.0,2,5,verified,11,13,0.8461538461538461,1.051476296150761,0.0,0.0,0.7316456563409885,True,0.5397582054138184,32.3854923248291,False,-10,-9,0.4103528165704129,loftr+magsac++,,1.5327129364013672,0.6316916488222698
synthetic_d045_x+12.37_y-8.63_s0,45.0,12.37,-8.63,0,60.0,2,6,weak,6,15,0.4,1.1905765571502838,0.0,0.0,0.6639938168018206,True,0.738975465297699,44.33852791786194,False,-10,-9,0.4103528165704129,loftr+magsac++,,1.5327129364013672,0.6316916488222698
synthetic_d045_x+12.37_y-8.63_s0,45.0,12.37,-8.63,0,60.0,2,7,verified,3,5,0.6,1.317272752565331,-1.0,-1.0,0.669265526859017,True,0.9147700071334839,54.88620042800903,False,-10,-9,0.4103528165704129,loftr+magsac++,,1.5327129364013672,0.6316916488222698
synthetic_d045_x+12.37_y-8.63_s0,45.0,12.37,-8.63,0,60.0,3,0,weak,4,4,1.0,1.5245652375113747,-11.0,-7.0,0.7542764287609948,False,1.8909978866577148,113.45987319946289,False,-10,-9,0.4103528165704129,loftr+magsac++,,1.5327129364013672,0.6316916488222698
synthetic_d045_x+12.37_y-8.63_s0,45.0,12.37,-8.63,0,60.0,3,1,weak,2,5,0.4,1.9551855389391835,0.0,0.0,0.7069435824560775,True,1.161109209060669,69.66655254364014,False,-10,-9,0.4103528165704129,loftr+magsac++,,1.5327129364013672,0.6316916488222698
synthetic_d045_x+12.37_y-8.63_s0,45.0,12.37,-8.63,0,60.0,3,2,weak,1,3,0.3333333333333333,0.5006524428518321,0.0,0.0,0.7079660118555223,True,0.5838322639465332,35.02993583679199,False,-10,-9,0.4103528165704129,loftr+magsac++,,1.5327129364013672,0.6316916488222698
synthetic_d045_x+12.37_y-8.63_s0,45.0,12.37,-8.63,0,60.0,3,3,weak,1,2,0.5,2.5016485356584663,0.0,0.0,0.628666229412239,True,0.3199828565120697,19.198971390724182,False,-10,-9,0.4103528165704129,loftr+magsac++,,1.5327129364013672,0.6316916488222698
synthetic_d045_x+12.37_y-8.63_s0,45.0,12.37,-8.63,0,60.0,3,4,verified,6,9,0.6666666666666666,1.874376021692295,0.0,0.0,0.5718556010445214,True,0.51592618227005,30.955570936203003,False,-10,-9,0.4103528165704129,loftr+magsac++,,1.5327129364013672,0.6316916488222698
synthetic_d045_x+12.37_y-8.63_s0,45.0,12.37,-8.63,0,60.0,3,5,verified,8,8,1.0,1.5522316457144276,-1.0,0.0,0.8109860792702778,True,0.7589642405509949,45.53785443305969,False,-10,-9,0.4103528165704129,loftr+magsac++,,1.5327129364013672,0.6316916488222698
synthetic_d045_x+12.37_y-8.63_s0,45.0,12.37,-8.63,0,60.0,3,6,verified,11,14,0.7857142857142857,1.5679655224838644,-1.0,0.0,0.6230223159743123,True,0.9333769083023071,56.00261449813843,False,-10,-9,0.4103528165704129,loftr+magsac++,,1.5327129364013672,0.6316916488222698
synthetic_d045_x+12.37_y-8.63_s0,45.0,12.37,-8.63,0,60.0,3,7,verified,11,12,0.9166666666666666,2.1762486821755687,0.0,0.0,0.6820274903327224,True,1.0438135862350464,62.62881517410278,False,-10,-9,0.4103528165704129,loftr+magsac++,,1.5327129364013672,0.6316916488222698
synthetic_d045_x+12.37_y-8.63_s0,45.0,12.37,-8.63,0,60.0,4,0,weak,2,4,0.5,1.4948782682284683,0.0,0.0,0.2731918157191562,False,1.2186013460159302,73.11608076095581,False,-10,-9,0.4103528165704129,loftr+magsac++,,1.5327129364013672,0.6316916488222698
synthetic_d045_x+12.37_y-8.63_s0,45.0,12.37,-8.63,0,60.0,4,1,weak,6,14,0.42857142857142855,1.5640089379842834,0.0,0.0,0.7162948046814974,True,0.5826839208602905,34.96103525161743,False,-10,-9,0.4103528165704129,loftr+magsac++,,1.5327129364013672,0.6316916488222698
synthetic_d045_x+12.37_y-8.63_s0,45.0,12.37,-8.63,0,60.0,4,2,no_evidence,0,3,0.0,,0.0,0.0,0.7512740466741878,True,0.2532443106174469,15.194658637046814,False,-10,-9,0.4103528165704129,loftr+magsac++,,1.5327129364013672,0.6316916488222698
synthetic_d045_x+12.37_y-8.63_s0,45.0,12.37,-8.63,0,60.0,4,3,weak,2,2,1.0,0.7691433114374029,0.0,0.0,0.7801758433771016,True,0.5110856890678406,30.665141344070435,False,-10,-9,0.4103528165704129,loftr+magsac++,,1.5327129364013672,0.6316916488222698
synthetic_d045_x+12.37_y-8.63_s0,45.0,12.37,-8.63,0,60.0,4,4,verified,12,17,0.7058823529411765,1.0928766266929708,0.0,-1.0,0.6626206476175324,True,0.7896063327789307,47.37637996673584,False,-10,-9,0.4103528165704129,loftr+magsac++,,1.5327129364013672,0.6316916488222698
synthetic_d045_x+12.37_y-8.63_s0,45.0,12.37,-8.63,0,60.0,4,5,verified,6,9,0.6666666666666666,1.9732453347597116,0.0,0.0,0.8433251934304509,True,0.9736483693122864,58.41890215873718,False,-10,-9,0.4103528165704129,loftr+magsac++,,1.5327129364013672,0.6316916488222698
synthetic_d045_x+12.37_y-8.63_s0,45.0,12.37,-8.63,0,60.0,4,6,verified,9,18,0.5,1.6994347835787205,0.0,0.0,0.7075109600527002,True,1.0631675720214844,63.79005432128906,False,-10,-9,0.4103528165704129,loftr+magsac++,,1.5327129364013672,0.6316916488222698
synthetic_d045_x+12.37_y-8.63_s0,45.0,12.37,-8.63,0,60.0,4,7,verified,11,13,0.8461538461538461,1.6622090470168622,-1.0,-1.0,0.721104958359573,True,1.0774811506271362,64.64886903762817,False,-10,-9,0.4103528165704129,loftr+magsac++,,1.5327129364013672,0.6316916488222698
synthetic_d045_x+12.37_y-8.63_s0,45.0,12.37,-8.63,0,60.0,5,0,verified,10,12,0.8333333333333334,1.2567457255049967,1.0,0.0,0.33909831543485935,True,0.6467061638832092,38.802369832992554,False,-10,-9,0.4103528165704129,loftr+magsac++,,1.5327129364013672,0.6316916488222698
synthetic_d045_x+12.37_y-8.63_s0,45.0,12.37,-8.63,0,60.0,5,1,verified,6,12,0.5,2.073049619812834,0.0,0.0,0.6686929339689256,True,0.2541944086551666,15.251664519309998,False,-10,-9,0.4103528165704129,loftr+magsac++,,1.5327129364013672,0.6316916488222698
synthetic_d045_x+12.37_y-8.63_s0,45.0,12.37,-8.63,0,60.0,5,2,no_evidence,0,1,0.0,,0.0,21.0,0.4026389638157901,False,0.5204745531082153,31.22847318649292,False,-10,-9,0.4103528165704129,loftr+magsac++,,1.5327129364013672,0.6316916488222698
synthetic_d045_x+12.37_y-8.63_s0,45.0,12.37,-8.63,0,60.0,5,3,weak,2,3,0.6666666666666666,1.7502841467264534,-1.0,-1.0,0.5764283481658035,True,0.8325414657592773,49.95248794555664,False,-10,-9,0.4103528165704129,loftr+magsac++,,1.5327129364013672,0.6316916488222698
synthetic_d045_x+12.37_y-8.63_s0,45.0,12.37,-8.63,0,60.0,5,4,verified,12,18,0.6666666666666666,1.4860273725961277,-1.0,0.0,0.6515244097998454,True,1.040318489074707,62.41910934448242,False,-10,-9,0.4103528165704129,loftr+magsac++,,1.5327129364013672,0.6316916488222698
synthetic_d045_x+12.37_y-8.63_s0,45.0,12.37,-8.63,0,60.0,5,5,verified,9,10,0.9,1.627998345525653,-1.0,0.0,0.9145480343568264,True,1.1350725889205933,68.1043553352356,False,-10,-9,0.4103528165704129,loftr+magsac++,,1.5327129364013672,0.6316916488222698
synthetic_d045_x+12.37_y-8.63_s0,45.0,12.37,-8.63,0,60.0,5,6,no_evidence,0,6,0.0,,0.0,0.0,0.773871473611927,True,1.1235307455062866,67.4118447303772,False,-10,-9,0.4103528165704129,loftr+magsac++,,1.5327129364013672,0.6316916488222698
synthetic_d045_x+12.37_y-8.63_s0,45.0,12.37,-8.63,0,60.0,5,7,verified,8,10,0.8,1.11537160126397,-1.0,-1.0,0.6010267299083148,True,1.023197889328003,61.391873359680176,False,-10,-9,0.4103528165704129,loftr+magsac++,,1.5327129364013672,0.6316916488222698
synthetic_d045_x+12.37_y-8.63_s0,45.0,12.37,-8.63,0,60.0,6,0,weak,4,5,0.8,0.7416093086785893,-13.0,-11.0,0.6912123522631123,False,0.29532596468925476,17.719557881355286,False,-10,-9,0.4103528165704129,loftr+magsac++,,1.5327129364013672,0.6316916488222698
synthetic_d045_x+12.37_y-8.63_s0,45.0,12.37,-8.63,0,60.0,6,1,weak,1,9,0.1111111111111111,1.1689981380079868,0.0,0.0,0.9793463663266989,True,0.5432301759719849,32.59381055831909,False,-10,-9,0.4103528165704129,loftr+magsac++,,1.5327129364013672,0.6316916488222698
synthetic_d045_x+12.37_y-8.63_s0,45.0,12.37,-8.63,0,60.0,6,2,weak,4,6,0.6666666666666666,1.969394678910272,0.0,7.0,0.7188411553635652,False,0.8900059461593628,53.40035676956177,False,-10,-9,0.4103528165704129,loftr+magsac++,,1.5327129364013672,0.6316916488222698
synthetic_d045_x+12.37_y-8.63_s0,45.0,12.37,-8.63,0,60.0,6,3,weak,5,11,0.45454545454545453,1.1044066508374715,-1.0,0.0,0.8265945596538813,True,1.1347906589508057,68.08743953704834,False,-10,-9,0.4103528165704129,loftr+magsac++,,1.5327129364013672,0.6316916488222698
synthetic_d045_x+12.37_y-8.63_s0,45.0,12.37,-8.63,0,60.0,6,4,verified,14,15,0.9333333333333333,1.5650669726213489,-1.0,1.0,0.4236586941722901,True,1.2609987258911133,75.6599235534668,False,-10,-9,0.4103528165704129,loftr+magsac++,,1.5327129364013672,0.6316916488222698
synthetic_d045_x+12.37_y-8.63_s0,45.0,12.37,-8.63,0,60.0,6,5,weak,5,7,0.7142857142857143,2.136434896224473,-2.0,-2.0,0.59137087273887,False,1.265739917755127,75.94439506530762,False,-10,-9,0.4103528165704129,loftr+magsac++,,1.5327129364013672,0.6316916488222698
synthetic_d045_x+12.37_y-8.63_s0,45.0,12.37,-8.63,0,60.0,6,6,verified,7,9,0.7777777777777778,1.3636373246847229,0.0,0.0,0.5162844055472584,True,1.152700662612915,69.1620397567749,False,-10,-9,0.4103528165704129,loftr+magsac++,,1.5327129364013672,0.6316916488222698
synthetic_d045_x+12.37_y-8.63_s0,45.0,12.37,-8.63,0,60.0,6,7,weak,1,3,0.3333333333333333,0.4993796793992369,-1.0,0.0,0.8434695652558457,True,0.930065393447876,55.80392360687256,False,-10,-9,0.4103528165704129,loftr+magsac++,,1.5327129364013672,0.6316916488222698
synthetic_d045_x+12.37_y-8.63_s0,45.0,12.37,-8.63,0,60.0,7,0,no_evidence,0,0,,,-13.0,9.0,0.7798390791323314,False,0.575086772441864,34.50520634651184,False,-10,-9,0.4103528165704129,loftr+magsac++,,1.5327129364013672,0.6316916488222698
synthetic_d045_x+12.37_y-8.63_s0,45.0,12.37,-8.63,0,60.0,7,1,weak,3,3,1.0,1.3533246001359964,0.0,-18.0,0.6767547707227068,False,0.9636819362640381,57.820916175842285,False,-10,-9,0.4103528165704129,loftr+magsac++,,1.5327129364013672,0.6316916488222698
synthetic_d045_x+12.37_y-8.63_s0,45.0,12.37,-8.63,0,60.0,7,2,no_evidence,0,3,0.0,,-3.0,-10.0,0.36092793330751294,False,1.2584776878356934,75.5086612701416,False,-10,-9,0.4103528165704129,loftr+magsac++,,1.5327129364013672,0.6316916488222698
synthetic_d045_x+12.37_y-8.63_s0,45.0,12.37,-8.63,0,60.0,7,3,weak,1,2,0.5,2.660493955483542,-1.0,0.0,0.5018510622588132,True,1.4347995519638062,86.08797311782837,False,-10,-9,0.4103528165704129,loftr+magsac++,,1.5327129364013672,0.6316916488222698
synthetic_d045_x+12.37_y-8.63_s0,45.0,12.37,-8.63,0,60.0,7,4,weak,2,3,0.6666666666666666,1.6116400873734298,-1.0,0.0,0.5394370127104968,True,1.489148736000061,89.34892416000366,False,-10,-9,0.4103528165704129,loftr+magsac++,,1.5327129364013672,0.6316916488222698
synthetic_d045_x+12.37_y-8.63_s0,45.0,12.37,-8.63,0,60.0,7,5,no_evidence,0,0,,,-1.0,0.0,0.32849089815864574,True,1.4198354482650757,85.19012689590454,False,-10,-9,0.4103528165704129,loftr+magsac++,,1.5327129364013672,0.6316916488222698
synthetic_d045_x+12.37_y-8.63_s0,45.0,12.37,-8.63,0,60.0,7,6,no_evidence,0,0,,,0.0,-12.0,0.26887876590022736,False,1.2296142578125,73.77685546875,False,-10,-9,0.4103528165704129,loftr+magsac++,,1.5327129364013672,0.6316916488222698
synthetic_d045_x+12.37_y-8.63_s0,45.0,12.37,-8.63,0,60.0,7,7,weak,2,3,0.6666666666666666,1.4370779322209235,-1.0,0.0,0.6491304511327525,True,0.9233759641647339,55.40255784988403,False,-10,-9,0.4103528165704129,loftr+magsac++,,1.5327129364013672,0.6316916488222698
synthetic_d045_x+12.88_y-3.85_s1,45.0,12.881859496403079,-3.8544356440887766,1,60.0,0,0,no_evidence,0,0,,,0.0,2.0,0.39010173036742174,True,1.353973150253296,81.23838901519775,False,-13,-12,0.46520465031192926,loftr+magsac++,,1.096425175666809,0.34349030470914127
synthetic_d045_x+12.88_y-3.85_s1,45.0,12.881859496403079,-3.8544356440887766,1,60.0,0,1,weak,2,4,0.5,2.4002739400131645,0.0,0.0,0.6884978664679146,True,1.1647617816925049,69.8857069015503,False,-13,-12,0.46520465031192926,loftr+magsac++,,1.096425175666809,0.34349030470914127
synthetic_d045_x+12.88_y-3.85_s1,45.0,12.881859496403079,-3.8544356440887766,1,60.0,0,2,no_evidence,0,6,0.0,,-1.0,0.0,0.7163722077017076,True,1.007436990737915,60.4462194442749,False,-13,-12,0.46520465031192926,loftr+magsac++,,1.096425175666809,0.34349030470914127
synthetic_d045_x+12.88_y-3.85_s1,45.0,12.881859496403079,-3.8544356440887766,1,60.0,0,3,no_evidence,0,2,0.0,,0.0,1.0,0.8361560571315754,True,0.8933495283126831,53.600971698760986,False,-13,-12,0.46520465031192926,loftr+magsac++,,1.096425175666809,0.34349030470914127
synthetic_d045_x+12.88_y-3.85_s1,45.0,12.881859496403079,-3.8544356440887766,1,60.0,0,4,weak,1,3,0.3333333333333333,0.8547197184168511,-1.0,0.0,0.5821040142656567,True,0.8491478562355042,50.94887137413025,False,-13,-12,0.46520465031192926,loftr+magsac++,,1.096425175666809,0.34349030470914127
synthetic_d045_x+12.88_y-3.85_s1,45.0,12.881859496403079,-3.8544356440887766,1,60.0,0,5,no_evidence,0,3,0.0,,-1.0,0.0,0.6246679430702642,True,0.9110662937164307,54.66397762298584,False,-13,-12,0.46520465031192926,loftr+magsac++,,1.096425175666809,0.34349030470914127
synthetic_d045_x+12.88_y-3.85_s1,45.0,12.881859496403079,-3.8544356440887766,1,60.0,0,6,weak,1,6,0.16666666666666666,2.3290192777746745,-1.0,0.0,0.6308928788436675,True,1.0932515859603882,65.59509515762329,False,-13,-12,0.46520465031192926,loftr+magsac++,,1.096425175666809,0.34349030470914127
synthetic_d045_x+12.88_y-3.85_s1,45.0,12.881859496403079,-3.8544356440887766,1,60.0,0,7,no_evidence,0,6,0.0,,-1.0,0.0,0.6949008437787841,True,1.385955810546875,83.1573486328125,False,-13,-12,0.46520465031192926,loftr+magsac++,,1.096425175666809,0.34349030470914127
synthetic_d045_x+12.88_y-3.85_s1,45.0,12.881859496403079,-3.8544356440887766,1,60.0,1,0,no_evidence,0,1,0.0,,0.0,1.0,0.4588559947551246,True,1.392624855041504,83.55749130249023,False,-13,-12,0.46520465031192926,loftr+magsac++,,1.096425175666809,0.34349030470914127
synthetic_d045_x+12.88_y-3.85_s1,45.0,12.881859496403079,-3.8544356440887766,1,60.0,1,1,no_evidence,0,3,0.0,,-1.0,0.0,0.4086578685253349,True,1.182629942893982,70.95779657363892,False,-13,-12,0.46520465031192926,loftr+magsac++,,1.096425175666809,0.34349030470914127
synthetic_d045_x+12.88_y-3.85_s1,45.0,12.881859496403079,-3.8544356440887766,1,60.0,1,2,weak,1,7,0.14285714285714285,2.088284217494878,0.0,1.0,0.8580176037140513,True,0.9990429282188416,59.94257569313049,False,-13,-12,0.46520465031192926,loftr+magsac++,,1.096425175666809,0.34349030470914127
synthetic_d045_x+12.88_y-3.85_s1,45.0,12.881859496403079,-3.8544356440887766,1,60.0,1,3,weak,6,16,0.375,1.4231312107689633,0.0,0.0,0.9240785500387388,True,0.8592109680175781,51.55265808105469,False,-13,-12,0.46520465031192926,loftr+magsac++,,1.096425175666809,0.34349030470914127
synthetic_d045_x+12.88_y-3.85_s1,45.0,12.881859496403079,-3.8544356440887766,1,60.0,1,4,weak,12,27,0.4444444444444444,1.5876164027536435,-1.0,0.0,0.7535480653489484,True,0.8025924563407898,48.15554738044739,False,-13,-12,0.46520465031192926,loftr+magsac++,,1.096425175666809,0.34349030470914127
synthetic_d045_x+12.88_y-3.85_s1,45.0,12.881859496403079,-3.8544356440887766,1,60.0,1,5,verified,14,16,0.875,1.4119510454105104,-1.0,0.0,0.6931085086912939,True,0.8790766000747681,52.744596004486084,False,-13,-12,0.46520465031192926,loftr+magsac++,,1.096425175666809,0.34349030470914127
synthetic_d045_x+12.88_y-3.85_s1,45.0,12.881859496403079,-3.8544356440887766,1,60.0,1,6,verified,10,15,0.6666666666666666,1.8725741473033282,-1.0,0.0,0.6056331548255459,True,1.097433090209961,65.84598541259766,False,-13,-12,0.46520465031192926,loftr+magsac++,,1.096425175666809,0.34349030470914127
synthetic_d045_x+12.88_y-3.85_s1,45.0,12.881859496403079,-3.8544356440887766,1,60.0,1,7,weak,2,5,0.4,1.428399706084475,-1.0,0.0,0.6570035353899677,True,1.4333243370056152,85.99946022033691,False,-13,-12,0.46520465031192926,loftr+magsac++,,1.096425175666809,0.34349030470914127
synthetic_d045_x+12.88_y-3.85_s1,45.0,12.881859496403079,-3.8544356440887766,1,60.0,2,0,no_evidence,0,2,0.0,,-13.0,-14.0,0.5397653393064701,False,1.4004521369934082,84.02712821960449,False,-13,-12,0.46520465031192926,loftr+magsac++,,1.096425175666809,0.34349030470914127
synthetic_d045_x+12.88_y-3.85_s1,45.0,12.881859496403079,-3.8544356440887766,1,60.0,2,1,no_evidence,0,0,,,0.0,1.0,0.8093561703761093,True,1.1643078327178955,69.85846996307373,False,-13,-12,0.46520465031192926,loftr+magsac++,,1.096425175666809,0.34349030470914127
synthetic_d045_x+12.88_y-3.85_s1,45.0,12.881859496403079,-3.8544356440887766,1,60.0,2,2,no_evidence,0,0,,,0.0,16.0,0.48776815964401826,False,0.9503320455551147,57.019922733306885,False,-13,-12,0.46520465031192926,loftr+magsac++,,1.096425175666809,0.34349030470914127
synthetic_d045_x+12.88_y-3.85_s1,45.0,12.881859496403079,-3.8544356440887766,1,60.0,2,3,weak,2,6,0.3333333333333333,0.9139273592598518,0.0,0.0,0.8737485837704112,True,0.7841371893882751,47.04823136329651,False,-13,-12,0.46520465031192926,loftr+magsac++,,1.096425175666809,0.34349030470914127
synthetic_d045_x+12.88_y-3.85_s1,45.0,12.881859496403079,-3.8544356440887766,1,60.0,2,4,no_evidence,0,8,0.0,,0.0,0.0,0.8780666930766349,True,0.7253314256668091,43.519885540008545,False,-13,-12,0.46520465031192926,loftr+magsac++,,1.096425175666809,0.34349030470914127
synthetic_d045_x+12.88_y-3.85_s1,45.0,12.881859496403079,-3.8544356440887766,1,60.0,2,5,weak,2,7,0.2857142857142857,2.2043467473135636,-1.0,0.0,0.72814490583039,True,0.8395398855209351,50.3723931312561,False,-13,-12,0.46520465031192926,loftr+magsac++,,1.096425175666809,0.34349030470914127
synthetic_d045_x+12.88_y-3.85_s1,45.0,12.881859496403079,-3.8544356440887766,1,60.0,2,6,no_evidence,0,5,0.0,,-1.0,0.0,0.6801852438941343,True,1.1142007112503052,66.85204267501831,False,-13,-12,0.46520465031192926,loftr+magsac++,,1.096425175666809,0.34349030470914127
synthetic_d045_x+12.88_y-3.85_s1,45.0,12.881859496403079,-3.8544356440887766,1,60.0,2,7,weak,1,5,0.2,2.382531399493454,-1.0,0.0,0.651030884748127,True,1.5043126344680786,90.25875806808472,False,-13,-12,0.46520465031192926,loftr+magsac++,,1.096425175666809,0.34349030470914127
synthetic_d045_x+12.88_y-3.85_s1,45.0,12.881859496403079,-3.8544356440887766,1,60.0,3,0,weak,2,7,0.2857142857142857,1.6344431331710028,-13.0,-5.0,0.7625995945213019,False,1.3715529441833496,82.29317665100098,False,-13,-12,0.46520465031192926,loftr+magsac++,,1.096425175666809,0.34349030470914127
synthetic_d045_x+12.88_y-3.85_s1,45.0,12.881859496403079,-3.8544356440887766,1,60.0,3,1,weak,2,2,1.0,2.860604568532942,0.0,2.0,0.7071282213785031,True,1.1052730083465576,66.31638050079346,False,-13,-12,0.46520465031192926,loftr+magsac++,,1.096425175666809,0.34349030470914127
synthetic_d045_x+12.88_y-3.85_s1,45.0,12.881859496403079,-3.8544356440887766,1,60.0,3,2,no_evidence,0,7,0.0,,0.0,1.0,0.7038324967005495,True,0.8577492833137512,51.46495699882507,False,-13,-12,0.46520465031192926,loftr+magsac++,,1.096425175666809,0.34349030470914127
synthetic_d045_x+12.88_y-3.85_s1,45.0,12.881859496403079,-3.8544356440887766,1,60.0,3,3,weak,1,5,0.2,1.5297475226357753,0.0,0.0,0.6149009424801807,True,0.6672897338867188,40.037384033203125,False,-13,-12,0.46520465031192926,loftr+magsac++,,1.096425175666809,0.34349030470914127
synthetic_d045_x+12.88_y-3.85_s1,45.0,12.881859496403079,-3.8544356440887766,1,60.0,3,4,weak,1,4,0.25,1.7134324722037557,-1.0,0.0,0.5765669008752223,True,0.6290556192398071,37.74333715438843,False,-13,-12,0.46520465031192926,loftr+magsac++,,1.096425175666809,0.34349030470914127
synthetic_d045_x+12.88_y-3.85_s1,45.0,12.881859496403079,-3.8544356440887766,1,60.0,3,5,weak,2,6,0.3333333333333333,1.570622990052609,-1.0,0.0,0.8157493475137668,True,0.8162145614624023,48.97287368774414,False,-13,-12,0.46520465031192926,loftr+magsac++,,1.096425175666809,0.34349030470914127
synthetic_d045_x+12.88_y-3.85_s1,45.0,12.881859496403079,-3.8544356440887766,1,60.0,3,6,weak,1,7,0.14285714285714285,2.664982259388933,-1.0,0.0,0.6328184333895694,True,1.1650394201278687,69.90236520767212,False,-13,-12,0.46520465031192926,loftr+magsac++,,1.096425175666809,0.34349030470914127
synthetic_d045_x+12.88_y-3.85_s1,45.0,12.881859496403079,-3.8544356440887766,1,60.0,3,7,verified,5,7,0.7142857142857143,2.3424226121329097,-1.0,0.0,0.6808931112666158,True,1.6148148775100708,96.88889265060425,False,-13,-12,0.46520465031192926,loftr+magsac++,,1.096425175666809,0.34349030470914127
synthetic_d045_x+12.88_y-3.85_s1,45.0,12.881859496403079,-3.8544356440887766,1,60.0,4,0,weak,2,4,0.5,1.6997935555042463,0.0,0.0,0.2763700850373731,False,1.3036043643951416,78.2162618637085,False,-13,-12,0.46520465031192926,loftr+magsac++,,1.096425175666809,0.34349030470914127
synthetic_d045_x+12.88_y-3.85_s1,45.0,12.881859496403079,-3.8544356440887766,1,60.0,4,1,no_evidence,0,5,0.0,,0.0,1.0,0.7112314608502129,True,1.0040271282196045,60.24162769317627,False,-13,-12,0.46520465031192926,loftr+magsac++,,1.096425175666809,0.34349030470914127
synthetic_d045_x+12.88_y-3.85_s1,45.0,12.881859496403079,-3.8544356440887766,1,60.0,4,2,no_evidence,0,0,,,0.0,0.0,0.744103306636491,True,0.7200301289558411,43.201807737350464,False,-13,-12,0.46520465031192926,loftr+magsac++,,1.096425175666809,0.34349030470914127
synthetic_d045_x+12.88_y-3.85_s1,45.0,12.881859496403079,-3.8544356440887766,1,60.0,4,3,weak,1,2,0.5,0.4655668283234085,0.0,0.0,0.7744781845625578,True,0.5130503177642822,30.783019065856934,False,-13,-12,0.46520465031192926,loftr+magsac++,,1.096425175666809,0.34349030470914127
synthetic_d045_x+12.88_y-3.85_s1,45.0,12.881859496403079,-3.8544356440887766,1,60.0,4,4,weak,2,4,0.5,0.47045317583235413,0.0,0.0,0.6604210819989282,True,0.5458997488021851,32.7539849281311,False,-13,-12,0.46520465031192926,loftr+magsac++,,1.096425175666809,0.34349030470914127
synthetic_d045_x+12.88_y-3.85_s1,45.0,12.881859496403079,-3.8544356440887766,1,60.0,4,5,weak,2,8,0.25,2.600466675011188,0.0,0.0,0.8406255078563635,True,0.8445613384246826,50.67368030548096,False,-13,-12,0.46520465031192926,loftr+magsac++,,1.096425175666809,0.34349030470914127
synthetic_d045_x+12.88_y-3.85_s1,45.0,12.881859496403079,-3.8544356440887766,1,60.0,4,6,weak,3,13,0.23076923076923078,1.4452103565826138,-1.0,0.0,0.7033855308651642,True,1.2726905345916748,76.36143207550049,False,-13,-12,0.46520465031192926,loftr+magsac++,,1.096425175666809,0.34349030470914127
synthetic_d045_x+12.88_y-3.85_s1,45.0,12.881859496403079,-3.8544356440887766,1,60.0,4,7,verified,8,12,0.6666666666666666,2.11501053871936,-1.0,0.0,0.6944968094125215,True,1.7797986268997192,106.78791761398315,False,-13,-12,0.46520465031192926,loftr+magsac++,,1.096425175666809,0.34349030470914127
synthetic_d045_x+12.88_y-3.85_s1,45.0,12.881859496403079,-3.8544356440887766,1,60.0,5,0,verified,3,5,0.6,1.8268364941306043,0.0,0.0,0.3384838524447123,True,1.1969724893569946,71.81834936141968,False,-13,-12,0.46520465031192926,loftr+magsac++,,1.096425175666809,0.34349030470914127
synthetic_d045_x+12.88_y-3.85_s1,45.0,12.881859496403079,-3.8544356440887766,1,60.0,5,1,no_evidence,0,13,0.0,,0.0,0.0,0.6499434879012668,True,0.8619042038917542,51.71425223350525,False,-13,-12,0.46520465031192926,loftr+magsac++,,1.096425175666809,0.34349030470914127
synthetic_d045_x+12.88_y-3.85_s1,45.0,12.881859496403079,-3.8544356440887766,1,60.0,5,2,weak,1,2,0.5,1.0240082053009392,0.0,21.0,0.4090311971548074,False,0.5389170050621033,32.335020303726196,False,-13,-12,0.46520465031192926,loftr+magsac++,,1.096425175666809,0.34349030470914127
synthetic_d045_x+12.88_y-3.85_s1,45.0,12.881859496403079,-3.8544356440887766,1,60.0,5,3,no_evidence,0,3,0.0,,-1.0,-1.0,0.5758159262991208,True,0.3451768457889557,20.71061074733734,False,-13,-12,0.46520465031192926,loftr+magsac++,,1.096425175666809,0.34349030470914127
synthetic_d045_x+12.88_y-3.85_s1,45.0,12.881859496403079,-3.8544356440887766,1,60.0,5,4,weak,6,13,0.46153846153846156,0.9289075537330718,0.0,0.0,0.645383139980366,True,0.5429280400276184,32.575682401657104,False,-13,-12,0.46520465031192926,loftr+magsac++,,1.096425175666809,0.34349030470914127
synthetic_d045_x+12.88_y-3.85_s1,45.0,12.881859496403079,-3.8544356440887766,1,60.0,5,5,weak,5,11,0.45454545454545453,1.639293269589559,-1.0,0.0,0.9037834935483833,True,0.9587724208831787,57.52634525299072,False,-13,-12,0.46520465031192926,loftr+magsac++,,1.096425175666809,0.34349030470914127
synthetic_d045_x+12.88_y-3.85_s1,45.0,12.881859496403079,-3.8544356440887766,1,60.0,5,6,no_evidence,0,4,0.0,,0.0,0.0,0.7705620736109995,True,1.453730583190918,87.22383499145508,False,-13,-12,0.46520465031192926,loftr+magsac++,,1.096425175666809,0.34349030470914127
synthetic_d045_x+12.88_y-3.85_s1,45.0,12.881859496403079,-3.8544356440887766,1,60.0,5,7,verified,5,10,0.5,2.0325739573693187,-1.0,-1.0,0.5899462623309623,True,2.0097901821136475,120.58741092681885,False,-13,-12,0.46520465031192926,loftr+magsac++,,1.096425175666809,0.34349030470914127
synthetic_d045_x+12.88_y-3.85_s1,45.0,12.881859496403079,-3.8544356440887766,1,60.0,6,0,weak,6,6,1.0,0.6453519964441186,-13.0,-13.0,0.7135429455447669,False,1.0557076930999756,63.342461585998535,False,-13,-12,0.46520465031192926,loftr+magsac++,,1.096425175666809,0.34349030470914127
synthetic_d045_x+12.88_y-3.85_s1,45.0,12.881859496403079,-3.8544356440887766,1,60.0,6,1,no_evidence,0,4,0.0,,0.0,0.0,0.9810172400659833,True,0.685997486114502,41.15984916687012,False,-13,-12,0.46520465031192926,loftr+magsac++,,1.096425175666809,0.34349030470914127
synthetic_d045_x+12.88_y-3.85_s1,45.0,12.881859496403079,-3.8544356440887766,1,60.0,6,2,no_evidence,0,2,0.0,,0.0,9.0,0.6944766969429272,False,0.327921062707901,19.67526376247406,False,-13,-12,0.46520465031192926,loftr+magsac++,,1.096425175666809,0.34349030470914127
synthetic_d045_x+12.88_y-3.85_s1,45.0,12.881859496403079,-3.8544356440887766,1,60.0,6,3,weak,1,2,0.5,0.5410468663997178,0.0,0.0,0.8531568814472443,True,0.2832971215248108,16.997827291488647,False,-13,-12,0.46520465031192926,loftr+magsac++,,1.096425175666809,0.34349030470914127
synthetic_d045_x+12.88_y-3.85_s1,45.0,12.881859496403079,-3.8544356440887766,1,60.0,6,4,verified,4,8,0.5,2.636024084737036,0.0,1.0,0.42217733100325294,True,0.6816354393959045,40.89812636375427,False,-13,-12,0.46520465031192926,loftr+magsac++,,1.096425175666809,0.34349030470914127
synthetic_d045_x+12.88_y-3.85_s1,45.0,12.881859496403079,-3.8544356440887766,1,60.0,6,5,weak,3,10,0.3,1.8166800787342496,-1.0,-2.0,0.5742718490975066,False,1.17225182056427,70.3351092338562,False,-13,-12,0.46520465031192926,loftr+magsac++,,1.096425175666809,0.34349030470914127
synthetic_d045_x+12.88_y-3.85_s1,45.0,12.881859496403079,-3.8544356440887766,1,60.0,6,6,weak,1,2,0.5,1.5107146089844001,0.0,0.0,0.4930814341874776,True,1.7145732641220093,102.87439584732056,False,-13,-12,0.46520465031192926,loftr+magsac++,,1.096425175666809,0.34349030470914127
synthetic_d045_x+12.88_y-3.85_s1,45.0,12.881859496403079,-3.8544356440887766,1,60.0,6,7,weak,1,4,0.25,2.366573347117251,-1.0,0.0,0.8224250183055161,True,2.3098883628845215,138.5933017730713,False,-13,-12,0.46520465031192926,loftr+magsac++,,1.096425175666809,0.34349030470914127
synthetic_d045_x+12.88_y-3.85_s1,45.0,12.881859496403079,-3.8544356440887766,1,60.0,7,0,no_evidence,0,0,,,-13.0,5.0,0.7979250523567488,False,0.8914258480072021,53.48555088043213,False,-13,-12,0.46520465031192926,loftr+magsac++,,1.096425175666809,0.34349030470914127
synthetic_d045_x+12.88_y-3.85_s1,45.0,12.881859496403079,-3.8544356440887766,1,60.0,7,1,weak,1,5,0.2,0.19216253784963236,0.0,-19.0,0.7675035519193861,False,0.5024516582489014,30.147099494934082,False,-13,-12,0.46520465031192926,loftr+magsac++,,1.096425175666809,0.34349030470914127
synthetic_d045_x+12.88_y-3.85_s1,45.0,12.881859496403079,-3.8544356440887766,1,60.0,7,2,no_evidence,0,1,0.0,,-2.0,-12.0,0.2838340583495796,False,0.2058107852935791,12.348647117614746,False,-13,-12,0.46520465031192926,loftr+magsac++,,1.096425175666809,0.34349030470914127
synthetic_d045_x+12.88_y-3.85_s1,45.0,12.881859496403079,-3.8544356440887766,1,60.0,7,3,no_evidence,0,2,0.0,,0.0,0.0,0.42524447253737135,True,0.48020270466804504,28.812162280082703,False,-13,-12,0.46520465031192926,loftr+magsac++,,1.096425175666809,0.34349030470914127
synthetic_d045_x+12.88_y-3.85_s1,45.0,12.881859496403079,-3.8544356440887766,1,60.0,7,4,no_evidence,0,0,,,0.0,0.0,0.41007484050474113,True,0.9503166675567627,57.01900005340576,False,-13,-12,0.46520465031192926,loftr+magsac++,,1.096425175666809,0.34349030470914127
synthetic_d045_x+12.88_y-3.85_s1,45.0,12.881859496403079,-3.8544356440887766,1,60.0,7,5,no_evidence,0,1,0.0,,0.0,0.0,0.34056139535119173,True,1.4782346487045288,88.69407892227173,False,-13,-12,0.46520465031192926,loftr+magsac++,,1.096425175666809,0.34349030470914127
synthetic_d045_x+12.88_y-3.85_s1,45.0,12.881859496403079,-3.8544356440887766,1,60.0,7,6,weak,1,3,0.3333333333333333,2.2913486311054547,0.0,-1.0,0.22073678953591555,False,2.0537006855010986,123.22204113006592,False,-13,-12,0.46520465031192926,loftr+magsac++,,1.096425175666809,0.34349030470914127
synthetic_d045_x+12.88_y-3.85_s1,45.0,12.881859496403079,-3.8544356440887766,1,60.0,7,7,no_evidence,0,4,0.0,,-2.0,-3.0,0.4268456145544335,False,2.680872917175293,160.85237503051758,False,-13,-12,0.46520465031192926,loftr+magsac++,,1.096425175666809,0.34349030470914127
synthetic_d045_x+9.88_y-11.68_s2,45.0,9.879345610991795,-11.678106279030521,2,60.0,0,0,no_evidence,0,0,,,4.0,4.0,0.30719185904654006,False,4.867664813995361,292.0598888397217,False,-8,-7,0.39365069810820913,loftr+magsac++,,1.6308742761611938,0.5
synthetic_d045_x+9.88_y-11.68_s2,45.0,9.879345610991795,-11.678106279030521,2,60.0,0,1,weak,2,3,0.6666666666666666,2.2058825513381772,0.0,0.0,0.6451532318420014,True,3.912604808807373,234.75628852844238,False,-8,-7,0.39365069810820913,loftr+magsac++,,1.6308742761611938,0.5
synthetic_d045_x+9.88_y-11.68_s2,45.0,9.879345610991795,-11.678106279030521,2,60.0,0,2,no_evidence,0,2,0.0,,0.0,0.0,0.7204409186790064,True,3.0938994884490967,185.6339693069458,False,-8,-7,0.39365069810820913,loftr+magsac++,,1.6308742761611938,0.5
synthetic_d045_x+9.88_y-11.68_s2,45.0,9.879345610991795,-11.678106279030521,2,60.0,0,3,no_evidence,0,0,,,0.0,1.0,0.8277735783340828,True,2.3895413875579834,143.372483253479,False,-8,-7,0.39365069810820913,loftr+magsac++,,1.6308742761611938,0.5
synthetic_d045_x+9.88_y-11.68_s2,45.0,9.879345610991795,-11.678106279030521,2,60.0,0,4,weak,1,3,0.3333333333333333,2.2803583641167076,0.0,1.0,0.6077867149032438,True,1.7668073177337646,106.00843906402588,False,-8,-7,0.39365069810820913,loftr+magsac++,,1.6308742761611938,0.5
synthetic_d045_x+9.88_y-11.68_s2,45.0,9.879345610991795,-11.678106279030521,2,60.0,0,5,weak,2,4,0.5,2.097953081633143,0.0,1.0,0.6250552890979081,True,1.2040257453918457,72.24154472351074,False,-8,-7,0.39365069810820913,loftr+magsac++,,1.6308742761611938,0.5
synthetic_d045_x+9.88_y-11.68_s2,45.0,9.879345610991795,-11.678106279030521,2,60.0,0,6,weak,1,7,0.14285714285714285,0.982228351800413,0.0,0.0,0.6116263030786678,True,0.7238256335258484,43.4295380115509,False,-8,-7,0.39365069810820913,loftr+magsac++,,1.6308742761611938,0.5
synthetic_d045_x+9.88_y-11.68_s2,45.0,9.879345610991795,-11.678106279030521,2,60.0,0,7,no_evidence,0,0,,,1.0,0.0,0.3842758197560002,True,0.6297739744186401,37.78643846511841,False,-8,-7,0.39365069810820913,loftr+magsac++,,1.6308742761611938,0.5
synthetic_d045_x+9.88_y-11.68_s2,45.0,9.879345610991795,-11.678106279030521,2,60.0,1,0,no_evidence,0,0,,,0.0,0.0,0.4077430173306218,True,3.8475382328033447,230.85229396820068,False,-8,-7,0.39365069810820913,loftr+magsac++,,1.6308742761611938,0.5
synthetic_d045_x+9.88_y-11.68_s2,45.0,9.879345610991795,-11.678106279030521,2,60.0,1,1,no_evidence,0,5,0.0,,0.0,0.0,0.3932686552078439,True,2.9816811084747314,178.9008665084839,False,-8,-7,0.39365069810820913,loftr+magsac++,,1.6308742761611938,0.5
synthetic_d045_x+9.88_y-11.68_s2,45.0,9.879345610991795,-11.678106279030521,2,60.0,1,2,weak,1,5,0.2,1.6768006648107165,0.0,1.0,0.8610112019029822,True,2.2586922645568848,135.5215358734131,False,-8,-7,0.39365069810820913,loftr+magsac++,,1.6308742761611938,0.5
synthetic_d045_x+9.88_y-11.68_s2,45.0,9.879345610991795,-11.678106279030521,2,60.0,1,3,verified,14,23,0.6086956521739131,1.2608669337152891,0.0,0.0,0.929699676384401,True,1.6558045148849487,99.34827089309692,False,-8,-7,0.39365069810820913,loftr+magsac++,,1.6308742761611938,0.5
synthetic_d045_x+9.88_y-11.68_s2,45.0,9.879345610991795,-11.678106279030521,2,60.0,1,4,verified,13,26,0.5,1.164211539530047,0.0,0.0,0.7544481211245342,True,1.1392104625701904,68.35262775421143,False,-8,-7,0.39365069810820913,loftr+magsac++,,1.6308742761611938,0.5
synthetic_d045_x+9.88_y-11.68_s2,45.0,9.879345610991795,-11.678106279030521,2,60.0,1,5,verified,7,11,0.6363636363636364,0.9633954661389373,0.0,0.0,0.6957445023134327,True,0.7000334858894348,42.00200915336609,False,-8,-7,0.39365069810820913,loftr+magsac++,,1.6308742761611938,0.5
synthetic_d045_x+9.88_y-11.68_s2,45.0,9.879345610991795,-11.678106279030521,2,60.0,1,6,verified,6,8,0.75,0.8346765669150442,0.0,0.0,0.5749577889232901,True,0.47955790162086487,28.773474097251892,False,-8,-7,0.39365069810820913,loftr+magsac++,,1.6308742761611938,0.5
synthetic_d045_x+9.88_y-11.68_s2,45.0,9.879345610991795,-11.678106279030521,2,60.0,1,7,weak,3,4,0.75,2.3802064740894004,0.0,-1.0,0.2812517925185626,False,0.8033798933029175,48.20279359817505,False,-8,-7,0.39365069810820913,loftr+magsac++,,1.6308742761611938,0.5
synthetic_d045_x+9.88_y-11.68_s2,45.0,9.879345610991795,-11.678106279030521,2,60.0,2,0,no_evidence,0,2,0.0,,-8.0,-13.0,0.48739360860272285,False,2.9607064723968506,177.64238834381104,False,-8,-7,0.39365069810820913,loftr+magsac++,,1.6308742761611938,0.5
synthetic_d045_x+9.88_y-11.68_s2,45.0,9.879345610991795,-11.678106279030521,2,60.0,2,1,no_evidence,0,0,,,0.0,0.0,0.7913667186901707,True,2.182699203491211,130.96195220947266,False,-8,-7,0.39365069810820913,loftr+magsac++,,1.6308742761611938,0.5
synthetic_d045_x+9.88_y-11.68_s2,45.0,9.879345610991795,-11.678106279030521,2,60.0,2,2,no_evidence,0,2,0.0,,0.0,17.0,0.518233314166614,False,1.5553898811340332,93.32339286804199,False,-8,-7,0.39365069810820913,loftr+magsac++,,1.6308742761611938,0.5
synthetic_d045_x+9.88_y-11.68_s2,45.0,9.879345610991795,-11.678106279030521,2,60.0,2,3,verified,8,11,0.7272727272727273,1.4790519866671754,0.0,0.0,0.8815926876901536,True,1.0561225414276123,63.36735248565674,False,-8,-7,0.39365069810820913,loftr+magsac++,,1.6308742761611938,0.5
synthetic_d045_x+9.88_y-11.68_s2,45.0,9.879345610991795,-11.678106279030521,2,60.0,2,4,weak,2,4,0.5,1.5843302991765427,0.0,0.0,0.8881367215382084,True,0.6530011892318726,39.18007135391235,False,-8,-7,0.39365069810820913,loftr+magsac++,,1.6308742761611938,0.5
synthetic_d045_x+9.88_y-11.68_s2,45.0,9.879345610991795,-11.678106279030521,2,60.0,2,5,weak,1,2,0.5,2.6547616186145695,0.0,0.0,0.7529810415691148,True,0.38760635256767273,23.256381154060364,False,-8,-7,0.39365069810820913,loftr+magsac++,,1.6308742761611938,0.5
synthetic_d045_x+9.88_y-11.68_s2,45.0,9.879345610991795,-11.678106279030521,2,60.0,2,6,verified,6,10,0.6,1.2657711887482366,0.0,0.0,0.6691059211597797,True,0.5284212231636047,31.705273389816284,False,-8,-7,0.39365069810820913,loftr+magsac++,,1.6308742761611938,0.5
synthetic_d045_x+9.88_y-11.68_s2,45.0,9.879345610991795,-11.678106279030521,2,60.0,2,7,weak,2,3,0.6666666666666666,1.8327355696146663,1.0,0.0,0.3905194192548322,True,1.008499026298523,60.50994157791138,False,-8,-7,0.39365069810820913,loftr+magsac++,,1.6308742761611938,0.5
synthetic_d045_x+9.88_y-11.68_s2,45.0,9.879345610991795,-11.678106279030521,2,60.0,3,0,weak,5,9,0.5555555555555556,1.5484763691386845,-8.0,-4.0,0.7482683634599495,False,2.217175006866455,133.0305004119873,False,-8,-7,0.39365069810820913,loftr+magsac++,,1.6308742761611938,0.5
synthetic_d045_x+9.88_y-11.68_s2,45.0,9.879345610991795,-11.678106279030521,2,60.0,3,1,weak,2,4,0.5,0.8993467554699308,0.0,0.0,0.6995559672030979,True,1.524431586265564,91.46589517593384,False,-8,-7,0.39365069810820913,loftr+magsac++,,1.6308742761611938,0.5
synthetic_d045_x+9.88_y-11.68_s2,45.0,9.879345610991795,-11.678106279030521,2,60.0,3,2,no_evidence,0,2,0.0,,0.0,0.0,0.7036948810668647,True,0.9914880990982056,59.489285945892334,False,-8,-7,0.39365069810820913,loftr+magsac++,,1.6308742761611938,0.5
synthetic_d045_x+9.88_y-11.68_s2,45.0,9.879345610991795,-11.678106279030521,2,60.0,3,3,weak,1,3,0.3333333333333333,0.596732805458433,0.0,0.0,0.6308000455380466,True,0.5977110266685486,35.862661600112915,False,-8,-7,0.39365069810820913,loftr+magsac++,,1.6308742761611938,0.5
synthetic_d045_x+9.88_y-11.68_s2,45.0,9.879345610991795,-11.678106279030521,2,60.0,3,4,weak,2,6,0.3333333333333333,2.2206534230210235,0.0,0.0,0.5865692871450514,True,0.32375022768974304,19.425013661384583,False,-8,-7,0.39365069810820913,loftr+magsac++,,1.6308742761611938,0.5
synthetic_d045_x+9.88_y-11.68_s2,45.0,9.879345610991795,-11.678106279030521,2,60.0,3,5,weak,1,1,1.0,1.7736758388232743,0.0,0.0,0.8164814095572799,True,0.31786417961120605,19.071850776672363,False,-8,-7,0.39365069810820913,loftr+magsac++,,1.6308742761611938,0.5
synthetic_d045_x+9.88_y-11.68_s2,45.0,9.879345610991795,-11.678106279030521,2,60.0,3,6,weak,5,11,0.45454545454545453,1.9316673185357456,0.0,0.0,0.6306077879028542,True,0.6459821462631226,38.75892877578735,False,-8,-7,0.39365069810820913,loftr+magsac++,,1.6308742761611938,0.5
synthetic_d045_x+9.88_y-11.68_s2,45.0,9.879345610991795,-11.678106279030521,2,60.0,3,7,verified,5,7,0.7142857142857143,2.7212478251352286,0.0,-1.0,0.3493291420032085,True,1.1543737649917603,69.26242589950562,False,-8,-7,0.39365069810820913,loftr+magsac++,,1.6308742761611938,0.5
synthetic_d045_x+9.88_y-11.68_s2,45.0,9.879345610991795,-11.678106279030521,2,60.0,4,0,weak,6,8,0.75,1.7967799403447122,0.0,0.0,0.28252114643170534,False,1.6118440628051758,96.71064376831055,False,-8,-7,0.39365069810820913,loftr+magsac++,,1.6308742761611938,0.5
synthetic_d045_x+9.88_y-11.68_s2,45.0,9.879345610991795,-11.678106279030521,2,60.0,4,1,verified,5,7,0.7142857142857143,1.8713841125424797,0.0,0.0,0.7094689445900536,True,1.0015928745269775,60.09557247161865,False,-8,-7,0.39365069810820913,loftr+magsac++,,1.6308742761611938,0.5
synthetic_d045_x+9.88_y-11.68_s2,45.0,9.879345610991795,-11.678106279030521,2,60.0,4,2,weak,2,3,0.6666666666666666,1.5628322206099012,0.0,0.0,0.7466032741393542,True,0.56111741065979,33.6670446395874,False,-8,-7,0.39365069810820913,loftr+magsac++,,1.6308742761611938,0.5
synthetic_d045_x+9.88_y-11.68_s2,45.0,9.879345610991795,-11.678106279030521,2,60.0,4,3,weak,1,8,0.125,2.7286122978826186,0.0,0.0,0.7916242843056398,True,0.27546975016593933,16.52818500995636,False,-8,-7,0.39365069810820913,loftr+magsac++,,1.6308742761611938,0.5
synthetic_d045_x+9.88_y-11.68_s2,45.0,9.879345610991795,-11.678106279030521,2,60.0,4,4,verified,5,8,0.625,1.4818047375566454,0.0,-1.0,0.6629815532337164,True,0.16512687504291534,9.90761250257492,False,-8,-7,0.39365069810820913,loftr+magsac++,,1.6308742761611938,0.5
synthetic_d045_x+9.88_y-11.68_s2,45.0,9.879345610991795,-11.678106279030521,2,60.0,4,5,weak,1,8,0.125,2.009238537521415,0.0,0.0,0.8549264286937089,True,0.34804868698120117,20.88292121887207,False,-8,-7,0.39365069810820913,loftr+magsac++,,1.6308742761611938,0.5
synthetic_d045_x+9.88_y-11.68_s2,45.0,9.879345610991795,-11.678106279030521,2,60.0,4,6,verified,11,17,0.6470588235294118,1.0613005294632776,0.0,0.0,0.707108940707448,True,0.7114185094833374,42.685110569000244,False,-8,-7,0.39365069810820913,loftr+magsac++,,1.6308742761611938,0.5
synthetic_d045_x+9.88_y-11.68_s2,45.0,9.879345610991795,-11.678106279030521,2,60.0,4,7,verified,10,11,0.9090909090909091,1.387092503759463,1.0,-1.0,0.44863057340014745,True,1.2393463850021362,74.36078310012817,False,-8,-7,0.39365069810820913,loftr+magsac++,,1.6308742761611938,0.5
synthetic_d045_x+9.88_y-11.68_s2,45.0,9.879345610991795,-11.678106279030521,2,60.0,5,0,verified,7,12,0.5833333333333334,1.235436734512921,2.0,0.0,0.33561196981542385,True,1.1351094245910645,68.10656547546387,False,-8,-7,0.39365069810820913,loftr+magsac++,,1.6308742761611938,0.5
synthetic_d045_x+9.88_y-11.68_s2,45.0,9.879345610991795,-11.678106279030521,2,60.0,5,1,weak,5,14,0.35714285714285715,2.5318372131526488,0.0,0.0,0.6424818923134193,True,0.6049888134002686,36.29932880401611,False,-8,-7,0.39365069810820913,loftr+magsac++,,1.6308742761611938,0.5
synthetic_d045_x+9.88_y-11.68_s2,45.0,9.879345610991795,-11.678106279030521,2,60.0,5,2,weak,2,3,0.6666666666666666,1.1472259298956669,0.0,21.0,0.41523058393451234,False,0.2552168369293213,15.313010215759277,False,-8,-7,0.39365069810820913,loftr+magsac++,,1.6308742761611938,0.5
synthetic_d045_x+9.88_y-11.68_s2,45.0,9.879345610991795,-11.678106279030521,2,60.0,5,3,verified,3,5,0.6,0.19446109031729325,0.0,0.0,0.5730013116739252,True,0.08405476808547974,5.043286085128784,False,-8,-7,0.39365069810820913,loftr+magsac++,,1.6308742761611938,0.5
synthetic_d045_x+9.88_y-11.68_s2,45.0,9.879345610991795,-11.678106279030521,2,60.0,5,4,verified,7,14,0.5,0.8847078410809646,0.0,0.0,0.654949742557905,True,0.11691778898239136,7.0150673389434814,False,-8,-7,0.39365069810820913,loftr+magsac++,,1.6308742761611938,0.5
synthetic_d045_x+9.88_y-11.68_s2,45.0,9.879345610991795,-11.678106279030521,2,60.0,5,5,weak,2,5,0.4,0.7165486840973665,0.0,0.0,0.9111343412735066,True,0.33669835329055786,20.20190119743347,False,-8,-7,0.39365069810820913,loftr+magsac++,,1.6308742761611938,0.5
synthetic_d045_x+9.88_y-11.68_s2,45.0,9.879345610991795,-11.678106279030521,2,60.0,5,6,weak,2,5,0.4,1.8640206647871131,0.0,0.0,0.7841932639980262,True,0.728203296661377,43.69219779968262,False,-8,-7,0.39365069810820913,loftr+magsac++,,1.6308742761611938,0.5
synthetic_d045_x+9.88_y-11.68_s2,45.0,9.879345610991795,-11.678106279030521,2,60.0,5,7,weak,8,13,0.6153846153846154,1.9453985420225792,2.0,0.0,0.24771619224413635,False,1.3009395599365234,78.0563735961914,False,-8,-7,0.39365069810820913,loftr+magsac++,,1.6308742761611938,0.5
synthetic_d045_x+9.88_y-11.68_s2,45.0,9.879345610991795,-11.678106279030521,2,60.0,6,0,weak,6,9,0.6666666666666666,1.0836354106954844,-9.0,-7.0,0.684950431676678,False,0.7702102661132812,46.212615966796875,False,-8,-7,0.39365069810820913,loftr+magsac++,,1.6308742761611938,0.5
synthetic_d045_x+9.88_y-11.68_s2,45.0,9.879345610991795,-11.678106279030521,2,60.0,6,1,verified,7,10,0.7,1.2326868505600281,0.0,0.0,0.9816670170976138,True,0.3234592378139496,19.407554268836975,False,-8,-7,0.39365069810820913,loftr+magsac++,,1.6308742761611938,0.5
synthetic_d045_x+9.88_y-11.68_s2,45.0,9.879345610991795,-11.678106279030521,2,60.0,6,2,no_evidence,0,6,0.0,,0.0,8.0,0.6995896536891814,False,0.10562438517808914,6.3374631106853485,False,-8,-7,0.39365069810820913,loftr+magsac++,,1.6308742761611938,0.5
synthetic_d045_x+9.88_y-11.68_s2,45.0,9.879345610991795,-11.678106279030521,2,60.0,6,3,weak,1,3,0.3333333333333333,2.264819927320975,0.0,0.0,0.8540558438940673,True,0.10883248597383499,6.5299491584300995,False,-8,-7,0.39365069810820913,loftr+magsac++,,1.6308742761611938,0.5
synthetic_d045_x+9.88_y-11.68_s2,45.0,9.879345610991795,-11.678106279030521,2,60.0,6,4,weak,2,4,0.5,0.9504796221468961,0.0,1.0,0.41058766084092774,True,0.08758526295423508,5.255115777254105,False,-8,-7,0.39365069810820913,loftr+magsac++,,1.6308742761611938,0.5
synthetic_d045_x+9.88_y-11.68_s2,45.0,9.879345610991795,-11.678106279030521,2,60.0,6,5,weak,1,8,0.125,0.565126056094294,0.0,-1.0,0.6052441339969551,True,0.32061663269996643,19.236997961997986,False,-8,-7,0.39365069810820913,loftr+magsac++,,1.6308742761611938,0.5
synthetic_d045_x+9.88_y-11.68_s2,45.0,9.879345610991795,-11.678106279030521,2,60.0,6,6,weak,1,4,0.25,2.381587280237871,1.0,0.0,0.5397117542094862,True,0.7714596390724182,46.28757834434509,False,-8,-7,0.39365069810820913,loftr+magsac++,,1.6308742761611938,0.5
synthetic_d045_x+9.88_y-11.68_s2,45.0,9.879345610991795,-11.678106279030521,2,60.0,6,7,verified,3,6,0.5,1.2583626690093952,0.0,0.0,0.46620421384250293,True,1.4094343185424805,84.56605911254883,False,-8,-7,0.39365069810820913,loftr+magsac++,,1.6308742761611938,0.5
synthetic_d045_x+9.88_y-11.68_s2,45.0,9.879345610991795,-11.678106279030521,2,60.0,7,0,no_evidence,0,0,,,-9.0,12.0,0.7433449289467561,False,0.4962838292121887,29.777029752731323,False,-8,-7,0.39365069810820913,loftr+magsac++,,1.6308742761611938,0.5
synthetic_d045_x+9.88_y-11.68_s2,45.0,9.879345610991795,-11.678106279030521,2,60.0,7,1,weak,5,6,0.8333333333333334,0.5057387042365757,0.0,-16.0,0.6322433602039768,False,0.19417347013950348,11.650408208370209,False,-8,-7,0.39365069810820913,loftr+magsac++,,1.6308742761611938,0.5
synthetic_d045_x+9.88_y-11.68_s2,45.0,9.879345610991795,-11.678106279030521,2,60.0,7,2,no_evidence,0,2,0.0,,-2.0,-10.0,0.3855424669112587,False,0.23463591933250427,14.078155159950256,False,-8,-7,0.39365069810820913,loftr+magsac++,,1.6308742761611938,0.5
synthetic_d045_x+9.88_y-11.68_s2,45.0,9.879345610991795,-11.678106279030521,2,60.0,7,3,no_evidence,0,3,0.0,,0.0,0.0,0.5169713332577492,True,0.27320396900177,16.3922381401062,False,-8,-7,0.39365069810820913,loftr+magsac++,,1.6308742761611938,0.5
synthetic_d045_x+9.88_y-11.68_s2,45.0,9.879345610991795,-11.678106279030521,2,60.0,7,4,weak,1,3,0.3333333333333333,0.6833332450954354,0.0,0.0,0.5387961390338866,True,0.2735177278518677,16.41106367111206,False,-8,-7,0.39365069810820913,loftr+magsac++,,1.6308742761611938,0.5
synthetic_d045_x+9.88_y-11.68_s2,45.0,9.879345610991795,-11.678106279030521,2,60.0,7,5,no_evidence,0,1,0.0,,0.0,0.0,0.37779491802542514,True,0.48470062017440796,29.082037210464478,False,-8,-7,0.39365069810820913,loftr+magsac++,,1.6308742761611938,0.5
synthetic_d045_x+9.88_y-11.68_s2,45.0,9.879345610991795,-11.678106279030521,2,60.0,7,6,no_evidence,0,0,,,0.0,-8.0,0.2860063266440783,False,0.9618095755577087,57.708574533462524,False,-8,-7,0.39365069810820913,loftr+magsac++,,1.6308742761611938,0.5
synthetic_d045_x+9.88_y-11.68_s2,45.0,9.879345610991795,-11.678106279030521,2,60.0,7,7,weak,1,4,0.25,1.3316625007075782,0.0,0.0,0.6548116548628949,True,1.6493186950683594,98.95912170410156,False,-8,-7,0.39365069810820913,loftr+magsac++,,1.6308742761611938,0.5
synthetic_d045_x+7.77_y-12.42_s3,45.0,7.767790005723492,-12.418273920846806,3,60.0,0,0,no_evidence,0,2,0.0,,4.0,4.0,0.3253534396230536,False,1.3076711893081665,78.46027135848999,False,-7,12,0.4080263714068174,loftr+magsac++,,0.5361839532852173,0.5665914221218962
synthetic_d045_x+7.77_y-12.42_s3,45.0,7.767790005723492,-12.418273920846806,3,60.0,0,1,no_evidence,0,2,0.0,,1.0,0.0,0.6741424248766498,True,1.1395658254623413,68.37394952774048,False,-7,12,0.4080263714068174,loftr+magsac++,,0.5361839532852173,0.5665914221218962
synthetic_d045_x+7.77_y-12.42_s3,45.0,7.767790005723492,-12.418273920846806,3,60.0,0,2,no_evidence,0,6,0.0,,0.0,0.0,0.7283718663320746,True,0.9936449527740479,59.61869716644287,False,-7,12,0.4080263714068174,loftr+magsac++,,0.5361839532852173,0.5665914221218962
synthetic_d045_x+7.77_y-12.42_s3,45.0,7.767790005723492,-12.418273920846806,3,60.0,0,3,weak,2,3,0.6666666666666666,0.3237365442512953,0.0,0.0,0.8549553109132877,True,0.8696521520614624,52.179129123687744,False,-7,12,0.4080263714068174,loftr+magsac++,,0.5361839532852173,0.5665914221218962
synthetic_d045_x+7.77_y-12.42_s3,45.0,7.767790005723492,-12.418273920846806,3,60.0,0,4,no_evidence,0,0,,,0.0,1.0,0.6100927109068506,True,0.765761137008667,45.94566822052002,False,-7,12,0.4080263714068174,loftr+magsac++,,0.5361839532852173,0.5665914221218962
synthetic_d045_x+7.77_y-12.42_s3,45.0,7.767790005723492,-12.418273920846806,3,60.0,0,5,no_evidence,0,0,,,0.0,0.0,0.6300362451349923,True,0.6799579858779907,40.79747915267944,False,-7,12,0.4080263714068174,loftr+magsac++,,0.5361839532852173,0.5665914221218962
synthetic_d045_x+7.77_y-12.42_s3,45.0,7.767790005723492,-12.418273920846806,3,60.0,0,6,weak,2,8,0.25,1.0340291321782806,0.0,1.0,0.6146678951982194,True,0.6085781455039978,36.51468873023987,False,-7,12,0.4080263714068174,loftr+magsac++,,0.5361839532852173,0.5665914221218962
synthetic_d045_x+7.77_y-12.42_s3,45.0,7.767790005723492,-12.418273920846806,3,60.0,0,7,verified,3,4,0.75,1.623788756447807,0.0,1.0,0.7078668524133357,True,0.5476037263870239,32.856223583221436,False,-7,12,0.4080263714068174,loftr+magsac++,,0.5361839532852173,0.5665914221218962
synthetic_d045_x+7.77_y-12.42_s3,45.0,7.767790005723492,-12.418273920846806,3,60.0,1,0,no_evidence,0,0,,,0.0,0.0,0.41296534392591183,True,1.1342370510101318,68.05422306060791,False,-7,12,0.4080263714068174,loftr+magsac++,,0.5361839532852173,0.5665914221218962
synthetic_d045_x+7.77_y-12.42_s3,45.0,7.767790005723492,-12.418273920846806,3,60.0,1,1,no_evidence,0,2,0.0,,0.0,0.0,0.43232965231701226,True,0.9724332094192505,58.34599256515503,False,-7,12,0.4080263714068174,loftr+magsac++,,0.5361839532852173,0.5665914221218962
synthetic_d045_x+7.77_y-12.42_s3,45.0,7.767790005723492,-12.418273920846806,3,60.0,1,2,weak,3,9,0.3333333333333333,1.3151734137165736,0.0,0.0,0.8645691769431563,True,0.8350241780281067,50.1014506816864,False,-7,12,0.4080263714068174,loftr+magsac++,,0.5361839532852173,0.5665914221218962
synthetic_d045_x+7.77_y-12.42_s3,45.0,7.767790005723492,-12.418273920846806,3,60.0,1,3,verified,10,18,0.5555555555555556,1.263232748672158,0.0,0.0,0.9343852128898197,True,0.722371518611908,43.34229111671448,False,-7,12,0.4080263714068174,loftr+magsac++,,0.5361839532852173,0.5665914221218962
synthetic_d045_x+7.77_y-12.42_s3,45.0,7.767790005723492,-12.418273920846806,3,60.0,1,4,verified,15,27,0.5555555555555556,1.5789338441111012,0.0,0.0,0.757052609489316,True,0.6329420804977417,37.9765248298645,False,-7,12,0.4080263714068174,loftr+magsac++,,0.5361839532852173,0.5665914221218962
synthetic_d045_x+7.77_y-12.42_s3,45.0,7.767790005723492,-12.418273920846806,3,60.0,1,5,verified,13,16,0.8125,1.00632542640015,0.0,0.0,0.6956330153146453,True,0.5644952654838562,33.86971592903137,False,-7,12,0.4080263714068174,loftr+magsac++,,0.5361839532852173,0.5665914221218962
synthetic_d045_x+7.77_y-12.42_s3,45.0,7.767790005723492,-12.418273920846806,3,60.0,1,6,verified,9,15,0.6,2.0266581654033375,0.0,0.0,0.5872011096658295,True,0.512424647808075,30.745478868484497,False,-7,12,0.4080263714068174,loftr+magsac++,,0.5361839532852173,0.5665914221218962
synthetic_d045_x+7.77_y-12.42_s3,45.0,7.767790005723492,-12.418273920846806,3,60.0,1,7,verified,7,8,0.875,0.6825702294053827,0.0,0.0,0.6700495706123876,True,0.47125887870788574,28.275532722473145,False,-7,12,0.4080263714068174,loftr+magsac++,,0.5361839532852173,0.5665914221218962
synthetic_d045_x+7.77_y-12.42_s3,45.0,7.767790005723492,-12.418273920846806,3,60.0,2,0,no_evidence,0,1,0.0,,-8.0,-23.0,0.4558035724833128,False,0.965588390827179,57.93530344963074,False,-7,12,0.4080263714068174,loftr+magsac++,,0.5361839532852173,0.5665914221218962
synthetic_d045_x+7.77_y-12.42_s3,45.0,7.767790005723492,-12.418273920846806,3,60.0,2,1,no_evidence,0,0,,,0.0,0.0,0.8161000294659506,True,0.8091476559638977,48.54885935783386,False,-7,12,0.4080263714068174,loftr+magsac++,,0.5361839532852173,0.5665914221218962
synthetic_d045_x+7.77_y-12.42_s3,45.0,7.767790005723492,-12.418273920846806,3,60.0,2,2,weak,2,2,1.0,1.8414194545252562,0.0,16.0,0.5145611759511128,False,0.6799808144569397,40.79884886741638,False,-7,12,0.4080263714068174,loftr+magsac++,,0.5361839532852173,0.5665914221218962
synthetic_d045_x+7.77_y-12.42_s3,45.0,7.767790005723492,-12.418273920846806,3,60.0,2,3,verified,10,12,0.8333333333333334,1.0981564771685832,0.0,0.0,0.8858095337338702,True,0.579668402671814,34.78010416030884,False,-7,12,0.4080263714068174,loftr+magsac++,,0.5361839532852173,0.5665914221218962
synthetic_d045_x+7.77_y-12.42_s3,45.0,7.767790005723492,-12.418273920846806,3,60.0,2,4,verified,3,5,0.6,1.0858856891418038,0.0,0.0,0.8910422225406436,True,0.50734543800354,30.440726280212402,False,-7,12,0.4080263714068174,loftr+magsac++,,0.5361839532852173,0.5665914221218962
synthetic_d045_x+7.77_y-12.42_s3,45.0,7.767790005723492,-12.418273920846806,3,60.0,2,5,verified,7,13,0.5384615384615384,0.8336697970708523,0.0,0.0,0.751660900709131,True,0.46024569869041443,27.614741921424866,False,-7,12,0.4080263714068174,loftr+magsac++,,0.5361839532852173,0.5665914221218962
synthetic_d045_x+7.77_y-12.42_s3,45.0,7.767790005723492,-12.418273920846806,3,60.0,2,6,verified,3,5,0.6,1.616757350937602,0.0,0.0,0.6872463093892269,True,0.4316866099834442,25.901196599006653,False,-7,12,0.4080263714068174,loftr+magsac++,,0.5361839532852173,0.5665914221218962
synthetic_d045_x+7.77_y-12.42_s3,45.0,7.767790005723492,-12.418273920846806,3,60.0,2,7,verified,3,5,0.6,0.7498475490804529,0.0,0.0,0.6938003715480074,True,0.4134950637817383,24.809703826904297,False,-7,12,0.4080263714068174,loftr+magsac++,,0.5361839532852173,0.5665914221218962
synthetic_d045_x+7.77_y-12.42_s3,45.0,7.767790005723492,-12.418273920846806,3,60.0,3,0,weak,4,7,0.5714285714285714,1.6752141768057904,-7.0,-2.0,0.7333643658237884,False,0.8044366240501404,48.26619744300842,False,-7,12,0.4080263714068174,loftr+magsac++,,0.5361839532852173,0.5665914221218962
synthetic_d045_x+7.77_y-12.42_s3,45.0,7.767790005723492,-12.418273920846806,3,60.0,3,1,verified,4,7,0.5714285714285714,0.5657163759436378,0.0,0.0,0.710910374899133,True,0.6518888473510742,39.11333084106445,False,-7,12,0.4080263714068174,loftr+magsac++,,0.5361839532852173,0.5665914221218962
synthetic_d045_x+7.77_y-12.42_s3,45.0,7.767790005723492,-12.418273920846806,3,60.0,3,2,weak,1,5,0.2,1.6352477991918988,0.0,0.0,0.7074610184504406,True,0.5304381251335144,31.826287508010864,False,-7,12,0.4080263714068174,loftr+magsac++,,0.5361839532852173,0.5665914221218962
synthetic_d045_x+7.77_y-12.42_s3,45.0,7.767790005723492,-12.418273920846806,3,60.0,3,3,weak,2,3,0.6666666666666666,2.510854528077186,0.0,0.0,0.62642756814855,True,0.4441935122013092,26.651610732078552,False,-7,12,0.4080263714068174,loftr+magsac++,,0.5361839532852173,0.5665914221218962
synthetic_d045_x+7.77_y-12.42_s3,45.0,7.767790005723492,-12.418273920846806,3,60.0,3,4,verified,5,8,0.625,1.4449354649755732,0.0,0.0,0.5896642623572742,True,0.39366573095321655,23.619943857192993,False,-7,12,0.4080263714068174,loftr+magsac++,,0.5361839532852173,0.5665914221218962
synthetic_d045_x+7.77_y-12.42_s3,45.0,7.767790005723492,-12.418273920846806,3,60.0,3,5,verified,4,6,0.6666666666666666,1.4867941975640329,0.0,0.0,0.8172732572585744,True,0.3741048574447632,22.44629144668579,False,-7,12,0.4080263714068174,loftr+magsac++,,0.5361839532852173,0.5665914221218962
synthetic_d045_x+7.77_y-12.42_s3,45.0,7.767790005723492,-12.418273920846806,3,60.0,3,6,verified,12,16,0.75,1.2842519860230794,0.0,0.0,0.6411006656311511,True,0.3738085627555847,22.428513765335083,False,-7,12,0.4080263714068174,loftr+magsac++,,0.5361839532852173,0.5665914221218962
synthetic_d045_x+7.77_y-12.42_s3,45.0,7.767790005723492,-12.418273920846806,3,60.0,3,7,verified,8,9,0.8888888888888888,1.1031853996884684,0.0,0.0,0.6993155181523127,True,0.3802624046802521,22.815744280815125,False,-7,12,0.4080263714068174,loftr+magsac++,,0.5361839532852173,0.5665914221218962
synthetic_d045_x+7.77_y-12.42_s3,45.0,7.767790005723492,-12.418273920846806,3,60.0,4,0,weak,2,2,1.0,2.119699693553904,0.0,0.0,0.28229709710724676,False,0.6521636843681335,39.12982106208801,False,-7,12,0.4080263714068174,loftr+magsac++,,0.5361839532852173,0.5665914221218962
synthetic_d045_x+7.77_y-12.42_s3,45.0,7.767790005723492,-12.418273920846806,3,60.0,4,1,weak,3,8,0.375,2.5797001851938703,0.0,0.0,0.7133610380690896,True,0.501278281211853,30.07669687271118,False,-7,12,0.4080263714068174,loftr+magsac++,,0.5361839532852173,0.5665914221218962
synthetic_d045_x+7.77_y-12.42_s3,45.0,7.767790005723492,-12.418273920846806,3,60.0,4,2,weak,2,4,0.5,2.336247373451349,0.0,0.0,0.7498396787445298,True,0.386707067489624,23.20242404937744,False,-7,12,0.4080263714068174,loftr+magsac++,,0.5361839532852173,0.5665914221218962
synthetic_d045_x+7.77_y-12.42_s3,45.0,7.767790005723492,-12.418273920846806,3,60.0,4,3,weak,2,5,0.4,2.5335328192118958,0.0,0.0,0.788131982890017,True,0.31840237975120544,19.104142785072327,False,-7,12,0.4080263714068174,loftr+magsac++,,0.5361839532852173,0.5665914221218962
synthetic_d045_x+7.77_y-12.42_s3,45.0,7.767790005723492,-12.418273920846806,3,60.0,4,4,verified,5,7,0.7142857142857143,0.9266760990318323,0.0,-1.0,0.6627287908598647,True,0.2989918887615204,17.939513325691223,False,-7,12,0.4080263714068174,loftr+magsac++,,0.5361839532852173,0.5665914221218962
synthetic_d045_x+7.77_y-12.42_s3,45.0,7.767790005723492,-12.418273920846806,3,60.0,4,5,weak,2,7,0.2857142857142857,2.608008898353006,0.0,0.0,0.8528373433292101,True,0.3154104948043823,18.92462968826294,False,-7,12,0.4080263714068174,loftr+magsac++,,0.5361839532852173,0.5665914221218962
synthetic_d045_x+7.77_y-12.42_s3,45.0,7.767790005723492,-12.418273920846806,3,60.0,4,6,verified,9,14,0.6428571428571429,1.4785286771785247,0.0,0.0,0.7293141593786161,True,0.34572988748550415,20.74379324913025,False,-7,12,0.4080263714068174,loftr+magsac++,,0.5361839532852173,0.5665914221218962
synthetic_d045_x+7.77_y-12.42_s3,45.0,7.767790005723492,-12.418273920846806,3,60.0,4,7,verified,16,18,0.8888888888888888,0.8550480107997069,0.0,0.0,0.7354495268928485,True,0.37434548139572144,22.460728883743286,False,-7,12,0.4080263714068174,loftr+magsac++,,0.5361839532852173,0.5665914221218962
synthetic_d045_x+7.77_y-12.42_s3,45.0,7.767790005723492,-12.418273920846806,3,60.0,5,0,verified,8,13,0.6153846153846154,0.9075406931752756,1.0,0.0,0.32385258880875095,True,0.5115985870361328,30.69591522216797,False,-7,12,0.4080263714068174,loftr+magsac++,,0.5361839532852173,0.5665914221218962
synthetic_d045_x+7.77_y-12.42_s3,45.0,7.767790005723492,-12.418273920846806,3,60.0,5,1,verified,6,12,0.5,1.201990097972995,0.0,0.0,0.6591346211577652,True,0.3589205741882324,21.535234451293945,False,-7,12,0.4080263714068174,loftr+magsac++,,0.5361839532852173,0.5665914221218962
synthetic_d045_x+7.77_y-12.42_s3,45.0,7.767790005723492,-12.418273920846806,3,60.0,5,2,weak,4,8,0.5,1.0475748137575864,0.0,21.0,0.4158340023175745,False,0.24987053871154785,14.992232322692871,False,-7,12,0.4080263714068174,loftr+magsac++,,0.5361839532852173,0.5665914221218962
synthetic_d045_x+7.77_y-12.42_s3,45.0,7.767790005723492,-12.418273920846806,3,60.0,5,3,weak,2,7,0.2857142857142857,1.8650042377012772,0.0,0.0,0.5731311924352576,True,0.21008378267288208,12.605026960372925,False,-7,12,0.4080263714068174,loftr+magsac++,,0.5361839532852173,0.5665914221218962
synthetic_d045_x+7.77_y-12.42_s3,45.0,7.767790005723492,-12.418273920846806,3,60.0,5,4,verified,9,15,0.6,1.1552020029287287,0.0,0.0,0.6553722147883215,True,0.23862436413764954,14.317461848258972,False,-7,12,0.4080263714068174,loftr+magsac++,,0.5361839532852173,0.5665914221218962
synthetic_d045_x+7.77_y-12.42_s3,45.0,7.767790005723492,-12.418273920846806,3,60.0,5,5,weak,2,8,0.25,1.3809425238500628,0.0,0.0,0.9130425133148042,True,0.29505065083503723,17.703039050102234,False,-7,12,0.4080263714068174,loftr+magsac++,,0.5361839532852173,0.5665914221218962
synthetic_d045_x+7.77_y-12.42_s3,45.0,7.767790005723492,-12.418273920846806,3,60.0,5,6,weak,1,3,0.3333333333333333,1.0908984379978899,0.0,0.0,0.7992501888970847,True,0.3503789007663727,21.02273404598236,False,-7,12,0.4080263714068174,loftr+magsac++,,0.5361839532852173,0.5665914221218962
synthetic_d045_x+7.77_y-12.42_s3,45.0,7.767790005723492,-12.418273920846806,3,60.0,5,7,verified,6,12,0.5,2.5633068290505396,0.0,0.0,0.6161356261324417,True,0.39368385076522827,23.621031045913696,False,-7,12,0.4080263714068174,loftr+magsac++,,0.5361839532852173,0.5665914221218962
synthetic_d045_x+7.77_y-12.42_s3,45.0,7.767790005723492,-12.418273920846806,3,60.0,6,0,weak,6,10,0.6,1.5869932973052654,-8.0,-6.0,0.6850954363886216,False,0.38902172446250916,23.34130346775055,False,-7,12,0.4080263714068174,loftr+magsac++,,0.5361839532852173,0.5665914221218962
synthetic_d045_x+7.77_y-12.42_s3,45.0,7.767790005723492,-12.418273920846806,3,60.0,6,1,verified,7,10,0.7,0.8261761358140105,0.0,0.0,0.9824442947558408,True,0.23010602593421936,13.806361556053162,False,-7,12,0.4080263714068174,loftr+magsac++,,0.5361839532852173,0.5665914221218962
synthetic_d045_x+7.77_y-12.42_s3,45.0,7.767790005723492,-12.418273920846806,3,60.0,6,2,weak,3,5,0.6,2.0294108200484224,0.0,8.0,0.6985812451593001,False,0.12558363378047943,7.535018026828766,False,-7,12,0.4080263714068174,loftr+magsac++,,0.5361839532852173,0.5665914221218962
synthetic_d045_x+7.77_y-12.42_s3,45.0,7.767790005723492,-12.418273920846806,3,60.0,6,3,weak,2,7,0.2857142857142857,1.2504481018453923,0.0,0.0,0.8555706403830423,True,0.14723685383796692,8.834211230278015,False,-7,12,0.4080263714068174,loftr+magsac++,,0.5361839532852173,0.5665914221218962
synthetic_d045_x+7.77_y-12.42_s3,45.0,7.767790005723492,-12.418273920846806,3,60.0,6,4,verified,8,11,0.7272727272727273,0.6288214900297173,0.0,2.0,0.41567633498917267,True,0.23258864879608154,13.955318927764893,False,-7,12,0.4080263714068174,loftr+magsac++,,0.5361839532852173,0.5665914221218962
synthetic_d045_x+7.77_y-12.42_s3,45.0,7.767790005723492,-12.418273920846806,3,60.0,6,5,verified,3,6,0.5,1.3109722530824635,-1.0,-1.0,0.5979227211731745,True,0.31549131870269775,18.929479122161865,False,-7,12,0.4080263714068174,loftr+magsac++,,0.5361839532852173,0.5665914221218962
synthetic_d045_x+7.77_y-12.42_s3,45.0,7.767790005723492,-12.418273920846806,3,60.0,6,6,weak,1,1,1.0,2.7438588858108295,0.0,0.0,0.5543935306682107,True,0.3829882740974426,22.979296445846558,False,-7,12,0.4080263714068174,loftr+magsac++,,0.5361839532852173,0.5665914221218962
synthetic_d045_x+7.77_y-12.42_s3,45.0,7.767790005723492,-12.418273920846806,3,60.0,6,7,verified,7,12,0.5833333333333334,2.627063589007063,0.0,0.0,0.8372540847502261,True,0.4321664273738861,25.929985642433167,False,-7,12,0.4080263714068174,loftr+magsac++,,0.5361839532852173,0.5665914221218962
synthetic_d045_x+7.77_y-12.42_s3,45.0,7.767790005723492,-12.418273920846806,3,60.0,7,0,no_evidence,0,0,,,-7.0,13.0,0.7179032732085864,False,0.29888248443603516,17.93294906616211,False,-7,12,0.4080263714068174,loftr+magsac++,,0.5361839532852173,0.5665914221218962
synthetic_d045_x+7.77_y-12.42_s3,45.0,7.767790005723492,-12.418273920846806,3,60.0,7,1,weak,2,5,0.4,0.7967134489083922,0.0,-16.0,0.6237228432962888,False,0.1386624425649643,8.319746553897858,False,-7,12,0.4080263714068174,loftr+magsac++,,0.5361839532852173,0.5665914221218962
synthetic_d045_x+7.77_y-12.42_s3,45.0,7.767790005723492,-12.418273920846806,3,60.0,7,2,no_evidence,0,0,,,-2.0,-10.0,0.39237884272177803,False,0.07417450100183487,4.450470060110092,False,-7,12,0.4080263714068174,loftr+magsac++,,0.5361839532852173,0.5665914221218962
synthetic_d045_x+7.77_y-12.42_s3,45.0,7.767790005723492,-12.418273920846806,3,60.0,7,3,no_evidence,0,1,0.0,,0.0,0.0,0.5180005428852502,True,0.1741752028465271,10.450512170791626,False,-7,12,0.4080263714068174,loftr+magsac++,,0.5361839532852173,0.5665914221218962
synthetic_d045_x+7.77_y-12.42_s3,45.0,7.767790005723492,-12.418273920846806,3,60.0,7,4,verified,3,3,1.0,0.9388062234771597,0.0,0.0,0.5409452607854348,True,0.27849864959716797,16.709918975830078,False,-7,12,0.4080263714068174,loftr+magsac++,,0.5361839532852173,0.5665914221218962
synthetic_d045_x+7.77_y-12.42_s3,45.0,7.767790005723492,-12.418273920846806,3,60.0,7,5,no_evidence,0,2,0.0,,0.0,0.0,0.3802477421095328,True,0.3660547435283661,21.963284611701965,False,-7,12,0.4080263714068174,loftr+magsac++,,0.5361839532852173,0.5665914221218962
synthetic_d045_x+7.77_y-12.42_s3,45.0,7.767790005723492,-12.418273920846806,3,60.0,7,6,no_evidence,0,3,0.0,,0.0,-8.0,0.2800481646348014,False,0.43442440032958984,26.06546401977539,False,-7,12,0.4080263714068174,loftr+magsac++,,0.5361839532852173,0.5665914221218962
synthetic_d045_x+7.77_y-12.42_s3,45.0,7.767790005723492,-12.418273920846806,3,60.0,7,7,no_evidence,0,0,,,0.0,0.0,0.6649639338237955,True,0.48299968242645264,28.979980945587158,False,-7,12,0.4080263714068174,loftr+magsac++,,0.5361839532852173,0.5665914221218962
synthetic_d045_x+18.06_y-9.12_s4,45.0,18.056673266868412,-9.124069366227662,4,60.0,0,0,no_evidence,0,1,0.0,,0.0,0.0,0.390908639146455,True,2.7727649211883545,166.36589527130127,False,-17,-16,0.3706140014056676,loftr+magsac++,,0.8619214296340942,0.7327188940092166
synthetic_d045_x+18.06_y-9.12_s4,45.0,18.056673266868412,-9.124069366227662,4,60.0,0,1,no_evidence,0,2,0.0,,1.0,0.0,0.6633046980569962,True,2.244067430496216,134.64404582977295,False,-17,-16,0.3706140014056676,loftr+magsac++,,0.8619214296340942,0.7327188940092166
synthetic_d045_x+18.06_y-9.12_s4,45.0,18.056673266868412,-9.124069366227662,4,60.0,0,2,weak,1,6,0.16666666666666666,1.6023648743862102,0.0,0.0,0.7202073310870644,True,1.7766411304473877,106.59846782684326,False,-17,-16,0.3706140014056676,loftr+magsac++,,0.8619214296340942,0.7327188940092166
synthetic_d045_x+18.06_y-9.12_s4,45.0,18.056673266868412,-9.124069366227662,4,60.0,0,3,no_evidence,0,0,,,0.0,0.0,0.8472750863010595,True,1.3671211004257202,82.02726602554321,False,-17,-16,0.3706140014056676,loftr+magsac++,,0.8619214296340942,0.7327188940092166
synthetic_d045_x+18.06_y-9.12_s4,45.0,18.056673266868412,-9.124069366227662,4,60.0,0,4,no_evidence,0,5,0.0,,0.0,0.0,0.6104318995078161,True,1.007535696029663,60.452141761779785,False,-17,-16,0.3706140014056676,loftr+magsac++,,0.8619214296340942,0.7327188940092166
synthetic_d045_x+18.06_y-9.12_s4,45.0,18.056673266868412,-9.124069366227662,4,60.0,0,5,verified,6,6,1.0,0.6849927682733697,0.0,0.0,0.6422267777007984,True,0.6937910914421082,41.62746548652649,False,-17,-16,0.3706140014056676,loftr+magsac++,,0.8619214296340942,0.7327188940092166
synthetic_d045_x+18.06_y-9.12_s4,45.0,18.056673266868412,-9.124069366227662,4,60.0,0,6,verified,4,5,0.8,1.0138831958301389,0.0,0.0,0.6243419652222687,True,0.4267791509628296,25.606749057769775,False,-17,-16,0.3706140014056676,loftr+magsac++,,0.8619214296340942,0.7327188940092166
synthetic_d045_x+18.06_y-9.12_s4,45.0,18.056673266868412,-9.124069366227662,4,60.0,0,7,no_evidence,0,7,0.0,,0.0,0.0,0.6694402159259879,True,0.2684546411037445,16.10727846622467,False,-17,-16,0.3706140014056676,loftr+magsac++,,0.8619214296340942,0.7327188940092166
synthetic_d045_x+18.06_y-9.12_s4,45.0,18.056673266868412,-9.124069366227662,4,60.0,1,0,no_evidence,0,0,,,0.0,0.0,0.4371896945647582,True,2.236044406890869,134.16266441345215,False,-17,-16,0.3706140014056676,loftr+magsac++,,0.8619214296340942,0.7327188940092166
synthetic_d045_x+18.06_y-9.12_s4,45.0,18.056673266868412,-9.124069366227662,4,60.0,1,1,no_evidence,0,2,0.0,,1.0,0.0,0.41462676563581,True,1.750789999961853,105.04739999771118,False,-17,-16,0.3706140014056676,loftr+magsac++,,0.8619214296340942,0.7327188940092166
synthetic_d045_x+18.06_y-9.12_s4,45.0,18.056673266868412,-9.124069366227662,4,60.0,1,2,verified,5,6,0.8333333333333334,1.7007371211301205,0.0,0.0,0.8628523509025186,True,1.3279457092285156,79.67674255371094,False,-17,-16,0.3706140014056676,loftr+magsac++,,0.8619214296340942,0.7327188940092166
synthetic_d045_x+18.06_y-9.12_s4,45.0,18.056673266868412,-9.124069366227662,4,60.0,1,3,verified,8,15,0.5333333333333333,1.1460236926369272,0.0,0.0,0.9294725248769874,True,0.9654918313026428,57.92950987815857,False,-17,-16,0.3706140014056676,loftr+magsac++,,0.8619214296340942,0.7327188940092166
synthetic_d045_x+18.06_y-9.12_s4,45.0,18.056673266868412,-9.124069366227662,4,60.0,1,4,verified,13,17,0.7647058823529411,1.1212783265484436,0.0,0.0,0.7542937326183523,True,0.6589787602424622,39.53872561454773,False,-17,-16,0.3706140014056676,loftr+magsac++,,0.8619214296340942,0.7327188940092166
synthetic_d045_x+18.06_y-9.12_s4,45.0,18.056673266868412,-9.124069366227662,4,60.0,1,5,verified,21,22,0.9545454545454546,1.2395925887173085,0.0,0.0,0.6983235370464145,True,0.4184316098690033,25.105896592140198,False,-17,-16,0.3706140014056676,loftr+magsac++,,0.8619214296340942,0.7327188940092166
synthetic_d045_x+18.06_y-9.12_s4,45.0,18.056673266868412,-9.124069366227662,4,60.0,1,6,verified,9,13,0.6923076923076923,0.5060706797900203,0.0,0.0,0.5986818618504477,True,0.2991948425769806,17.951690554618835,False,-17,-16,0.3706140014056676,loftr+magsac++,,0.8619214296340942,0.7327188940092166
synthetic_d045_x+18.06_y-9.12_s4,45.0,18.056673266868412,-9.124069366227662,4,60.0,1,7,verified,6,8,0.75,1.4079305616106663,0.0,0.0,0.550327945802594,True,0.38856184482574463,23.313710689544678,False,-17,-16,0.3706140014056676,loftr+magsac++,,0.8619214296340942,0.7327188940092166
synthetic_d045_x+18.06_y-9.12_s4,45.0,18.056673266868412,-9.124069366227662,4,60.0,2,0,no_evidence,0,0,,,-17.0,-12.0,0.5313413842991075,False,1.7806719541549683,106.8403172492981,False,-17,-16,0.3706140014056676,loftr+magsac++,,0.8619214296340942,0.7327188940092166
synthetic_d045_x+18.06_y-9.12_s4,45.0,18.056673266868412,-9.124069366227662,4,60.0,2,1,weak,1,2,0.5,2.0914382409530896,0.0,-1.0,0.7922062737228045,True,1.3437418937683105,80.62451362609863,False,-17,-16,0.3706140014056676,loftr+magsac++,,0.8619214296340942,0.7327188940092166
synthetic_d045_x+18.06_y-9.12_s4,45.0,18.056673266868412,-9.124069366227662,4,60.0,2,2,weak,1,2,0.5,0.9089382187217196,0.0,16.0,0.5207798755695717,False,0.9725420475006104,58.35252285003662,False,-17,-16,0.3706140014056676,loftr+magsac++,,0.8619214296340942,0.7327188940092166
synthetic_d045_x+18.06_y-9.12_s4,45.0,18.056673266868412,-9.124069366227662,4,60.0,2,3,verified,11,14,0.7857142857142857,0.7542075169566886,0.0,0.0,0.8762233913447245,True,0.6694343090057373,40.16605854034424,False,-17,-16,0.3706140014056676,loftr+magsac++,,0.8619214296340942,0.7327188940092166
synthetic_d045_x+18.06_y-9.12_s4,45.0,18.056673266868412,-9.124069366227662,4,60.0,2,4,verified,6,8,0.75,0.7652849121296581,0.0,0.0,0.8838344942983529,True,0.4432595372200012,26.595572233200073,False,-17,-16,0.3706140014056676,loftr+magsac++,,0.8619214296340942,0.7327188940092166
synthetic_d045_x+18.06_y-9.12_s4,45.0,18.056673266868412,-9.124069366227662,4,60.0,2,5,verified,8,9,0.8888888888888888,1.0995508066629778,0.0,0.0,0.7493393190079156,True,0.3395572602748871,20.373435616493225,False,-17,-16,0.3706140014056676,loftr+magsac++,,0.8619214296340942,0.7327188940092166
synthetic_d045_x+18.06_y-9.12_s4,45.0,18.056673266868412,-9.124069366227662,4,60.0,2,6,verified,12,12,1.0,0.7199072992069866,0.0,0.0,0.6799945972291881,True,0.39970433712005615,23.98226022720337,False,-17,-16,0.3706140014056676,loftr+magsac++,,0.8619214296340942,0.7327188940092166
synthetic_d045_x+18.06_y-9.12_s4,45.0,18.056673266868412,-9.124069366227662,4,60.0,2,7,verified,3,4,0.75,2.7077533990694183,0.0,-1.0,0.583603536698076,True,0.5677865147590637,34.06719088554382,False,-17,-16,0.3706140014056676,loftr+magsac++,,0.8619214296340942,0.7327188940092166
synthetic_d045_x+18.06_y-9.12_s4,45.0,18.056673266868412,-9.124069366227662,4,60.0,3,0,weak,5,5,1.0,1.3771093368746765,-17.0,-8.0,0.7187177807168723,False,1.4080384969711304,84.48230981826782,False,-17,-16,0.3706140014056676,loftr+magsac++,,0.8619214296340942,0.7327188940092166
synthetic_d045_x+18.06_y-9.12_s4,45.0,18.056673266868412,-9.124069366227662,4,60.0,3,1,verified,3,4,0.75,0.9651145080442368,0.0,0.0,0.7060741367502626,True,1.0254170894622803,61.525025367736816,False,-17,-16,0.3706140014056676,loftr+magsac++,,0.8619214296340942,0.7327188940092166
synthetic_d045_x+18.06_y-9.12_s4,45.0,18.056673266868412,-9.124069366227662,4,60.0,3,2,weak,2,4,0.5,1.6933751109681698,0.0,0.0,0.7003100018239152,True,0.7158796191215515,42.95277714729309,False,-17,-16,0.3706140014056676,loftr+magsac++,,0.8619214296340942,0.7327188940092166
synthetic_d045_x+18.06_y-9.12_s4,45.0,18.056673266868412,-9.124069366227662,4,60.0,3,3,weak,1,3,0.3333333333333333,0.4463309935064098,0.0,0.0,0.6248164869843404,True,0.49129071831703186,29.47744309902191,False,-17,-16,0.3706140014056676,loftr+magsac++,,0.8619214296340942,0.7327188940092166
synthetic_d045_x+18.06_y-9.12_s4,45.0,18.056673266868412,-9.124069366227662,4,60.0,3,4,verified,5,7,0.7142857142857143,1.1175571770773136,0.0,0.0,0.5749871102175053,True,0.3779962658882141,22.679775953292847,False,-17,-16,0.3706140014056676,loftr+magsac++,,0.8619214296340942,0.7327188940092166
synthetic_d045_x+18.06_y-9.12_s4,45.0,18.056673266868412,-9.124069366227662,4,60.0,3,5,no_evidence,0,1,0.0,,0.0,0.0,0.8140574806278255,True,0.40067964792251587,24.040778875350952,False,-17,-16,0.3706140014056676,loftr+magsac++,,0.8619214296340942,0.7327188940092166
synthetic_d045_x+18.06_y-9.12_s4,45.0,18.056673266868412,-9.124069366227662,4,60.0,3,6,verified,11,12,0.9166666666666666,1.2036755377432165,0.0,0.0,0.6368311443598188,True,0.5191649794578552,31.149898767471313,False,-17,-16,0.3706140014056676,loftr+magsac++,,0.8619214296340942,0.7327188940092166
synthetic_d045_x+18.06_y-9.12_s4,45.0,18.056673266868412,-9.124069366227662,4,60.0,3,7,verified,6,8,0.75,1.068495436855668,0.0,-1.0,0.5479347742091465,True,0.6938629746437073,41.63177847862244,False,-17,-16,0.3706140014056676,loftr+magsac++,,0.8619214296340942,0.7327188940092166
synthetic_d045_x+18.06_y-9.12_s4,45.0,18.056673266868412,-9.124069366227662,4,60.0,4,0,weak,2,3,0.6666666666666666,0.7234964250831103,0.0,0.0,0.2697678747177432,False,1.1079436540603638,66.47661924362183,False,-17,-16,0.3706140014056676,loftr+magsac++,,0.8619214296340942,0.7327188940092166
synthetic_d045_x+18.06_y-9.12_s4,45.0,18.056673266868412,-9.124069366227662,4,60.0,4,1,verified,9,11,0.8181818181818182,1.128518939014415,0.0,0.0,0.7020290655103806,True,0.7853667140007019,47.122002840042114,False,-17,-16,0.3706140014056676,loftr+magsac++,,0.8619214296340942,0.7327188940092166
synthetic_d045_x+18.06_y-9.12_s4,45.0,18.056673266868412,-9.124069366227662,4,60.0,4,2,no_evidence,0,5,0.0,,1.0,0.0,0.7415496317414847,True,0.5467814207077026,32.80688524246216,False,-17,-16,0.3706140014056676,loftr+magsac++,,0.8619214296340942,0.7327188940092166
synthetic_d045_x+18.06_y-9.12_s4,45.0,18.056673266868412,-9.124069366227662,4,60.0,4,3,verified,3,3,1.0,0.3728720476259101,0.0,0.0,0.7937712258305326,True,0.41091588139533997,24.654952883720398,False,-17,-16,0.3706140014056676,loftr+magsac++,,0.8619214296340942,0.7327188940092166
synthetic_d045_x+18.06_y-9.12_s4,45.0,18.056673266868412,-9.124069366227662,4,60.0,4,4,verified,8,9,0.8888888888888888,0.9160748381928152,0.0,-1.0,0.6589002160332117,True,0.3895450234413147,23.372701406478882,False,-17,-16,0.3706140014056676,loftr+magsac++,,0.8619214296340942,0.7327188940092166
synthetic_d045_x+18.06_y-9.12_s4,45.0,18.056673266868412,-9.124069366227662,4,60.0,4,5,weak,1,7,0.14285714285714285,1.2503314924461664,0.0,0.0,0.8539038929729827,True,0.45850375294685364,27.51022517681122,False,-17,-16,0.3706140014056676,loftr+magsac++,,0.8619214296340942,0.7327188940092166
synthetic_d045_x+18.06_y-9.12_s4,45.0,18.056673266868412,-9.124069366227662,4,60.0,4,6,verified,20,25,0.8,0.7769577486757415,0.0,0.0,0.7180659348984216,True,0.5824178457260132,34.94507074356079,False,-17,-16,0.3706140014056676,loftr+magsac++,,0.8619214296340942,0.7327188940092166
synthetic_d045_x+18.06_y-9.12_s4,45.0,18.056673266868412,-9.124069366227662,4,60.0,4,7,verified,12,13,0.9230769230769231,0.8413394378334565,0.0,-1.0,0.600706121654292,True,0.7545799612998962,45.274797677993774,False,-17,-16,0.3706140014056676,loftr+magsac++,,0.8619214296340942,0.7327188940092166
synthetic_d045_x+18.06_y-9.12_s4,45.0,18.056673266868412,-9.124069366227662,4,60.0,5,0,verified,12,12,1.0,0.7765338816810945,2.0,0.0,0.35539634109358054,True,0.8637338876724243,51.82403326034546,False,-17,-16,0.3706140014056676,loftr+magsac++,,0.8619214296340942,0.7327188940092166
synthetic_d045_x+18.06_y-9.12_s4,45.0,18.056673266868412,-9.124069366227662,4,60.0,5,1,verified,12,17,0.7058823529411765,1.3992340981628335,0.0,0.0,0.6304584753192166,True,0.602851927280426,36.17111563682556,False,-17,-16,0.3706140014056676,loftr+magsac++,,0.8619214296340942,0.7327188940092166
synthetic_d045_x+18.06_y-9.12_s4,45.0,18.056673266868412,-9.124069366227662,4,60.0,5,2,no_evidence,0,1,0.0,,0.0,21.0,0.41530926704669396,False,0.43411344289779663,26.046806573867798,False,-17,-16,0.3706140014056676,loftr+magsac++,,0.8619214296340942,0.7327188940092166
synthetic_d045_x+18.06_y-9.12_s4,45.0,18.056673266868412,-9.124069366227662,4,60.0,5,3,weak,2,2,1.0,1.329912383408407,0.0,-1.0,0.5759163583373395,True,0.3673391044139862,22.040346264839172,False,-17,-16,0.3706140014056676,loftr+magsac++,,0.8619214296340942,0.7327188940092166
synthetic_d045_x+18.06_y-9.12_s4,45.0,18.056673266868412,-9.124069366227662,4,60.0,5,4,verified,16,17,0.9411764705882353,1.0602628969772132,0.0,0.0,0.6509795841568263,True,0.38528597354888916,23.11715841293335,False,-17,-16,0.3706140014056676,loftr+magsac++,,0.8619214296340942,0.7327188940092166
synthetic_d045_x+18.06_y-9.12_s4,45.0,18.056673266868412,-9.124069366227662,4,60.0,5,5,verified,16,17,0.9411764705882353,0.49880154198973037,0.0,0.0,0.90812484169672,True,0.4589288532733917,27.535731196403503,False,-17,-16,0.3706140014056676,loftr+magsac++,,0.8619214296340942,0.7327188940092166
synthetic_d045_x+18.06_y-9.12_s4,45.0,18.056673266868412,-9.124069366227662,4,60.0,5,6,verified,6,10,0.6,1.2708292077891332,0.0,0.0,0.7963957679275905,True,0.5794957876205444,34.769747257232666,False,-17,-16,0.3706140014056676,loftr+magsac++,,0.8619214296340942,0.7327188940092166
synthetic_d045_x+18.06_y-9.12_s4,45.0,18.056673266868412,-9.124069366227662,4,60.0,5,7,verified,13,14,0.9285714285714286,1.1272892909236303,1.0,0.0,0.40809915476916514,True,0.757526159286499,45.45156955718994,False,-17,-16,0.3706140014056676,loftr+magsac++,,0.8619214296340942,0.7327188940092166
synthetic_d045_x+18.06_y-9.12_s4,45.0,18.056673266868412,-9.124069366227662,4,60.0,6,0,weak,4,4,1.0,0.5922297901685161,-18.0,-12.0,0.7291812179720762,False,0.6526815891265869,39.160895347595215,False,-17,-16,0.3706140014056676,loftr+magsac++,,0.8619214296340942,0.7327188940092166
synthetic_d045_x+18.06_y-9.12_s4,45.0,18.056673266868412,-9.124069366227662,4,60.0,6,1,verified,8,12,0.6666666666666666,0.6489391860726363,0.0,0.0,0.980606148460271,True,0.4478103816509247,26.86862289905548,False,-17,-16,0.3706140014056676,loftr+magsac++,,0.8619214296340942,0.7327188940092166
synthetic_d045_x+18.06_y-9.12_s4,45.0,18.056673266868412,-9.124069366227662,4,60.0,6,2,no_evidence,0,0,,,0.0,9.0,0.6949754511576537,False,0.3334532678127289,20.007196068763733,False,-17,-16,0.3706140014056676,loftr+magsac++,,0.8619214296340942,0.7327188940092166
synthetic_d045_x+18.06_y-9.12_s4,45.0,18.056673266868412,-9.124069366227662,4,60.0,6,3,weak,2,3,0.6666666666666666,1.3647940575120403,0.0,0.0,0.8498072607232864,True,0.3013816475868225,18.08289885520935,False,-17,-16,0.3706140014056676,loftr+magsac++,,0.8619214296340942,0.7327188940092166
synthetic_d045_x+18.06_y-9.12_s4,45.0,18.056673266868412,-9.124069366227662,4,60.0,6,4,verified,5,8,0.625,0.6327833535773087,0.0,1.0,0.4104538513983594,True,0.3240163326263428,19.440979957580566,False,-17,-16,0.3706140014056676,loftr+magsac++,,0.8619214296340942,0.7327188940092166
synthetic_d045_x+18.06_y-9.12_s4,45.0,18.056673266868412,-9.124069366227662,4,60.0,6,5,verified,7,8,0.875,0.6525490476662968,0.0,-1.0,0.5916349977337749,True,0.39289987087249756,23.573992252349854,False,-17,-16,0.3706140014056676,loftr+magsac++,,0.8619214296340942,0.7327188940092166
synthetic_d045_x+18.06_y-9.12_s4,45.0,18.056673266868412,-9.124069366227662,4,60.0,6,6,verified,6,6,1.0,1.7282198366499077,0.0,0.0,0.546324760627197,True,0.5220420956611633,31.3225257396698,False,-17,-16,0.3706140014056676,loftr+magsac++,,0.8619214296340942,0.7327188940092166
synthetic_d045_x+18.06_y-9.12_s4,45.0,18.056673266868412,-9.124069366227662,4,60.0,6,7,weak,2,5,0.4,0.7216151392211761,0.0,0.0,0.6157129879537617,True,0.7268764972686768,43.612589836120605,False,-17,-16,0.3706140014056676,loftr+magsac++,,0.8619214296340942,0.7327188940092166
synthetic_d045_x+18.06_y-9.12_s4,45.0,18.056673266868412,-9.124069366227662,4,60.0,7,0,no_evidence,0,0,,,-17.0,10.0,0.7667053972759335,False,0.4499742090702057,26.99845254421234,False,-17,-16,0.3706140014056676,loftr+magsac++,,0.8619214296340942,0.7327188940092166
synthetic_d045_x+18.06_y-9.12_s4,45.0,18.056673266868412,-9.124069366227662,4,60.0,7,1,weak,2,3,0.6666666666666666,1.080196375244958,0.0,-18.0,0.6706352931368191,False,0.2901507616043091,17.409045696258545,False,-17,-16,0.3706140014056676,loftr+magsac++,,0.8619214296340942,0.7327188940092166
synthetic_d045_x+18.06_y-9.12_s4,45.0,18.056673266868412,-9.124069366227662,4,60.0,7,2,no_evidence,0,1,0.0,,-2.0,-10.0,0.364542403145474,False,0.21003884077072144,12.602330446243286,False,-17,-16,0.3706140014056676,loftr+magsac++,,0.8619214296340942,0.7327188940092166
synthetic_d045_x+18.06_y-9.12_s4,45.0,18.056673266868412,-9.124069366227662,4,60.0,7,3,no_evidence,0,2,0.0,,0.0,0.0,0.5047871205068954,True,0.1848781704902649,11.092690229415894,False,-17,-16,0.3706140014056676,loftr+magsac++,,0.8619214296340942,0.7327188940092166
synthetic_d045_x+18.06_y-9.12_s4,45.0,18.056673266868412,-9.124069366227662,4,60.0,7,4,verified,3,4,0.75,0.7446111864576838,0.0,0.0,0.5418647123631406,True,0.19898058474063873,11.938835084438324,False,-17,-16,0.3706140014056676,loftr+magsac++,,0.8619214296340942,0.7327188940092166
synthetic_d045_x+18.06_y-9.12_s4,45.0,18.056673266868412,-9.124069366227662,4,60.0,7,5,no_evidence,0,1,0.0,,0.0,0.0,0.34035850376855825,True,0.2831060290336609,16.986361742019653,False,-17,-16,0.3706140014056676,loftr+magsac++,,0.8619214296340942,0.7327188940092166
synthetic_d045_x+18.06_y-9.12_s4,45.0,18.056673266868412,-9.124069366227662,4,60.0,7,6,weak,1,1,1.0,0.5338880878038089,0.0,-12.0,0.28044632170473066,False,0.4563791751861572,27.382750511169434,False,-17,-16,0.3706140014056676,loftr+magsac++,,0.8619214296340942,0.7327188940092166
synthetic_d045_x+18.06_y-9.12_s4,45.0,18.056673266868412,-9.124069366227662,4,60.0,7,7,no_evidence,0,0,,,0.0,0.0,0.6497614165938523,True,0.7155386209487915,42.93231725692749,False,-17,-16,0.3706140014056676,loftr+magsac++,,0.8619214296340942,0.7327188940092166
